-- MySQL dump 10.13  Distrib 8.0.45, for Linux (x86_64)
--
-- Host: localhost    Database: management
-- ------------------------------------------------------
-- Server version	8.0.45-0ubuntu0.22.04.1

/*!40101 SET @OLD_CHARACTER_SET_CLIENT=@@CHARACTER_SET_CLIENT */;
/*!40101 SET @OLD_CHARACTER_SET_RESULTS=@@CHARACTER_SET_RESULTS */;
/*!40101 SET @OLD_COLLATION_CONNECTION=@@COLLATION_CONNECTION */;
/*!50503 SET NAMES utf8mb4 */;
/*!40103 SET @OLD_TIME_ZONE=@@TIME_ZONE */;
/*!40103 SET TIME_ZONE='+00:00' */;
/*!40014 SET @OLD_UNIQUE_CHECKS=@@UNIQUE_CHECKS, UNIQUE_CHECKS=0 */;
/*!40014 SET @OLD_FOREIGN_KEY_CHECKS=@@FOREIGN_KEY_CHECKS, FOREIGN_KEY_CHECKS=0 */;
/*!40101 SET @OLD_SQL_MODE=@@SQL_MODE, SQL_MODE='NO_AUTO_VALUE_ON_ZERO' */;
/*!40111 SET @OLD_SQL_NOTES=@@SQL_NOTES, SQL_NOTES=0 */;
SET @MYSQLDUMP_TEMP_LOG_BIN = @@SESSION.SQL_LOG_BIN;
SET @@SESSION.SQL_LOG_BIN= 0;

--
-- GTID state at the beginning of the backup 
--

SET @@GLOBAL.GTID_PURGED=/*!80000 '+'*/ '40d1cd23-33ed-11f1-880d-005056b00ffc:1-863964';

--
-- Table structure for table `DATABASECHANGELOG`
--

DROP TABLE IF EXISTS `DATABASECHANGELOG`;
/*!40101 SET @saved_cs_client     = @@character_set_client */;
/*!50503 SET character_set_client = utf8mb4 */;
CREATE TABLE `DATABASECHANGELOG` (
  `ID` varchar(255) NOT NULL,
  `AUTHOR` varchar(255) NOT NULL,
  `FILENAME` varchar(255) NOT NULL,
  `DATEEXECUTED` datetime NOT NULL,
  `ORDEREXECUTED` int NOT NULL,
  `EXECTYPE` varchar(10) NOT NULL,
  `MD5SUM` varchar(35) DEFAULT NULL,
  `DESCRIPTION` varchar(255) DEFAULT NULL,
  `COMMENTS` varchar(255) DEFAULT NULL,
  `TAG` varchar(255) DEFAULT NULL,
  `LIQUIBASE` varchar(20) DEFAULT NULL,
  `CONTEXTS` varchar(255) DEFAULT NULL,
  `LABELS` varchar(255) DEFAULT NULL,
  `DEPLOYMENT_ID` varchar(10) DEFAULT NULL
) ENGINE=InnoDB DEFAULT CHARSET=utf8mb4 COLLATE=utf8mb4_0900_ai_ci;
/*!40101 SET character_set_client = @saved_cs_client */;

--
-- Dumping data for table `DATABASECHANGELOG`
--

LOCK TABLES `DATABASECHANGELOG` WRITE;
/*!40000 ALTER TABLE `DATABASECHANGELOG` DISABLE KEYS */;
/*!40000 ALTER TABLE `DATABASECHANGELOG` ENABLE KEYS */;
UNLOCK TABLES;

--
-- Table structure for table `DATABASECHANGELOGLOCK`
--

DROP TABLE IF EXISTS `DATABASECHANGELOGLOCK`;
/*!40101 SET @saved_cs_client     = @@character_set_client */;
/*!50503 SET character_set_client = utf8mb4 */;
CREATE TABLE `DATABASECHANGELOGLOCK` (
  `ID` int NOT NULL,
  `LOCKED` bit(1) NOT NULL,
  `LOCKGRANTED` datetime DEFAULT NULL,
  `LOCKEDBY` varchar(255) DEFAULT NULL,
  PRIMARY KEY (`ID`)
) ENGINE=InnoDB DEFAULT CHARSET=utf8mb4 COLLATE=utf8mb4_0900_ai_ci;
/*!40101 SET character_set_client = @saved_cs_client */;

--
-- Dumping data for table `DATABASECHANGELOGLOCK`
--

LOCK TABLES `DATABASECHANGELOGLOCK` WRITE;
/*!40000 ALTER TABLE `DATABASECHANGELOGLOCK` DISABLE KEYS */;
INSERT INTO `DATABASECHANGELOGLOCK` VALUES (1,_binary '\0',NULL,NULL);
/*!40000 ALTER TABLE `DATABASECHANGELOGLOCK` ENABLE KEYS */;
UNLOCK TABLES;

--
-- Table structure for table `databasechangelog`
--

DROP TABLE IF EXISTS `databasechangelog`;
/*!40101 SET @saved_cs_client     = @@character_set_client */;
/*!50503 SET character_set_client = utf8mb4 */;
CREATE TABLE `databasechangelog` (
  `ID` varchar(255) NOT NULL,
  `AUTHOR` varchar(255) NOT NULL,
  `FILENAME` varchar(255) NOT NULL,
  `DATEEXECUTED` datetime NOT NULL,
  `ORDEREXECUTED` int NOT NULL,
  `EXECTYPE` varchar(10) NOT NULL,
  `MD5SUM` varchar(35) DEFAULT NULL,
  `DESCRIPTION` varchar(255) DEFAULT NULL,
  `COMMENTS` varchar(255) DEFAULT NULL,
  `TAG` varchar(255) DEFAULT NULL,
  `LIQUIBASE` varchar(20) DEFAULT NULL,
  `CONTEXTS` varchar(255) DEFAULT NULL,
  `LABELS` varchar(255) DEFAULT NULL,
  `DEPLOYMENT_ID` varchar(10) DEFAULT NULL
) ENGINE=InnoDB DEFAULT CHARSET=utf8mb4 COLLATE=utf8mb4_0900_ai_ci;
/*!40101 SET character_set_client = @saved_cs_client */;

--
-- Dumping data for table `databasechangelog`
--

LOCK TABLES `databasechangelog` WRITE;
/*!40000 ALTER TABLE `databasechangelog` DISABLE KEYS */;
INSERT INTO `databasechangelog` VALUES ('00000000000001','jhipster','config/liquibase/changelog/00000000000000_initial_schema.xml','2023-04-05 08:37:42',1,'EXECUTED','8:1a5f32270e664dee65256c5fff5c0e33','createTable tableName=jhi_user; createTable tableName=jhi_authority; createTable tableName=jhi_user_authority; addPrimaryKey tableName=jhi_user_authority; addForeignKeyConstraint baseTableName=jhi_user_authority, constraintName=fk_authority_name, ...','',NULL,'4.15.0',NULL,NULL,'0683793121'),('20230319090243-1','jhipster','config/liquibase/changelog/20230319090243_added_entity_SysUser.xml','2023-04-05 08:37:48',2,'EXECUTED','8:8c95395b6909b5e04ef19af4307d69ad','createTable tableName=sys_user; dropDefaultValue columnName=reset_date, tableName=sys_user; dropDefaultValue columnName=last_change_password, tableName=sys_user; dropDefaultValue columnName=created_date, tableName=sys_user; dropDefaultValue column...','',NULL,'4.15.0',NULL,NULL,'0683793121'),('20230319090243-1-relations','jhipster','config/liquibase/changelog/20230319090243_added_entity_SysUser.xml','2023-04-05 08:37:56',3,'EXECUTED','8:aadbe0471871429966457946ec1fe593','createTable tableName=rel_sys_user__role; addPrimaryKey tableName=rel_sys_user__role','',NULL,'4.15.0',NULL,NULL,'0683793121'),('20230319090243-1-data','jhipster','config/liquibase/changelog/20230319090243_added_entity_SysUser.xml','2023-04-05 08:37:57',4,'EXECUTED','8:3d1cac1b78db9834a6c2adc8c09276f1','loadData tableName=sys_user','',NULL,'4.15.0','faker',NULL,'0683793121'),('20230319090244-1','jhipster','config/liquibase/changelog/20230319090244_added_entity_Org.xml','2023-04-05 08:37:59',5,'EXECUTED','8:596472b1aada5acd561f9527c5e6bd41','createTable tableName=org','',NULL,'4.15.0',NULL,NULL,'0683793121'),('20230319090244-1-relations','jhipster','config/liquibase/changelog/20230319090244_added_entity_Org.xml','2023-04-05 08:38:05',6,'EXECUTED','8:fe12ee16b0f1aa73e053144303a00df6','createTable tableName=rel_org__child; addPrimaryKey tableName=rel_org__child','',NULL,'4.15.0',NULL,NULL,'0683793121'),('20230319090244-1-data','jhipster','config/liquibase/changelog/20230319090244_added_entity_Org.xml','2023-04-05 08:38:07',7,'EXECUTED','8:ca8070436e5b37422396dc0a5e9a3edf','loadData tableName=org','',NULL,'4.15.0','faker',NULL,'0683793121'),('20230319090245-1','jhipster','config/liquibase/changelog/20230319090245_added_entity_Role.xml','2023-04-05 08:38:09',8,'EXECUTED','8:c8f049ac66e8ad0c7d4b30bd2a73e800','createTable tableName=role','',NULL,'4.15.0',NULL,NULL,'0683793121'),('20230319090245-1-data','jhipster','config/liquibase/changelog/20230319090245_added_entity_Role.xml','2023-04-05 08:38:10',9,'EXECUTED','8:81ea686db551b71ade591f529deaf8f1','loadData tableName=role','',NULL,'4.15.0','faker',NULL,'0683793121'),('20230319090246-1','jhipster','config/liquibase/changelog/20230319090246_added_entity_App.xml','2023-04-05 08:38:14',10,'EXECUTED','8:ba6257262314ef27a52682e5c117d2b8','createTable tableName=app','',NULL,'4.15.0',NULL,NULL,'0683793121'),('20230319090246-1-data','jhipster','config/liquibase/changelog/20230319090246_added_entity_App.xml','2023-04-05 08:38:14',11,'EXECUTED','8:338f065f9ef243c4679239531cff28ae','loadData tableName=app','',NULL,'4.15.0','faker',NULL,'0683793121'),('20230319090243-2','jhipster','config/liquibase/changelog/20230319090243_added_entity_constraints_SysUser.xml','2023-04-05 08:38:28',12,'EXECUTED','8:428401f09066824fdf55d0cd104032eb','addForeignKeyConstraint baseTableName=sys_user, constraintName=fk_sys_user__org_id, referencedTableName=org; addForeignKeyConstraint baseTableName=rel_sys_user__role, constraintName=fk_rel_sys_user__role__sys_user_id, referencedTableName=sys_user;...','',NULL,'4.15.0',NULL,NULL,'0683793121'),('20230319090244-2','jhipster','config/liquibase/changelog/20230319090244_added_entity_constraints_Org.xml','2023-04-05 08:38:38',13,'EXECUTED','8:0c3c538805a4d5f7ef92ae7d29d3721e','addForeignKeyConstraint baseTableName=rel_org__child, constraintName=fk_rel_org__child__org_id, referencedTableName=org; addForeignKeyConstraint baseTableName=rel_org__child, constraintName=fk_rel_org__child__child_id, referencedTableName=org','',NULL,'4.15.0',NULL,NULL,'0683793121'),('20230319090245-2','jhipster','config/liquibase/changelog/20230319090245_added_entity_constraints_Role.xml','2023-04-05 08:38:41',14,'EXECUTED','8:4678a87e7ccb4a18104eb3a9dd0eb720','addForeignKeyConstraint baseTableName=role, constraintName=fk_role__app_id, referencedTableName=app','',NULL,'4.15.0',NULL,NULL,'0683793121'),('00000000000001','jhipster','config/liquibase/changelog/00000000000000_initial_schema.xml','2023-04-05 08:37:42',1,'EXECUTED','8:1a5f32270e664dee65256c5fff5c0e33','createTable tableName=jhi_user; createTable tableName=jhi_authority; createTable tableName=jhi_user_authority; addPrimaryKey tableName=jhi_user_authority; addForeignKeyConstraint baseTableName=jhi_user_authority, constraintName=fk_authority_name, ...','',NULL,'4.15.0',NULL,NULL,'0683793121'),('20230319090243-1','jhipster','config/liquibase/changelog/20230319090243_added_entity_SysUser.xml','2023-04-05 08:37:48',2,'EXECUTED','8:8c95395b6909b5e04ef19af4307d69ad','createTable tableName=sys_user; dropDefaultValue columnName=reset_date, tableName=sys_user; dropDefaultValue columnName=last_change_password, tableName=sys_user; dropDefaultValue columnName=created_date, tableName=sys_user; dropDefaultValue column...','',NULL,'4.15.0',NULL,NULL,'0683793121'),('20230319090243-1-relations','jhipster','config/liquibase/changelog/20230319090243_added_entity_SysUser.xml','2023-04-05 08:37:56',3,'EXECUTED','8:aadbe0471871429966457946ec1fe593','createTable tableName=rel_sys_user__role; addPrimaryKey tableName=rel_sys_user__role','',NULL,'4.15.0',NULL,NULL,'0683793121'),('20230319090243-1-data','jhipster','config/liquibase/changelog/20230319090243_added_entity_SysUser.xml','2023-04-05 08:37:57',4,'EXECUTED','8:3d1cac1b78db9834a6c2adc8c09276f1','loadData tableName=sys_user','',NULL,'4.15.0','faker',NULL,'0683793121'),('20230319090244-1','jhipster','config/liquibase/changelog/20230319090244_added_entity_Org.xml','2023-04-05 08:37:59',5,'EXECUTED','8:596472b1aada5acd561f9527c5e6bd41','createTable tableName=org','',NULL,'4.15.0',NULL,NULL,'0683793121'),('20230319090244-1-relations','jhipster','config/liquibase/changelog/20230319090244_added_entity_Org.xml','2023-04-05 08:38:05',6,'EXECUTED','8:fe12ee16b0f1aa73e053144303a00df6','createTable tableName=rel_org__child; addPrimaryKey tableName=rel_org__child','',NULL,'4.15.0',NULL,NULL,'0683793121'),('20230319090244-1-data','jhipster','config/liquibase/changelog/20230319090244_added_entity_Org.xml','2023-04-05 08:38:07',7,'EXECUTED','8:ca8070436e5b37422396dc0a5e9a3edf','loadData tableName=org','',NULL,'4.15.0','faker',NULL,'0683793121'),('20230319090245-1','jhipster','config/liquibase/changelog/20230319090245_added_entity_Role.xml','2023-04-05 08:38:09',8,'EXECUTED','8:c8f049ac66e8ad0c7d4b30bd2a73e800','createTable tableName=role','',NULL,'4.15.0',NULL,NULL,'0683793121'),('20230319090245-1-data','jhipster','config/liquibase/changelog/20230319090245_added_entity_Role.xml','2023-04-05 08:38:10',9,'EXECUTED','8:81ea686db551b71ade591f529deaf8f1','loadData tableName=role','',NULL,'4.15.0','faker',NULL,'0683793121'),('20230319090246-1','jhipster','config/liquibase/changelog/20230319090246_added_entity_App.xml','2023-04-05 08:38:14',10,'EXECUTED','8:ba6257262314ef27a52682e5c117d2b8','createTable tableName=app','',NULL,'4.15.0',NULL,NULL,'0683793121'),('20230319090246-1-data','jhipster','config/liquibase/changelog/20230319090246_added_entity_App.xml','2023-04-05 08:38:14',11,'EXECUTED','8:338f065f9ef243c4679239531cff28ae','loadData tableName=app','',NULL,'4.15.0','faker',NULL,'0683793121'),('20230319090243-2','jhipster','config/liquibase/changelog/20230319090243_added_entity_constraints_SysUser.xml','2023-04-05 08:38:28',12,'EXECUTED','8:428401f09066824fdf55d0cd104032eb','addForeignKeyConstraint baseTableName=sys_user, constraintName=fk_sys_user__org_id, referencedTableName=org; addForeignKeyConstraint baseTableName=rel_sys_user__role, constraintName=fk_rel_sys_user__role__sys_user_id, referencedTableName=sys_user;...','',NULL,'4.15.0',NULL,NULL,'0683793121'),('20230319090244-2','jhipster','config/liquibase/changelog/20230319090244_added_entity_constraints_Org.xml','2023-04-05 08:38:38',13,'EXECUTED','8:0c3c538805a4d5f7ef92ae7d29d3721e','addForeignKeyConstraint baseTableName=rel_org__child, constraintName=fk_rel_org__child__org_id, referencedTableName=org; addForeignKeyConstraint baseTableName=rel_org__child, constraintName=fk_rel_org__child__child_id, referencedTableName=org','',NULL,'4.15.0',NULL,NULL,'0683793121'),('20230319090245-2','jhipster','config/liquibase/changelog/20230319090245_added_entity_constraints_Role.xml','2023-04-05 08:38:41',14,'EXECUTED','8:4678a87e7ccb4a18104eb3a9dd0eb720','addForeignKeyConstraint baseTableName=role, constraintName=fk_role__app_id, referencedTableName=app','',NULL,'4.15.0',NULL,NULL,'0683793121'),('00000000000001','jhipster','config/liquibase/changelog/00000000000000_initial_schema.xml','2023-04-05 08:37:42',1,'EXECUTED','8:1a5f32270e664dee65256c5fff5c0e33','createTable tableName=jhi_user; createTable tableName=jhi_authority; createTable tableName=jhi_user_authority; addPrimaryKey tableName=jhi_user_authority; addForeignKeyConstraint baseTableName=jhi_user_authority, constraintName=fk_authority_name, ...','',NULL,'4.15.0',NULL,NULL,'0683793121'),('20230319090243-1','jhipster','config/liquibase/changelog/20230319090243_added_entity_SysUser.xml','2023-04-05 08:37:48',2,'EXECUTED','8:8c95395b6909b5e04ef19af4307d69ad','createTable tableName=sys_user; dropDefaultValue columnName=reset_date, tableName=sys_user; dropDefaultValue columnName=last_change_password, tableName=sys_user; dropDefaultValue columnName=created_date, tableName=sys_user; dropDefaultValue column...','',NULL,'4.15.0',NULL,NULL,'0683793121'),('20230319090243-1-relations','jhipster','config/liquibase/changelog/20230319090243_added_entity_SysUser.xml','2023-04-05 08:37:56',3,'EXECUTED','8:aadbe0471871429966457946ec1fe593','createTable tableName=rel_sys_user__role; addPrimaryKey tableName=rel_sys_user__role','',NULL,'4.15.0',NULL,NULL,'0683793121'),('20230319090243-1-data','jhipster','config/liquibase/changelog/20230319090243_added_entity_SysUser.xml','2023-04-05 08:37:57',4,'EXECUTED','8:3d1cac1b78db9834a6c2adc8c09276f1','loadData tableName=sys_user','',NULL,'4.15.0','faker',NULL,'0683793121'),('20230319090244-1','jhipster','config/liquibase/changelog/20230319090244_added_entity_Org.xml','2023-04-05 08:37:59',5,'EXECUTED','8:596472b1aada5acd561f9527c5e6bd41','createTable tableName=org','',NULL,'4.15.0',NULL,NULL,'0683793121'),('20230319090244-1-relations','jhipster','config/liquibase/changelog/20230319090244_added_entity_Org.xml','2023-04-05 08:38:05',6,'EXECUTED','8:fe12ee16b0f1aa73e053144303a00df6','createTable tableName=rel_org__child; addPrimaryKey tableName=rel_org__child','',NULL,'4.15.0',NULL,NULL,'0683793121'),('20230319090244-1-data','jhipster','config/liquibase/changelog/20230319090244_added_entity_Org.xml','2023-04-05 08:38:07',7,'EXECUTED','8:ca8070436e5b37422396dc0a5e9a3edf','loadData tableName=org','',NULL,'4.15.0','faker',NULL,'0683793121'),('20230319090245-1','jhipster','config/liquibase/changelog/20230319090245_added_entity_Role.xml','2023-04-05 08:38:09',8,'EXECUTED','8:c8f049ac66e8ad0c7d4b30bd2a73e800','createTable tableName=role','',NULL,'4.15.0',NULL,NULL,'0683793121'),('20230319090245-1-data','jhipster','config/liquibase/changelog/20230319090245_added_entity_Role.xml','2023-04-05 08:38:10',9,'EXECUTED','8:81ea686db551b71ade591f529deaf8f1','loadData tableName=role','',NULL,'4.15.0','faker',NULL,'0683793121'),('20230319090246-1','jhipster','config/liquibase/changelog/20230319090246_added_entity_App.xml','2023-04-05 08:38:14',10,'EXECUTED','8:ba6257262314ef27a52682e5c117d2b8','createTable tableName=app','',NULL,'4.15.0',NULL,NULL,'0683793121'),('20230319090246-1-data','jhipster','config/liquibase/changelog/20230319090246_added_entity_App.xml','2023-04-05 08:38:14',11,'EXECUTED','8:338f065f9ef243c4679239531cff28ae','loadData tableName=app','',NULL,'4.15.0','faker',NULL,'0683793121'),('20230319090243-2','jhipster','config/liquibase/changelog/20230319090243_added_entity_constraints_SysUser.xml','2023-04-05 08:38:28',12,'EXECUTED','8:428401f09066824fdf55d0cd104032eb','addForeignKeyConstraint baseTableName=sys_user, constraintName=fk_sys_user__org_id, referencedTableName=org; addForeignKeyConstraint baseTableName=rel_sys_user__role, constraintName=fk_rel_sys_user__role__sys_user_id, referencedTableName=sys_user;...','',NULL,'4.15.0',NULL,NULL,'0683793121'),('20230319090244-2','jhipster','config/liquibase/changelog/20230319090244_added_entity_constraints_Org.xml','2023-04-05 08:38:38',13,'EXECUTED','8:0c3c538805a4d5f7ef92ae7d29d3721e','addForeignKeyConstraint baseTableName=rel_org__child, constraintName=fk_rel_org__child__org_id, referencedTableName=org; addForeignKeyConstraint baseTableName=rel_org__child, constraintName=fk_rel_org__child__child_id, referencedTableName=org','',NULL,'4.15.0',NULL,NULL,'0683793121'),('20230319090245-2','jhipster','config/liquibase/changelog/20230319090245_added_entity_constraints_Role.xml','2023-04-05 08:38:41',14,'EXECUTED','8:4678a87e7ccb4a18104eb3a9dd0eb720','addForeignKeyConstraint baseTableName=role, constraintName=fk_role__app_id, referencedTableName=app','',NULL,'4.15.0',NULL,NULL,'0683793121');
/*!40000 ALTER TABLE `databasechangelog` ENABLE KEYS */;
UNLOCK TABLES;

--
-- Table structure for table `databasechangeloglock`
--

DROP TABLE IF EXISTS `databasechangeloglock`;
/*!40101 SET @saved_cs_client     = @@character_set_client */;
/*!50503 SET character_set_client = utf8mb4 */;
CREATE TABLE `databasechangeloglock` (
  `ID` int NOT NULL,
  `LOCKED` bit(1) NOT NULL,
  `LOCKGRANTED` datetime DEFAULT NULL,
  `LOCKEDBY` varchar(255) DEFAULT NULL,
  PRIMARY KEY (`ID`)
) ENGINE=InnoDB DEFAULT CHARSET=utf8mb4 COLLATE=utf8mb4_0900_ai_ci;
/*!40101 SET character_set_client = @saved_cs_client */;

--
-- Dumping data for table `databasechangeloglock`
--

LOCK TABLES `databasechangeloglock` WRITE;
/*!40000 ALTER TABLE `databasechangeloglock` DISABLE KEYS */;
INSERT INTO `databasechangeloglock` VALUES (1,_binary '','2025-04-26 10:14:06','VTS-HUNGTQ44 (172.23.128.1)');
/*!40000 ALTER TABLE `databasechangeloglock` ENABLE KEYS */;
UNLOCK TABLES;

--
-- Table structure for table `dict_item`
--

DROP TABLE IF EXISTS `dict_item`;
/*!40101 SET @saved_cs_client     = @@character_set_client */;
/*!50503 SET character_set_client = utf8mb4 */;
CREATE TABLE `dict_item` (
  `dict_item_id` bigint unsigned NOT NULL AUTO_INCREMENT COMMENT 'Mã dữ liệu trong danh mục',
  `modified_by` bigint DEFAULT NULL COMMENT 'Người tạo dữ liệu',
  `create_date` datetime DEFAULT NULL COMMENT 'Ngày tạo',
  `modified_date` datetime DEFAULT NULL COMMENT 'Ngày sửa',
  `item_code` varchar(50) CHARACTER SET utf8mb3 COLLATE utf8mb3_vietnamese_ci DEFAULT NULL COMMENT 'Mã code dữ liệu',
  `item_name` varchar(255) CHARACTER SET utf8mb3 COLLATE utf8mb3_vietnamese_ci DEFAULT NULL COMMENT 'Tên mục dữ liệu',
  `item_description` varchar(255) CHARACTER SET utf8mb3 COLLATE utf8mb3_vietnamese_ci DEFAULT NULL COMMENT 'Mô tả danh mục dữ liệu',
  `item_parent_id` varchar(255) DEFAULT NULL COMMENT 'Id Danh mục cha',
  `is_active` bigint DEFAULT NULL COMMENT 'Trạng thái xóa',
  `level` int DEFAULT NULL,
  PRIMARY KEY (`dict_item_id`) USING BTREE,
  KEY `dict_item_is_active_index` (`is_active`) USING BTREE,
  KEY `dict_item_item_name_index` (`item_name`) USING BTREE,
  KEY `dict_item_item_parent_id_index` (`item_parent_id`) USING BTREE,
  KEY `dict_item_user_id_index` (`modified_by`) USING BTREE
) ENGINE=InnoDB AUTO_INCREMENT=3356 DEFAULT CHARSET=utf8mb4 COLLATE=utf8mb4_0900_ai_ci;
/*!40101 SET character_set_client = @saved_cs_client */;

--
-- Dumping data for table `dict_item`
--

LOCK TABLES `dict_item` WRITE;
/*!40000 ALTER TABLE `dict_item` DISABLE KEYS */;
INSERT INTO `dict_item` VALUES (1,NULL,NULL,NULL,'01','Thành phố Hà Nội',NULL,'0',NULL,0),(2,NULL,NULL,NULL,'04','Tỉnh Cao Bằng',NULL,'0',NULL,0),(3,NULL,NULL,NULL,'08','Tỉnh Tuyên Quang',NULL,'0',NULL,0),(4,NULL,NULL,NULL,'11','Tỉnh Điện Biên',NULL,'0',NULL,0),(5,NULL,NULL,NULL,'12','Tỉnh Lai Châu',NULL,'0',NULL,0),(6,NULL,NULL,NULL,'14','Tỉnh Sơn La',NULL,'0',NULL,0),(7,NULL,NULL,NULL,'15','Tỉnh Lào Cai',NULL,'0',NULL,0),(8,NULL,NULL,NULL,'19','Tỉnh Thái Nguyên',NULL,'0',NULL,0),(9,NULL,NULL,NULL,'20','Tỉnh Lạng Sơn',NULL,'0',NULL,0),(10,NULL,NULL,NULL,'22','Tỉnh Quảng Ninh',NULL,'0',NULL,0),(11,NULL,NULL,NULL,'24','Tỉnh Bắc Ninh',NULL,'0',NULL,0),(12,NULL,NULL,NULL,'25','Tỉnh Phú Thọ',NULL,'0',NULL,0),(13,NULL,NULL,NULL,'31','Thành phố Hải Phòng',NULL,'0',NULL,0),(14,NULL,NULL,NULL,'33','Tỉnh Hưng Yên',NULL,'0',NULL,0),(15,NULL,NULL,NULL,'37','Tỉnh Ninh Bình',NULL,'0',NULL,0),(16,NULL,NULL,NULL,'38','Tỉnh Thanh Hóa',NULL,'0',NULL,0),(17,NULL,NULL,NULL,'40','Tỉnh Nghệ An',NULL,'0',NULL,0),(18,NULL,NULL,NULL,'42','Tỉnh Hà Tĩnh',NULL,'0',NULL,0),(19,NULL,NULL,NULL,'44','Tỉnh Quảng Trị',NULL,'0',NULL,0),(20,NULL,NULL,NULL,'46','Thành phố Huế',NULL,'0',NULL,0),(21,NULL,NULL,NULL,'48','Thành phố Đà Nẵng',NULL,'0',NULL,0),(22,NULL,NULL,NULL,'51','Tỉnh Quảng Ngãi',NULL,'0',NULL,0),(23,NULL,NULL,NULL,'52','Tỉnh Gia Lai',NULL,'0',NULL,0),(24,NULL,NULL,NULL,'56','Tỉnh Khánh Hòa',NULL,'0',NULL,0),(25,NULL,NULL,NULL,'66','Tỉnh Đắk Lắk',NULL,'0',NULL,0),(26,NULL,NULL,NULL,'68','Tỉnh Lâm Đồng',NULL,'0',NULL,0),(27,NULL,NULL,NULL,'75','Tỉnh Đồng Nai',NULL,'0',NULL,0),(28,NULL,NULL,NULL,'79','Thành phố Hồ Chí Minh',NULL,'0',NULL,0),(29,NULL,NULL,NULL,'80','Tỉnh Tây Ninh',NULL,'0',NULL,0),(30,NULL,NULL,NULL,'82','Tỉnh Đồng Tháp',NULL,'0',NULL,0),(31,NULL,NULL,NULL,'86','Tỉnh Vĩnh Long',NULL,'0',NULL,0),(32,NULL,NULL,NULL,'91','Tỉnh An Giang',NULL,'0',NULL,0),(33,NULL,NULL,NULL,'92','Thành phố Cần Thơ',NULL,'0',NULL,0),(34,NULL,NULL,NULL,'96','Tỉnh Cà Mau',NULL,'0',NULL,0),(35,NULL,NULL,NULL,'00070','Phường Hoàn Kiếm',NULL,'01',NULL,1),(36,NULL,NULL,NULL,'00073','Phường Cửa Nam',NULL,'01',NULL,1),(37,NULL,NULL,NULL,'00004','Phường Ba Đình',NULL,'01',NULL,1),(38,NULL,NULL,NULL,'00008','Phường Ngọc Hà',NULL,'01',NULL,1),(39,NULL,NULL,NULL,'00025','Phường Giảng Võ',NULL,'01',NULL,1),(40,NULL,NULL,NULL,'00256','Phường Hai Bà Trưng',NULL,'01',NULL,1),(41,NULL,NULL,NULL,'00283','Phường Vĩnh Tuy',NULL,'01',NULL,1),(42,NULL,NULL,NULL,'00277','Phường Bạch Mai',NULL,'01',NULL,1),(43,NULL,NULL,NULL,'00235','Phường Đống Đa',NULL,'01',NULL,1),(44,NULL,NULL,NULL,'00226','Phường Kim Liên',NULL,'01',NULL,1),(45,NULL,NULL,NULL,'00196','Phường Văn Miếu - Quốc Tử Giám',NULL,'01',NULL,1),(46,NULL,NULL,NULL,'00187','Phường Láng',NULL,'01',NULL,1),(47,NULL,NULL,NULL,'00190','Phường Ô Chợ Dừa',NULL,'01',NULL,1),(48,NULL,NULL,NULL,'00097','Phường Hồng Hà',NULL,'01',NULL,1),(49,NULL,NULL,NULL,'00328','Phường Lĩnh Nam',NULL,'01',NULL,1),(50,NULL,NULL,NULL,'00319','Phường Hoàng Mai',NULL,'01',NULL,1),(51,NULL,NULL,NULL,'00304','Phường Vĩnh Hưng',NULL,'01',NULL,1),(52,NULL,NULL,NULL,'00313','Phường Tương Mai',NULL,'01',NULL,1),(53,NULL,NULL,NULL,'00316','Phường Định Công',NULL,'01',NULL,1),(54,NULL,NULL,NULL,'00337','Phường Hoàng Liệt',NULL,'01',NULL,1),(55,NULL,NULL,NULL,'00331','Phường Yên Sở',NULL,'01',NULL,1),(56,NULL,NULL,NULL,'00367','Phường Thanh Xuân',NULL,'01',NULL,1),(57,NULL,NULL,NULL,'00364','Phường Khương Đình',NULL,'01',NULL,1),(58,NULL,NULL,NULL,'00352','Phường Phương Liệt',NULL,'01',NULL,1),(59,NULL,NULL,NULL,'00167','Phường Cầu Giấy',NULL,'01',NULL,1),(60,NULL,NULL,NULL,'00160','Phường Nghĩa Đô',NULL,'01',NULL,1),(61,NULL,NULL,NULL,'00175','Phường Yên Hòa',NULL,'01',NULL,1),(62,NULL,NULL,NULL,'00103','Phường Tây Hồ',NULL,'01',NULL,1),(63,NULL,NULL,NULL,'00091','Phường Phú Thượng',NULL,'01',NULL,1),(64,NULL,NULL,NULL,'00613','Phường Tây Tựu',NULL,'01',NULL,1),(65,NULL,NULL,NULL,'00619','Phường Phú Diễn',NULL,'01',NULL,1),(66,NULL,NULL,NULL,'00611','Phường Xuân Đỉnh',NULL,'01',NULL,1),(67,NULL,NULL,NULL,'00602','Phường Đông Ngạc',NULL,'01',NULL,1),(68,NULL,NULL,NULL,'00598','Phường Thượng Cát',NULL,'01',NULL,1),(69,NULL,NULL,NULL,'00592','Phường Từ Liêm',NULL,'01',NULL,1),(70,NULL,NULL,NULL,'00622','Phường Xuân Phương',NULL,'01',NULL,1),(71,NULL,NULL,NULL,'00634','Phường Tây Mỗ',NULL,'01',NULL,1),(72,NULL,NULL,NULL,'00637','Phường Đại Mỗ',NULL,'01',NULL,1),(73,NULL,NULL,NULL,'00148','Phường Long Biên',NULL,'01',NULL,1),(74,NULL,NULL,NULL,'00130','Phường Bồ Đề',NULL,'01',NULL,1),(75,NULL,NULL,NULL,'00127','Phường Việt Hưng',NULL,'01',NULL,1),(76,NULL,NULL,NULL,'00136','Phường Phúc Lợi',NULL,'01',NULL,1),(77,NULL,NULL,NULL,'09556','Phường Hà Đông',NULL,'01',NULL,1),(78,NULL,NULL,NULL,'09886','Phường Dương Nội',NULL,'01',NULL,1),(79,NULL,NULL,NULL,'09562','Phường Yên Nghĩa',NULL,'01',NULL,1),(80,NULL,NULL,NULL,'09568','Phường Phú Lương',NULL,'01',NULL,1),(81,NULL,NULL,NULL,'09552','Phường Kiến Hưng',NULL,'01',NULL,1),(82,NULL,NULL,NULL,'00640','Xã Thanh Trì',NULL,'01',NULL,1),(83,NULL,NULL,NULL,'00664','Xã Đại Thanh',NULL,'01',NULL,1),(84,NULL,NULL,NULL,'00685','Xã Nam Phù',NULL,'01',NULL,1),(85,NULL,NULL,NULL,'00679','Xã Ngọc Hồi',NULL,'01',NULL,1),(86,NULL,NULL,NULL,'00646','Phường Thanh Liệt',NULL,'01',NULL,1),(87,NULL,NULL,NULL,'10231','Xã Thượng Phúc',NULL,'01',NULL,1),(88,NULL,NULL,NULL,'10183','Xã Thường Tín',NULL,'01',NULL,1),(89,NULL,NULL,NULL,'10237','Xã Chương Dương',NULL,'01',NULL,1),(90,NULL,NULL,NULL,'10210','Xã Hồng Vân',NULL,'01',NULL,1),(91,NULL,NULL,NULL,'10273','Xã Phú Xuyên',NULL,'01',NULL,1),(92,NULL,NULL,NULL,'10279','Xã Phượng Dực',NULL,'01',NULL,1),(93,NULL,NULL,NULL,'10330','Xã Chuyên Mỹ',NULL,'01',NULL,1),(94,NULL,NULL,NULL,'10333','Xã Đại Xuyên',NULL,'01',NULL,1),(95,NULL,NULL,NULL,'10114','Xã Thanh Oai',NULL,'01',NULL,1),(96,NULL,NULL,NULL,'10141','Xã Bình Minh',NULL,'01',NULL,1),(97,NULL,NULL,NULL,'10144','Xã Tam Hưng',NULL,'01',NULL,1),(98,NULL,NULL,NULL,'10180','Xã Dân Hòa',NULL,'01',NULL,1),(99,NULL,NULL,NULL,'10354','Xã Vân Đình',NULL,'01',NULL,1),(100,NULL,NULL,NULL,'10369','Xã Ứng Thiên',NULL,'01',NULL,1),(101,NULL,NULL,NULL,'10417','Xã Hòa Xá',NULL,'01',NULL,1),(102,NULL,NULL,NULL,'10402','Xã Ứng Hòa',NULL,'01',NULL,1),(103,NULL,NULL,NULL,'10441','Xã Mỹ Đức',NULL,'01',NULL,1),(104,NULL,NULL,NULL,'10465','Xã Hồng Sơn',NULL,'01',NULL,1),(105,NULL,NULL,NULL,'10459','Xã Phúc Sơn',NULL,'01',NULL,1),(106,NULL,NULL,NULL,'10489','Xã Hương Sơn',NULL,'01',NULL,1),(107,NULL,NULL,NULL,'10015','Phường Chương Mỹ',NULL,'01',NULL,1),(108,NULL,NULL,NULL,'10030','Xã Phú Nghĩa',NULL,'01',NULL,1),(109,NULL,NULL,NULL,'10018','Xã Xuân Mai',NULL,'01',NULL,1),(110,NULL,NULL,NULL,'10081','Xã Trần Phú',NULL,'01',NULL,1),(111,NULL,NULL,NULL,'10108','Xã Hòa Phú',NULL,'01',NULL,1),(112,NULL,NULL,NULL,'10084','Xã Quảng Bị',NULL,'01',NULL,1),(113,NULL,NULL,NULL,'09661','Xã Minh Châu',NULL,'01',NULL,1),(114,NULL,NULL,NULL,'09619','Xã Quảng Oai',NULL,'01',NULL,1),(115,NULL,NULL,NULL,'09664','Xã Vật Lại',NULL,'01',NULL,1),(116,NULL,NULL,NULL,'09634','Xã Cổ Đô',NULL,'01',NULL,1),(117,NULL,NULL,NULL,'09676','Xã Bất Bạt',NULL,'01',NULL,1),(118,NULL,NULL,NULL,'09694','Xã Suối Hai',NULL,'01',NULL,1),(119,NULL,NULL,NULL,'09700','Xã Ba Vì',NULL,'01',NULL,1),(120,NULL,NULL,NULL,'09706','Xã Yên Bài',NULL,'01',NULL,1),(121,NULL,NULL,NULL,'09574','Phường Sơn Tây',NULL,'01',NULL,1),(122,NULL,NULL,NULL,'09604','Phường Tùng Thiện',NULL,'01',NULL,1),(123,NULL,NULL,NULL,'09616','Xã Đoài Phương',NULL,'01',NULL,1),(124,NULL,NULL,NULL,'09715','Xã Phúc Thọ',NULL,'01',NULL,1),(125,NULL,NULL,NULL,'09739','Xã Phúc Lộc',NULL,'01',NULL,1),(126,NULL,NULL,NULL,'09772','Xã Hát Môn',NULL,'01',NULL,1),(127,NULL,NULL,NULL,'09955','Xã Thạch Thất',NULL,'01',NULL,1),(128,NULL,NULL,NULL,'10009','Xã Hạ Bằng',NULL,'01',NULL,1),(129,NULL,NULL,NULL,'10006','Xã Tây Phương',NULL,'01',NULL,1),(130,NULL,NULL,NULL,'09988','Xã Hòa Lạc',NULL,'01',NULL,1),(131,NULL,NULL,NULL,'04936','Xã Yên Xuân',NULL,'01',NULL,1),(132,NULL,NULL,NULL,'09895','Xã Quốc Oai',NULL,'01',NULL,1),(133,NULL,NULL,NULL,'09931','Xã Hưng Đạo',NULL,'01',NULL,1),(134,NULL,NULL,NULL,'09928','Xã Kiều Phú',NULL,'01',NULL,1),(135,NULL,NULL,NULL,'09922','Xã Phú Cát',NULL,'01',NULL,1),(136,NULL,NULL,NULL,'09832','Xã Hoài Đức',NULL,'01',NULL,1),(137,NULL,NULL,NULL,'09838','Xã Dương Hòa',NULL,'01',NULL,1),(138,NULL,NULL,NULL,'09859','Xã Sơn Đồng',NULL,'01',NULL,1),(139,NULL,NULL,NULL,'09877','Xã An Khánh',NULL,'01',NULL,1),(140,NULL,NULL,NULL,'09784','Xã Đan Phượng',NULL,'01',NULL,1),(141,NULL,NULL,NULL,'09817','Xã Ô Diên',NULL,'01',NULL,1),(142,NULL,NULL,NULL,'09793','Xã Liên Minh',NULL,'01',NULL,1),(143,NULL,NULL,NULL,'00565','Xã Gia Lâm',NULL,'01',NULL,1),(144,NULL,NULL,NULL,'00562','Xã Thuận An',NULL,'01',NULL,1),(145,NULL,NULL,NULL,'00583','Xã Bát Tràng',NULL,'01',NULL,1),(146,NULL,NULL,NULL,'00541','Xã Phù Đổng',NULL,'01',NULL,1),(147,NULL,NULL,NULL,'00484','Xã Thư Lâm',NULL,'01',NULL,1),(148,NULL,NULL,NULL,'00454','Xã Đông Anh',NULL,'01',NULL,1),(149,NULL,NULL,NULL,'00466','Xã Phúc Thịnh',NULL,'01',NULL,1),(150,NULL,NULL,NULL,'00493','Xã Thiên Lộc',NULL,'01',NULL,1),(151,NULL,NULL,NULL,'00508','Xã Vĩnh Thanh',NULL,'01',NULL,1),(152,NULL,NULL,NULL,'09022','Xã Mê Linh',NULL,'01',NULL,1),(153,NULL,NULL,NULL,'08980','Xã Yên Lãng',NULL,'01',NULL,1),(154,NULL,NULL,NULL,'08995','Xã Tiến Thắng',NULL,'01',NULL,1),(155,NULL,NULL,NULL,'08974','Xã Quang Minh',NULL,'01',NULL,1),(156,NULL,NULL,NULL,'00376','Xã Sóc Sơn',NULL,'01',NULL,1),(157,NULL,NULL,NULL,'00424','Xã Đa Phúc',NULL,'01',NULL,1),(158,NULL,NULL,NULL,'00433','Xã Nội Bài',NULL,'01',NULL,1),(159,NULL,NULL,NULL,'00385','Xã Trung Giã',NULL,'01',NULL,1),(160,NULL,NULL,NULL,'00382','Xã Kim Anh',NULL,'01',NULL,1),(161,NULL,NULL,NULL,'01273','Phường Thục Phán',NULL,'04',NULL,1),(162,NULL,NULL,NULL,'01279','Phường Nùng Trí Cao',NULL,'04',NULL,1),(163,NULL,NULL,NULL,'01288','Phường Tân Giang',NULL,'04',NULL,1),(164,NULL,NULL,NULL,'01304','Xã Quảng Lâm',NULL,'04',NULL,1),(165,NULL,NULL,NULL,'01297','Xã Nam Quang',NULL,'04',NULL,1),(166,NULL,NULL,NULL,'01294','Xã Lý Bôn',NULL,'04',NULL,1),(167,NULL,NULL,NULL,'01290','Xã Bảo Lâm',NULL,'04',NULL,1),(168,NULL,NULL,NULL,'01318','Xã Yên Thổ',NULL,'04',NULL,1),(169,NULL,NULL,NULL,'01360','Xã Sơn Lộ',NULL,'04',NULL,1),(170,NULL,NULL,NULL,'01351','Xã Hưng Đạo',NULL,'04',NULL,1),(171,NULL,NULL,NULL,'01321','Xã Bảo Lạc',NULL,'04',NULL,1),(172,NULL,NULL,NULL,'01324','Xã Cốc Pàng',NULL,'04',NULL,1),(173,NULL,NULL,NULL,'01327','Xã Cô Ba',NULL,'04',NULL,1),(174,NULL,NULL,NULL,'01336','Xã Khánh Xuân',NULL,'04',NULL,1),(175,NULL,NULL,NULL,'01339','Xã Xuân Trường',NULL,'04',NULL,1),(176,NULL,NULL,NULL,'01354','Xã Huy Giáp',NULL,'04',NULL,1),(177,NULL,NULL,NULL,'01738','Xã Ca Thành',NULL,'04',NULL,1),(178,NULL,NULL,NULL,'01768','Xã Phan Thanh',NULL,'04',NULL,1),(179,NULL,NULL,NULL,'01777','Xã Thành Công',NULL,'04',NULL,1),(180,NULL,NULL,NULL,'01729','Xã Tĩnh Túc',NULL,'04',NULL,1),(181,NULL,NULL,NULL,'01774','Xã Tam Kim',NULL,'04',NULL,1),(182,NULL,NULL,NULL,'01726','Xã Nguyên Bình',NULL,'04',NULL,1),(183,NULL,NULL,NULL,'01747','Xã Minh Tâm',NULL,'04',NULL,1),(184,NULL,NULL,NULL,'01387','Xã Thanh Long',NULL,'04',NULL,1),(185,NULL,NULL,NULL,'01366','Xã Cần Yên',NULL,'04',NULL,1),(186,NULL,NULL,NULL,'01363','Xã Thông Nông',NULL,'04',NULL,1),(187,NULL,NULL,NULL,'01392','Xã Trường Hà',NULL,'04',NULL,1),(188,NULL,NULL,NULL,'01438','Xã Hà Quảng',NULL,'04',NULL,1),(189,NULL,NULL,NULL,'01393','Xã Lũng Nặm',NULL,'04',NULL,1),(190,NULL,NULL,NULL,'01414','Xã Tổng Cọt',NULL,'04',NULL,1),(191,NULL,NULL,NULL,'01660','Xã Nam Tuấn',NULL,'04',NULL,1),(192,NULL,NULL,NULL,'01654','Xã Hòa An',NULL,'04',NULL,1),(193,NULL,NULL,NULL,'01708','Xã Bạch Đằng',NULL,'04',NULL,1),(194,NULL,NULL,NULL,'01699','Xã Nguyễn Huệ',NULL,'04',NULL,1),(195,NULL,NULL,NULL,'01795','Xã Minh Khai',NULL,'04',NULL,1),(196,NULL,NULL,NULL,'01789','Xã Canh Tân',NULL,'04',NULL,1),(197,NULL,NULL,NULL,'01792','Xã Kim Đồng',NULL,'04',NULL,1),(198,NULL,NULL,NULL,'01807','Xã Thạch An',NULL,'04',NULL,1),(199,NULL,NULL,NULL,'01786','Xã Đông Khê',NULL,'04',NULL,1),(200,NULL,NULL,NULL,'01822','Xã Đức Long',NULL,'04',NULL,1),(201,NULL,NULL,NULL,'01648','Xã Phục Hòa',NULL,'04',NULL,1),(202,NULL,NULL,NULL,'01636','Xã Bế Văn Đàn',NULL,'04',NULL,1),(203,NULL,NULL,NULL,'01594','Xã Độc Lập',NULL,'04',NULL,1),(204,NULL,NULL,NULL,'01576','Xã Quảng Uyên',NULL,'04',NULL,1),(205,NULL,NULL,NULL,'01618','Xã Hạnh Phúc',NULL,'04',NULL,1),(206,NULL,NULL,NULL,'01456','Xã Quang Hán',NULL,'04',NULL,1),(207,NULL,NULL,NULL,'01447','Xã Trà Lĩnh',NULL,'04',NULL,1),(208,NULL,NULL,NULL,'01465','Xã Quang Trung',NULL,'04',NULL,1),(209,NULL,NULL,NULL,'01525','Xã Đoài Dương',NULL,'04',NULL,1),(210,NULL,NULL,NULL,'01477','Xã Trùng Khánh',NULL,'04',NULL,1),(211,NULL,NULL,NULL,'01501','Xã Đàm Thuỷ',NULL,'04',NULL,1),(212,NULL,NULL,NULL,'01489','Xã Đình Phong',NULL,'04',NULL,1),(213,NULL,NULL,NULL,'01558','Xã Lý Quốc',NULL,'04',NULL,1),(214,NULL,NULL,NULL,'01561','Xã Hạ Lang',NULL,'04',NULL,1),(215,NULL,NULL,NULL,'01537','Xã Vinh Quý',NULL,'04',NULL,1),(216,NULL,NULL,NULL,'01552','Xã Quang Long',NULL,'04',NULL,1),(217,NULL,NULL,NULL,'02269','Xã Thượng Lâm',NULL,'08',NULL,1),(218,NULL,NULL,NULL,'02266','Xã Lâm Bình',NULL,'08',NULL,1),(219,NULL,NULL,NULL,'02302','Xã Minh Quang',NULL,'08',NULL,1),(220,NULL,NULL,NULL,'02296','Xã Bình An',NULL,'08',NULL,1),(221,NULL,NULL,NULL,'02245','Xã Côn Lôn',NULL,'08',NULL,1),(222,NULL,NULL,NULL,'02248','Xã Yên Hoa',NULL,'08',NULL,1),(223,NULL,NULL,NULL,'02239','Xã Thượng Nông',NULL,'08',NULL,1),(224,NULL,NULL,NULL,'02260','Xã Hồng Thái',NULL,'08',NULL,1),(225,NULL,NULL,NULL,'02221','Xã Nà Hang',NULL,'08',NULL,1),(226,NULL,NULL,NULL,'02308','Xã Tân Mỹ',NULL,'08',NULL,1),(227,NULL,NULL,NULL,'02317','Xã Yên Lập',NULL,'08',NULL,1),(228,NULL,NULL,NULL,'02320','Xã Tân An',NULL,'08',NULL,1),(229,NULL,NULL,NULL,'02287','Xã Chiêm Hoá',NULL,'08',NULL,1),(230,NULL,NULL,NULL,'02353','Xã Hoà An',NULL,'08',NULL,1),(231,NULL,NULL,NULL,'02332','Xã Kiên Đài',NULL,'08',NULL,1),(232,NULL,NULL,NULL,'02359','Xã Tri Phú',NULL,'08',NULL,1),(233,NULL,NULL,NULL,'02350','Xã Kim Bình',NULL,'08',NULL,1),(234,NULL,NULL,NULL,'02365','Xã Yên Nguyên',NULL,'08',NULL,1),(235,NULL,NULL,NULL,'02305','Xã Trung Hà',NULL,'08',NULL,1),(236,NULL,NULL,NULL,'02398','Xã Yên Phú',NULL,'08',NULL,1),(237,NULL,NULL,NULL,'02380','Xã Bạch Xa',NULL,'08',NULL,1),(238,NULL,NULL,NULL,'02392','Xã Phù Lưu',NULL,'08',NULL,1),(239,NULL,NULL,NULL,'02374','Xã Hàm Yên',NULL,'08',NULL,1),(240,NULL,NULL,NULL,'02404','Xã Bình Xa',NULL,'08',NULL,1),(241,NULL,NULL,NULL,'02407','Xã Thái Sơn',NULL,'08',NULL,1),(242,NULL,NULL,NULL,'02419','Xã Thái Hoà',NULL,'08',NULL,1),(243,NULL,NULL,NULL,'02425','Xã Hùng Đức',NULL,'08',NULL,1),(244,NULL,NULL,NULL,'02455','Xã Hùng Lợi',NULL,'08',NULL,1),(245,NULL,NULL,NULL,'02458','Xã Trung Sơn',NULL,'08',NULL,1),(246,NULL,NULL,NULL,'02494','Xã Thái Bình',NULL,'08',NULL,1),(247,NULL,NULL,NULL,'02470','Xã Tân Long',NULL,'08',NULL,1),(248,NULL,NULL,NULL,'02449','Xã Xuân Vân',NULL,'08',NULL,1),(249,NULL,NULL,NULL,'02434','Xã Lực Hành',NULL,'08',NULL,1),(250,NULL,NULL,NULL,'02473','Xã Yên Sơn',NULL,'08',NULL,1),(251,NULL,NULL,NULL,'02530','Xã Nhữ Khê',NULL,'08',NULL,1),(252,NULL,NULL,NULL,'02437','Xã Kiến Thiết',NULL,'08',NULL,1),(253,NULL,NULL,NULL,'02545','Xã Tân Trào',NULL,'08',NULL,1),(254,NULL,NULL,NULL,'02554','Xã Minh Thanh',NULL,'08',NULL,1),(255,NULL,NULL,NULL,'02536','Xã Sơn Dương',NULL,'08',NULL,1),(256,NULL,NULL,NULL,'02548','Xã Bình Ca',NULL,'08',NULL,1),(257,NULL,NULL,NULL,'02578','Xã Tân Thanh',NULL,'08',NULL,1),(258,NULL,NULL,NULL,'02620','Xã Sơn Thuỷ',NULL,'08',NULL,1),(259,NULL,NULL,NULL,'02611','Xã Phú Lương',NULL,'08',NULL,1),(260,NULL,NULL,NULL,'02623','Xã Trường Sinh',NULL,'08',NULL,1),(261,NULL,NULL,NULL,'02608','Xã Hồng Sơn',NULL,'08',NULL,1),(262,NULL,NULL,NULL,'02572','Xã Đông Thọ',NULL,'08',NULL,1),(263,NULL,NULL,NULL,'02509','Phường Mỹ Lâm',NULL,'08',NULL,1),(264,NULL,NULL,NULL,'02215','Phường Minh Xuân',NULL,'08',NULL,1),(265,NULL,NULL,NULL,'02212','Phường Nông Tiến',NULL,'08',NULL,1),(266,NULL,NULL,NULL,'02512','Phường An Tường',NULL,'08',NULL,1),(267,NULL,NULL,NULL,'02524','Phường Bình Thuận',NULL,'08',NULL,1),(268,NULL,NULL,NULL,'00715','Xã Lũng Cú',NULL,'08',NULL,1),(269,NULL,NULL,NULL,'00721','Xã Đồng Văn',NULL,'08',NULL,1),(270,NULL,NULL,NULL,'00733','Xã Sà Phìn',NULL,'08',NULL,1),(271,NULL,NULL,NULL,'00745','Xã Phố Bảng',NULL,'08',NULL,1),(272,NULL,NULL,NULL,'00763','Xã Lũng Phìn',NULL,'08',NULL,1),(273,NULL,NULL,NULL,'00787','Xã Sủng Máng',NULL,'08',NULL,1),(274,NULL,NULL,NULL,'00778','Xã Sơn Vĩ',NULL,'08',NULL,1),(275,NULL,NULL,NULL,'00769','Xã Mèo Vạc',NULL,'08',NULL,1),(276,NULL,NULL,NULL,'00802','Xã Khâu Vai',NULL,'08',NULL,1),(277,NULL,NULL,NULL,'00817','Xã Niêm Sơn',NULL,'08',NULL,1),(278,NULL,NULL,NULL,'00808','Xã Tát Ngà',NULL,'08',NULL,1),(279,NULL,NULL,NULL,'00829','Xã Thắng Mố',NULL,'08',NULL,1),(280,NULL,NULL,NULL,'00832','Xã Bạch Đích',NULL,'08',NULL,1),(281,NULL,NULL,NULL,'00820','Xã Yên Minh',NULL,'08',NULL,1),(282,NULL,NULL,NULL,'00847','Xã Mậu Duệ',NULL,'08',NULL,1),(283,NULL,NULL,NULL,'00859','Xã Ngọc Long',NULL,'08',NULL,1),(284,NULL,NULL,NULL,'00871','Xã Du Già',NULL,'08',NULL,1),(285,NULL,NULL,NULL,'00865','Xã Đường Thượng',NULL,'08',NULL,1),(286,NULL,NULL,NULL,'00901','Xã Lùng Tám',NULL,'08',NULL,1),(287,NULL,NULL,NULL,'00883','Xã Cán Tỷ',NULL,'08',NULL,1),(288,NULL,NULL,NULL,'00889','Xã Nghĩa Thuận',NULL,'08',NULL,1),(289,NULL,NULL,NULL,'00874','Xã Quản Bạ',NULL,'08',NULL,1),(290,NULL,NULL,NULL,'00892','Xã Tùng Vài',NULL,'08',NULL,1),(291,NULL,NULL,NULL,'01006','Xã Yên Cường',NULL,'08',NULL,1),(292,NULL,NULL,NULL,'01012','Xã Đường Hồng',NULL,'08',NULL,1),(293,NULL,NULL,NULL,'00991','Xã Bắc Mê',NULL,'08',NULL,1),(294,NULL,NULL,NULL,'00985','Xã Giáp Trung',NULL,'08',NULL,1),(295,NULL,NULL,NULL,'00982','Xã Minh Sơn',NULL,'08',NULL,1),(296,NULL,NULL,NULL,'00994','Xã Minh Ngọc',NULL,'08',NULL,1),(297,NULL,NULL,NULL,'00700','Xã Ngọc Đường',NULL,'08',NULL,1),(298,NULL,NULL,NULL,'00694','Phường Hà Giang 1',NULL,'08',NULL,1),(299,NULL,NULL,NULL,'00691','Phường Hà Giang 2',NULL,'08',NULL,1),(300,NULL,NULL,NULL,'00937','Xã Lao Chải',NULL,'08',NULL,1),(301,NULL,NULL,NULL,'00928','Xã Thanh Thuỷ',NULL,'08',NULL,1),(302,NULL,NULL,NULL,'00919','Xã Minh Tân',NULL,'08',NULL,1),(303,NULL,NULL,NULL,'00922','Xã Thuận Hoà',NULL,'08',NULL,1),(304,NULL,NULL,NULL,'00925','Xã Tùng Bá',NULL,'08',NULL,1),(305,NULL,NULL,NULL,'00706','Xã Phú Linh',NULL,'08',NULL,1),(306,NULL,NULL,NULL,'00970','Xã Linh Hồ',NULL,'08',NULL,1),(307,NULL,NULL,NULL,'00976','Xã Bạch Ngọc',NULL,'08',NULL,1),(308,NULL,NULL,NULL,'00913','Xã Vị Xuyên',NULL,'08',NULL,1),(309,NULL,NULL,NULL,'00967','Xã Việt Lâm',NULL,'08',NULL,1),(310,NULL,NULL,NULL,'00952','Xã Cao Bồ',NULL,'08',NULL,1),(311,NULL,NULL,NULL,'00958','Xã Thượng Sơn',NULL,'08',NULL,1),(312,NULL,NULL,NULL,'01171','Xã Tân Quang',NULL,'08',NULL,1),(313,NULL,NULL,NULL,'01165','Xã Đồng Tâm',NULL,'08',NULL,1),(314,NULL,NULL,NULL,'01192','Xã Liên Hiệp',NULL,'08',NULL,1),(315,NULL,NULL,NULL,'01180','Xã Bằng Hành',NULL,'08',NULL,1),(316,NULL,NULL,NULL,'01153','Xã Bắc Quang',NULL,'08',NULL,1),(317,NULL,NULL,NULL,'01201','Xã Hùng An',NULL,'08',NULL,1),(318,NULL,NULL,NULL,'01156','Xã Vĩnh Tuy',NULL,'08',NULL,1),(319,NULL,NULL,NULL,'01216','Xã Đồng Yên',NULL,'08',NULL,1),(320,NULL,NULL,NULL,'01261','Xã Tiên Yên',NULL,'08',NULL,1),(321,NULL,NULL,NULL,'01255','Xã Xuân Giang',NULL,'08',NULL,1),(322,NULL,NULL,NULL,'01246','Xã Bằng Lang',NULL,'08',NULL,1),(323,NULL,NULL,NULL,'01234','Xã Yên Thành',NULL,'08',NULL,1),(324,NULL,NULL,NULL,'01237','Xã Quang Bình',NULL,'08',NULL,1),(325,NULL,NULL,NULL,'01243','Xã Tân Trịnh',NULL,'08',NULL,1),(326,NULL,NULL,NULL,'01225','Xã Tiên Nguyên',NULL,'08',NULL,1),(327,NULL,NULL,NULL,'01090','Xã Thông Nguyên',NULL,'08',NULL,1),(328,NULL,NULL,NULL,'01084','Xã Hồ Thầu',NULL,'08',NULL,1),(329,NULL,NULL,NULL,'01075','Xã Nậm Dịch',NULL,'08',NULL,1),(330,NULL,NULL,NULL,'01051','Xã Tân Tiến',NULL,'08',NULL,1),(331,NULL,NULL,NULL,'01021','Xã Hoàng Su Phì',NULL,'08',NULL,1),(332,NULL,NULL,NULL,'01033','Xã Thàng Tín',NULL,'08',NULL,1),(333,NULL,NULL,NULL,'01024','Xã Bản Máy',NULL,'08',NULL,1),(334,NULL,NULL,NULL,'01057','Xã Pờ Ly Ngài',NULL,'08',NULL,1),(335,NULL,NULL,NULL,'01108','Xã Xín Mần',NULL,'08',NULL,1),(336,NULL,NULL,NULL,'01096','Xã Pà Vầy Sủ',NULL,'08',NULL,1),(337,NULL,NULL,NULL,'01141','Xã Nấm Dẩn',NULL,'08',NULL,1),(338,NULL,NULL,NULL,'01117','Xã Trung Thịnh',NULL,'08',NULL,1),(339,NULL,NULL,NULL,'01144','Xã Quảng Nguyên',NULL,'08',NULL,1),(340,NULL,NULL,NULL,'01147','Xã Khuôn Lùng',NULL,'08',NULL,1),(341,NULL,NULL,NULL,'03325','Xã Mường Phăng',NULL,'11',NULL,1),(342,NULL,NULL,NULL,'03127','Phường Điện Biên Phủ',NULL,'11',NULL,1),(343,NULL,NULL,NULL,'03334','Phường Mường Thanh',NULL,'11',NULL,1),(344,NULL,NULL,NULL,'03151','Phường Mường Lay',NULL,'11',NULL,1),(345,NULL,NULL,NULL,'03328','Xã Thanh Nưa',NULL,'11',NULL,1),(346,NULL,NULL,NULL,'03352','Xã Thanh An',NULL,'11',NULL,1),(347,NULL,NULL,NULL,'03349','Xã Thanh Yên',NULL,'11',NULL,1),(348,NULL,NULL,NULL,'03356','Xã Sam Mứn',NULL,'11',NULL,1),(349,NULL,NULL,NULL,'03358','Xã Núa Ngam',NULL,'11',NULL,1),(350,NULL,NULL,NULL,'03368','Xã Mường Nhà',NULL,'11',NULL,1),(351,NULL,NULL,NULL,'03253','Xã Tuần Giáo',NULL,'11',NULL,1),(352,NULL,NULL,NULL,'03295','Xã Quài Tở',NULL,'11',NULL,1),(353,NULL,NULL,NULL,'03268','Xã Mường Mùn',NULL,'11',NULL,1),(354,NULL,NULL,NULL,'03260','Xã Pú Nhung',NULL,'11',NULL,1),(355,NULL,NULL,NULL,'03283','Xã Chiềng Sinh',NULL,'11',NULL,1),(356,NULL,NULL,NULL,'03217','Xã Tủa Chùa',NULL,'11',NULL,1),(357,NULL,NULL,NULL,'03226','Xã Sín Chải',NULL,'11',NULL,1),(358,NULL,NULL,NULL,'03241','Xã Sính Phình',NULL,'11',NULL,1),(359,NULL,NULL,NULL,'03220','Xã Tủa Thàng',NULL,'11',NULL,1),(360,NULL,NULL,NULL,'03244','Xã Sáng Nhè',NULL,'11',NULL,1),(361,NULL,NULL,NULL,'03172','Xã Na Sang',NULL,'11',NULL,1),(362,NULL,NULL,NULL,'03181','Xã Mường Tùng',NULL,'11',NULL,1),(363,NULL,NULL,NULL,'03193','Xã Pa Ham',NULL,'11',NULL,1),(364,NULL,NULL,NULL,'03194','Xã Nậm Nèn',NULL,'11',NULL,1),(365,NULL,NULL,NULL,'03202','Xã Mường Pồn',NULL,'11',NULL,1),(366,NULL,NULL,NULL,'03203','Xã Na Son',NULL,'11',NULL,1),(367,NULL,NULL,NULL,'03208','Xã Xa Dung',NULL,'11',NULL,1),(368,NULL,NULL,NULL,'03370','Xã Pu Nhi',NULL,'11',NULL,1),(369,NULL,NULL,NULL,'03214','Xã Mường Luân',NULL,'11',NULL,1),(370,NULL,NULL,NULL,'03385','Xã Tìa Dình',NULL,'11',NULL,1),(371,NULL,NULL,NULL,'03382','Xã Phình Giàng',NULL,'11',NULL,1),(372,NULL,NULL,NULL,'03166','Xã Mường Chà',NULL,'11',NULL,1),(373,NULL,NULL,NULL,'03169','Xã Nà Hỳ',NULL,'11',NULL,1),(374,NULL,NULL,NULL,'03176','Xã Nà Bủng',NULL,'11',NULL,1),(375,NULL,NULL,NULL,'03175','Xã Chà Tở',NULL,'11',NULL,1),(376,NULL,NULL,NULL,'03199','Xã Si Pa Phìn',NULL,'11',NULL,1),(377,NULL,NULL,NULL,'03160','Xã Mường Nhé',NULL,'11',NULL,1),(378,NULL,NULL,NULL,'03158','Xã Sín Thầu',NULL,'11',NULL,1),(379,NULL,NULL,NULL,'03163','Xã Mường Toong',NULL,'11',NULL,1),(380,NULL,NULL,NULL,'03162','Xã Nậm Kè',NULL,'11',NULL,1),(381,NULL,NULL,NULL,'03164','Xã Quảng Lâm',NULL,'11',NULL,1),(382,NULL,NULL,NULL,'03256','Xã Mường Ảng',NULL,'11',NULL,1),(383,NULL,NULL,NULL,'03316','Xã Nà Tấu',NULL,'11',NULL,1),(384,NULL,NULL,NULL,'03301','Xã Búng Lao',NULL,'11',NULL,1),(385,NULL,NULL,NULL,'03313','Xã Mường Lạn',NULL,'11',NULL,1),(386,NULL,NULL,NULL,'03637','Xã Mường Kim',NULL,'12',NULL,1),(387,NULL,NULL,NULL,'03640','Xã Khoen On',NULL,'12',NULL,1),(388,NULL,NULL,NULL,'03595','Xã Than Uyên',NULL,'12',NULL,1),(389,NULL,NULL,NULL,'03618','Xã Mường Than',NULL,'12',NULL,1),(390,NULL,NULL,NULL,'03616','Xã Pắc Ta',NULL,'12',NULL,1),(391,NULL,NULL,NULL,'03613','Xã Nậm Sỏ',NULL,'12',NULL,1),(392,NULL,NULL,NULL,'03598','Xã Tân Uyên',NULL,'12',NULL,1),(393,NULL,NULL,NULL,'03601','Xã Mường Khoa',NULL,'12',NULL,1),(394,NULL,NULL,NULL,'03424','Xã Bản Bo',NULL,'12',NULL,1),(395,NULL,NULL,NULL,'03390','Xã Bình Lư',NULL,'12',NULL,1),(396,NULL,NULL,NULL,'03405','Xã Tả Lèng',NULL,'12',NULL,1),(397,NULL,NULL,NULL,'03430','Xã Khun Há',NULL,'12',NULL,1),(398,NULL,NULL,NULL,'03408','Phường Tân Phong',NULL,'12',NULL,1),(399,NULL,NULL,NULL,'03388','Phường Đoàn Kết',NULL,'12',NULL,1),(400,NULL,NULL,NULL,'03394','Xã Sin Suối Hồ',NULL,'12',NULL,1),(401,NULL,NULL,NULL,'03549','Xã Phong Thổ',NULL,'12',NULL,1),(402,NULL,NULL,NULL,'03562','Xã Sì Lở Lầu',NULL,'12',NULL,1),(403,NULL,NULL,NULL,'03571','Xã Dào San',NULL,'12',NULL,1),(404,NULL,NULL,NULL,'03583','Xã Khổng Lào',NULL,'12',NULL,1),(405,NULL,NULL,NULL,'03529','Xã Tủa Sín Chải',NULL,'12',NULL,1),(406,NULL,NULL,NULL,'03478','Xã Sìn Hồ',NULL,'12',NULL,1),(407,NULL,NULL,NULL,'03508','Xã Hồng Thu',NULL,'12',NULL,1),(408,NULL,NULL,NULL,'03517','Xã Nậm Tăm',NULL,'12',NULL,1),(409,NULL,NULL,NULL,'03532','Xã Pu Sam Cáp',NULL,'12',NULL,1),(410,NULL,NULL,NULL,'03544','Xã Nậm Cuổi',NULL,'12',NULL,1),(411,NULL,NULL,NULL,'03538','Xã Nậm Mạ',NULL,'12',NULL,1),(412,NULL,NULL,NULL,'03487','Xã Lê Lợi',NULL,'12',NULL,1),(413,NULL,NULL,NULL,'03434','Xã Nậm Hàng',NULL,'12',NULL,1),(414,NULL,NULL,NULL,'03472','Xã Mường Mô',NULL,'12',NULL,1),(415,NULL,NULL,NULL,'03460','Xã Hua Bum',NULL,'12',NULL,1),(416,NULL,NULL,NULL,'03503','Xã Pa Tần',NULL,'12',NULL,1),(417,NULL,NULL,NULL,'03466','Xã Bum Nưa',NULL,'12',NULL,1),(418,NULL,NULL,NULL,'03433','Xã Bum Tở',NULL,'12',NULL,1),(419,NULL,NULL,NULL,'03445','Xã Mường Tè',NULL,'12',NULL,1),(420,NULL,NULL,NULL,'03439','Xã Thu Lũm',NULL,'12',NULL,1),(421,NULL,NULL,NULL,'03442','Xã Pa Ủ',NULL,'12',NULL,1),(422,NULL,NULL,NULL,'03463','Xã Tà Tổng',NULL,'12',NULL,1),(423,NULL,NULL,NULL,'03451','Xã Mù Cả',NULL,'12',NULL,1),(424,NULL,NULL,NULL,'03646','Phường Tô Hiệu',NULL,'14',NULL,1),(425,NULL,NULL,NULL,'03667','Phường Chiềng An',NULL,'14',NULL,1),(426,NULL,NULL,NULL,'03670','Phường Chiềng Cơi',NULL,'14',NULL,1),(427,NULL,NULL,NULL,'03679','Phường Chiềng Sinh',NULL,'14',NULL,1),(428,NULL,NULL,NULL,'03980','Phường Mộc Châu',NULL,'14',NULL,1),(429,NULL,NULL,NULL,'03979','Phường Mộc Sơn',NULL,'14',NULL,1),(430,NULL,NULL,NULL,'04033','Phường Vân Sơn',NULL,'14',NULL,1),(431,NULL,NULL,NULL,'03982','Phường Thảo Nguyên',NULL,'14',NULL,1),(432,NULL,NULL,NULL,'04000','Xã Đoàn Kết',NULL,'14',NULL,1),(433,NULL,NULL,NULL,'04045','Xã Lóng Sập',NULL,'14',NULL,1),(434,NULL,NULL,NULL,'03985','Xã Chiềng Sơn',NULL,'14',NULL,1),(435,NULL,NULL,NULL,'04048','Xã Vân Hồ',NULL,'14',NULL,1),(436,NULL,NULL,NULL,'04006','Xã Song Khủa',NULL,'14',NULL,1),(437,NULL,NULL,NULL,'04018','Xã Tô Múa',NULL,'14',NULL,1),(438,NULL,NULL,NULL,'04057','Xã Xuân Nha',NULL,'14',NULL,1),(439,NULL,NULL,NULL,'03703','Xã Quỳnh Nhai',NULL,'14',NULL,1),(440,NULL,NULL,NULL,'03688','Xã Mường Chiên',NULL,'14',NULL,1),(441,NULL,NULL,NULL,'03694','Xã Mường Giôn',NULL,'14',NULL,1),(442,NULL,NULL,NULL,'03712','Xã Mường Sại',NULL,'14',NULL,1),(443,NULL,NULL,NULL,'03721','Xã Thuận Châu',NULL,'14',NULL,1),(444,NULL,NULL,NULL,'03754','Xã Chiềng La',NULL,'14',NULL,1),(445,NULL,NULL,NULL,'03784','Xã Nậm Lầu',NULL,'14',NULL,1),(446,NULL,NULL,NULL,'03799','Xã Muổi Nọi',NULL,'14',NULL,1),(447,NULL,NULL,NULL,'03757','Xã Mường Khiêng',NULL,'14',NULL,1),(448,NULL,NULL,NULL,'03781','Xã Co Mạ',NULL,'14',NULL,1),(449,NULL,NULL,NULL,'03724','Xã Bình Thuận',NULL,'14',NULL,1),(450,NULL,NULL,NULL,'03727','Xã Mường É',NULL,'14',NULL,1),(451,NULL,NULL,NULL,'03763','Xã Long Hẹ',NULL,'14',NULL,1),(452,NULL,NULL,NULL,'03808','Xã Mường La',NULL,'14',NULL,1),(453,NULL,NULL,NULL,'03814','Xã Chiềng Lao',NULL,'14',NULL,1),(454,NULL,NULL,NULL,'03847','Xã Mường Bú',NULL,'14',NULL,1),(455,NULL,NULL,NULL,'03850','Xã Chiềng Hoa',NULL,'14',NULL,1),(456,NULL,NULL,NULL,'03856','Xã Bắc Yên',NULL,'14',NULL,1),(457,NULL,NULL,NULL,'03868','Xã Tà Xùa',NULL,'14',NULL,1),(458,NULL,NULL,NULL,'03880','Xã Tạ Khoa',NULL,'14',NULL,1),(459,NULL,NULL,NULL,'03862','Xã Xím Vàng',NULL,'14',NULL,1),(460,NULL,NULL,NULL,'03871','Xã Pắc Ngà',NULL,'14',NULL,1),(461,NULL,NULL,NULL,'03892','Xã Chiềng Sại',NULL,'14',NULL,1),(462,NULL,NULL,NULL,'03910','Xã Phù Yên',NULL,'14',NULL,1),(463,NULL,NULL,NULL,'03922','Xã Gia Phù',NULL,'14',NULL,1),(464,NULL,NULL,NULL,'03958','Xã Tường Hạ',NULL,'14',NULL,1),(465,NULL,NULL,NULL,'03907','Xã Mường Cơi',NULL,'14',NULL,1),(466,NULL,NULL,NULL,'03943','Xã Mường Bang',NULL,'14',NULL,1),(467,NULL,NULL,NULL,'03970','Xã Tân Phong',NULL,'14',NULL,1),(468,NULL,NULL,NULL,'03961','Xã Kim Bon',NULL,'14',NULL,1),(469,NULL,NULL,NULL,'04075','Xã Yên Châu',NULL,'14',NULL,1),(470,NULL,NULL,NULL,'04078','Xã Chiềng Hặc',NULL,'14',NULL,1),(471,NULL,NULL,NULL,'04096','Xã Lóng Phiêng',NULL,'14',NULL,1),(472,NULL,NULL,NULL,'04087','Xã Yên Sơn',NULL,'14',NULL,1),(473,NULL,NULL,NULL,'04132','Xã Chiềng Mai',NULL,'14',NULL,1),(474,NULL,NULL,NULL,'04105','Xã Mai Sơn',NULL,'14',NULL,1),(475,NULL,NULL,NULL,'04159','Xã Phiêng Pằn',NULL,'14',NULL,1),(476,NULL,NULL,NULL,'04123','Xã Chiềng Mung',NULL,'14',NULL,1),(477,NULL,NULL,NULL,'04144','Xã Phiêng Cằm',NULL,'14',NULL,1),(478,NULL,NULL,NULL,'04117','Xã Mường Chanh',NULL,'14',NULL,1),(479,NULL,NULL,NULL,'04136','Xã Tà Hộc',NULL,'14',NULL,1),(480,NULL,NULL,NULL,'04108','Xã Chiềng Sung',NULL,'14',NULL,1),(481,NULL,NULL,NULL,'04171','Xã Bó Sinh',NULL,'14',NULL,1),(482,NULL,NULL,NULL,'04222','Xã Chiềng Khương',NULL,'14',NULL,1),(483,NULL,NULL,NULL,'04219','Xã Mường Hung',NULL,'14',NULL,1),(484,NULL,NULL,NULL,'04204','Xã Chiềng Khoong',NULL,'14',NULL,1),(485,NULL,NULL,NULL,'04183','Xã Mường Lầm',NULL,'14',NULL,1),(486,NULL,NULL,NULL,'04186','Xã Nậm Ty',NULL,'14',NULL,1),(487,NULL,NULL,NULL,'04168','Xã Sông Mã',NULL,'14',NULL,1),(488,NULL,NULL,NULL,'04210','Xã Huổi Một',NULL,'14',NULL,1),(489,NULL,NULL,NULL,'04195','Xã Chiềng Sơ',NULL,'14',NULL,1),(490,NULL,NULL,NULL,'04231','Xã Sốp Cộp',NULL,'14',NULL,1),(491,NULL,NULL,NULL,'04228','Xã Púng Bánh',NULL,'14',NULL,1),(492,NULL,NULL,NULL,'03997','Xã Tân Yên',NULL,'14',NULL,1),(493,NULL,NULL,NULL,'03760','Xã Mường Bám',NULL,'14',NULL,1),(494,NULL,NULL,NULL,'03820','Xã Ngọc Chiến',NULL,'14',NULL,1),(495,NULL,NULL,NULL,'03901','Xã Suối Tọ',NULL,'14',NULL,1),(496,NULL,NULL,NULL,'04099','Xã Phiêng Khoài',NULL,'14',NULL,1),(497,NULL,NULL,NULL,'04246','Xã Mường Lạn',NULL,'14',NULL,1),(498,NULL,NULL,NULL,'04240','Xã Mường Lèo',NULL,'14',NULL,1),(499,NULL,NULL,NULL,'04465','Xã Khao Mang',NULL,'15',NULL,1),(500,NULL,NULL,NULL,'04456','Xã Mù Cang Chải',NULL,'15',NULL,1),(501,NULL,NULL,NULL,'04492','Xã Púng Luông',NULL,'15',NULL,1),(502,NULL,NULL,NULL,'04630','Xã Tú Lệ',NULL,'15',NULL,1),(503,NULL,NULL,NULL,'04591','Xã Trạm Tấu',NULL,'15',NULL,1),(504,NULL,NULL,NULL,'04585','Xã Hạnh Phúc',NULL,'15',NULL,1),(505,NULL,NULL,NULL,'04609','Xã Phình Hồ',NULL,'15',NULL,1),(506,NULL,NULL,NULL,'04288','Phường Nghĩa Lộ',NULL,'15',NULL,1),(507,NULL,NULL,NULL,'04663','Phường Trung Tâm',NULL,'15',NULL,1),(508,NULL,NULL,NULL,'04678','Phường Cầu Thia',NULL,'15',NULL,1),(509,NULL,NULL,NULL,'04660','Xã Liên Sơn',NULL,'15',NULL,1),(510,NULL,NULL,NULL,'04636','Xã Gia Hội',NULL,'15',NULL,1),(511,NULL,NULL,NULL,'04651','Xã Sơn Lương',NULL,'15',NULL,1),(512,NULL,NULL,NULL,'04705','Xã Thượng Bằng La',NULL,'15',NULL,1),(513,NULL,NULL,NULL,'04699','Xã Chấn Thịnh',NULL,'15',NULL,1),(514,NULL,NULL,NULL,'04711','Xã Nghĩa Tâm',NULL,'15',NULL,1),(515,NULL,NULL,NULL,'04672','Xã Văn Chấn',NULL,'15',NULL,1),(516,NULL,NULL,NULL,'04402','Xã Phong Dụ Hạ',NULL,'15',NULL,1),(517,NULL,NULL,NULL,'04387','Xã Châu Quế',NULL,'15',NULL,1),(518,NULL,NULL,NULL,'04381','Xã Lâm Giang',NULL,'15',NULL,1),(519,NULL,NULL,NULL,'04399','Xã Đông Cuông',NULL,'15',NULL,1),(520,NULL,NULL,NULL,'04429','Xã Tân Hợp',NULL,'15',NULL,1),(521,NULL,NULL,NULL,'04375','Xã Mậu A',NULL,'15',NULL,1),(522,NULL,NULL,NULL,'04441','Xã Xuân Ái',NULL,'15',NULL,1),(523,NULL,NULL,NULL,'04450','Xã Mỏ Vàng',NULL,'15',NULL,1),(524,NULL,NULL,NULL,'04318','Xã Lâm Thượng',NULL,'15',NULL,1),(525,NULL,NULL,NULL,'04303','Xã Lục Yên',NULL,'15',NULL,1),(526,NULL,NULL,NULL,'04336','Xã Tân Lĩnh',NULL,'15',NULL,1),(527,NULL,NULL,NULL,'04333','Xã Khánh Hòa',NULL,'15',NULL,1),(528,NULL,NULL,NULL,'04363','Xã Phúc Lợi',NULL,'15',NULL,1),(529,NULL,NULL,NULL,'04345','Xã Mường Lai',NULL,'15',NULL,1),(530,NULL,NULL,NULL,'04726','Xã Cảm Nhân',NULL,'15',NULL,1),(531,NULL,NULL,NULL,'04744','Xã Yên Thành',NULL,'15',NULL,1),(532,NULL,NULL,NULL,'04717','Xã Thác Bà',NULL,'15',NULL,1),(533,NULL,NULL,NULL,'04714','Xã Yên Bình',NULL,'15',NULL,1),(534,NULL,NULL,NULL,'04750','Xã Bảo Ái',NULL,'15',NULL,1),(535,NULL,NULL,NULL,'04279','Phường Văn Phú',NULL,'15',NULL,1),(536,NULL,NULL,NULL,'04252','Phường Yên Bái',NULL,'15',NULL,1),(537,NULL,NULL,NULL,'04273','Phường Nam Cường',NULL,'15',NULL,1),(538,NULL,NULL,NULL,'04543','Phường Âu Lâu',NULL,'15',NULL,1),(539,NULL,NULL,NULL,'04498','Xã Trấn Yên',NULL,'15',NULL,1),(540,NULL,NULL,NULL,'04576','Xã Hưng Khánh',NULL,'15',NULL,1),(541,NULL,NULL,NULL,'04537','Xã Lương Thịnh',NULL,'15',NULL,1),(542,NULL,NULL,NULL,'04564','Xã Việt Hồng',NULL,'15',NULL,1),(543,NULL,NULL,NULL,'04531','Xã Quy Mông',NULL,'15',NULL,1),(544,NULL,NULL,NULL,'02902','Xã Phong Hải',NULL,'15',NULL,1),(545,NULL,NULL,NULL,'02926','Xã Xuân Quang',NULL,'15',NULL,1),(546,NULL,NULL,NULL,'02905','Xã Bảo Thắng',NULL,'15',NULL,1),(547,NULL,NULL,NULL,'02908','Xã Tằng Loỏng',NULL,'15',NULL,1),(548,NULL,NULL,NULL,'02923','Xã Gia Phú',NULL,'15',NULL,1),(549,NULL,NULL,NULL,'02746','Xã Cốc San',NULL,'15',NULL,1),(550,NULL,NULL,NULL,'02680','Xã Hợp Thành',NULL,'15',NULL,1),(551,NULL,NULL,NULL,'02674','Phường Cam Đường',NULL,'15',NULL,1),(552,NULL,NULL,NULL,'02647','Phường Lào Cai',NULL,'15',NULL,1),(553,NULL,NULL,NULL,'02728','Xã Mường Hum',NULL,'15',NULL,1),(554,NULL,NULL,NULL,'02707','Xã Dền Sáng',NULL,'15',NULL,1),(555,NULL,NULL,NULL,'02701','Xã Y Tý',NULL,'15',NULL,1),(556,NULL,NULL,NULL,'02686','Xã A Mú Sung',NULL,'15',NULL,1),(557,NULL,NULL,NULL,'02695','Xã Trịnh Tường',NULL,'15',NULL,1),(558,NULL,NULL,NULL,'02725','Xã Bản Xèo',NULL,'15',NULL,1),(559,NULL,NULL,NULL,'02683','Xã Bát Xát',NULL,'15',NULL,1),(560,NULL,NULL,NULL,'02953','Xã Nghĩa Đô',NULL,'15',NULL,1),(561,NULL,NULL,NULL,'02968','Xã Thượng Hà',NULL,'15',NULL,1),(562,NULL,NULL,NULL,'02947','Xã Bảo Yên',NULL,'15',NULL,1),(563,NULL,NULL,NULL,'02962','Xã Xuân Hòa',NULL,'15',NULL,1),(564,NULL,NULL,NULL,'02998','Xã Phúc Khánh',NULL,'15',NULL,1),(565,NULL,NULL,NULL,'02989','Xã Bảo Hà',NULL,'15',NULL,1),(566,NULL,NULL,NULL,'03061','Xã Võ Lao',NULL,'15',NULL,1),(567,NULL,NULL,NULL,'03103','Xã Khánh Yên',NULL,'15',NULL,1),(568,NULL,NULL,NULL,'03082','Xã Văn Bàn',NULL,'15',NULL,1),(569,NULL,NULL,NULL,'03106','Xã Dương Quỳ',NULL,'15',NULL,1),(570,NULL,NULL,NULL,'03091','Xã Chiềng Ken',NULL,'15',NULL,1),(571,NULL,NULL,NULL,'03121','Xã Minh Lương',NULL,'15',NULL,1),(572,NULL,NULL,NULL,'03076','Xã Nậm Chày',NULL,'15',NULL,1),(573,NULL,NULL,NULL,'03043','Xã Mường Bo',NULL,'15',NULL,1),(574,NULL,NULL,NULL,'03046','Xã Bản Hồ',NULL,'15',NULL,1),(575,NULL,NULL,NULL,'03013','Xã Tả Phìn',NULL,'15',NULL,1),(576,NULL,NULL,NULL,'03037','Xã Tả Van',NULL,'15',NULL,1),(577,NULL,NULL,NULL,'03006','Phường Sa Pa',NULL,'15',NULL,1),(578,NULL,NULL,NULL,'02896','Xã Cốc Lầu',NULL,'15',NULL,1),(579,NULL,NULL,NULL,'02890','Xã Bảo Nhai',NULL,'15',NULL,1),(580,NULL,NULL,NULL,'02869','Xã Bản Liền',NULL,'15',NULL,1),(581,NULL,NULL,NULL,'02839','Xã Bắc Hà',NULL,'15',NULL,1),(582,NULL,NULL,NULL,'02842','Xã Tả Củ Tỷ',NULL,'15',NULL,1),(583,NULL,NULL,NULL,'02848','Xã Lùng Phình',NULL,'15',NULL,1),(584,NULL,NULL,NULL,'02752','Xã Pha Long',NULL,'15',NULL,1),(585,NULL,NULL,NULL,'02761','Xã Mường Khương',NULL,'15',NULL,1),(586,NULL,NULL,NULL,'02788','Xã Bản Lầu',NULL,'15',NULL,1),(587,NULL,NULL,NULL,'02791','Xã Cao Sơn',NULL,'15',NULL,1),(588,NULL,NULL,NULL,'02809','Xã Si Ma Cai',NULL,'15',NULL,1),(589,NULL,NULL,NULL,'02824','Xã Sín Chéng',NULL,'15',NULL,1),(590,NULL,NULL,NULL,'04474','Xã Lao Chải',NULL,'15',NULL,1),(591,NULL,NULL,NULL,'04489','Xã Chế Tạo',NULL,'15',NULL,1),(592,NULL,NULL,NULL,'04462','Xã Nậm Có',NULL,'15',NULL,1),(593,NULL,NULL,NULL,'04603','Xã Tà Xi Láng',NULL,'15',NULL,1),(594,NULL,NULL,NULL,'04423','Xã Phong Dụ Thượng',NULL,'15',NULL,1),(595,NULL,NULL,NULL,'04693','Xã Cát Thịnh',NULL,'15',NULL,1),(596,NULL,NULL,NULL,'03085','Xã Nậm Xé',NULL,'15',NULL,1),(597,NULL,NULL,NULL,'03004','Xã Ngũ Chỉ Sơn',NULL,'15',NULL,1),(598,NULL,NULL,NULL,'05443','Phường Phan Đình Phùng',NULL,'19',NULL,1),(599,NULL,NULL,NULL,'05710','Phường Linh Sơn',NULL,'19',NULL,1),(600,NULL,NULL,NULL,'05500','Phường Tích Lương',NULL,'19',NULL,1),(601,NULL,NULL,NULL,'05467','Phường Gia Sàng',NULL,'19',NULL,1),(602,NULL,NULL,NULL,'05455','Phường Quyết Thắng',NULL,'19',NULL,1),(603,NULL,NULL,NULL,'05482','Phường Quan Triều',NULL,'19',NULL,1),(604,NULL,NULL,NULL,'05503','Xã Tân Cương',NULL,'19',NULL,1),(605,NULL,NULL,NULL,'05488','Xã Đại Phúc',NULL,'19',NULL,1),(606,NULL,NULL,NULL,'05830','Xã Đại Từ',NULL,'19',NULL,1),(607,NULL,NULL,NULL,'05776','Xã Đức Lương',NULL,'19',NULL,1),(608,NULL,NULL,NULL,'05800','Xã Phú Thịnh',NULL,'19',NULL,1),(609,NULL,NULL,NULL,'05818','Xã La Bằng',NULL,'19',NULL,1),(610,NULL,NULL,NULL,'05794','Xã Phú Lạc',NULL,'19',NULL,1),(611,NULL,NULL,NULL,'05809','Xã An Khánh',NULL,'19',NULL,1),(612,NULL,NULL,NULL,'05851','Xã Quân Chu',NULL,'19',NULL,1),(613,NULL,NULL,NULL,'05845','Xã Vạn Phú',NULL,'19',NULL,1),(614,NULL,NULL,NULL,'05773','Xã Phú Xuyên',NULL,'19',NULL,1),(615,NULL,NULL,NULL,'05860','Phường Phổ Yên',NULL,'19',NULL,1),(616,NULL,NULL,NULL,'05890','Phường Vạn Xuân',NULL,'19',NULL,1),(617,NULL,NULL,NULL,'05899','Phường Trung Thành',NULL,'19',NULL,1),(618,NULL,NULL,NULL,'05857','Phường Phúc Thuận',NULL,'19',NULL,1),(619,NULL,NULL,NULL,'05881','Xã Thành Công',NULL,'19',NULL,1),(620,NULL,NULL,NULL,'05908','Xã Phú Bình',NULL,'19',NULL,1),(621,NULL,NULL,NULL,'05923','Xã Tân Thành',NULL,'19',NULL,1),(622,NULL,NULL,NULL,'05941','Xã Điềm Thụy',NULL,'19',NULL,1),(623,NULL,NULL,NULL,'05953','Xã Kha Sơn',NULL,'19',NULL,1),(624,NULL,NULL,NULL,'05917','Xã Tân Khánh',NULL,'19',NULL,1),(625,NULL,NULL,NULL,'05692','Xã Đồng Hỷ',NULL,'19',NULL,1),(626,NULL,NULL,NULL,'05674','Xã Quang Sơn',NULL,'19',NULL,1),(627,NULL,NULL,NULL,'05662','Xã Trại Cau',NULL,'19',NULL,1),(628,NULL,NULL,NULL,'05707','Xã Nam Hòa',NULL,'19',NULL,1),(629,NULL,NULL,NULL,'05680','Xã Văn Hán',NULL,'19',NULL,1),(630,NULL,NULL,NULL,'05665','Xã Văn Lăng',NULL,'19',NULL,1),(631,NULL,NULL,NULL,'05518','Phường Sông Công',NULL,'19',NULL,1),(632,NULL,NULL,NULL,'05533','Phường Bá Xuyên',NULL,'19',NULL,1),(633,NULL,NULL,NULL,'05528','Phường Bách Quang',NULL,'19',NULL,1),(634,NULL,NULL,NULL,'05611','Xã Phú Lương',NULL,'19',NULL,1),(635,NULL,NULL,NULL,'05641','Xã Vô Tranh',NULL,'19',NULL,1),(636,NULL,NULL,NULL,'05620','Xã Yên Trạch',NULL,'19',NULL,1),(637,NULL,NULL,NULL,'05632','Xã Hợp Thành',NULL,'19',NULL,1),(638,NULL,NULL,NULL,'05569','Xã Định Hóa',NULL,'19',NULL,1),(639,NULL,NULL,NULL,'05587','Xã Bình Yên',NULL,'19',NULL,1),(640,NULL,NULL,NULL,'05581','Xã Trung Hội',NULL,'19',NULL,1),(641,NULL,NULL,NULL,'05563','Xã Phượng Tiến',NULL,'19',NULL,1),(642,NULL,NULL,NULL,'05602','Xã Phú Đình',NULL,'19',NULL,1),(643,NULL,NULL,NULL,'05605','Xã Bình Thành',NULL,'19',NULL,1),(644,NULL,NULL,NULL,'05551','Xã Kim Phượng',NULL,'19',NULL,1),(645,NULL,NULL,NULL,'05542','Xã Lam Vỹ',NULL,'19',NULL,1),(646,NULL,NULL,NULL,'05716','Xã Võ Nhai',NULL,'19',NULL,1),(647,NULL,NULL,NULL,'05755','Xã Dân Tiến',NULL,'19',NULL,1),(648,NULL,NULL,NULL,'05722','Xã Nghinh Tường',NULL,'19',NULL,1),(649,NULL,NULL,NULL,'05725','Xã Thần Sa',NULL,'19',NULL,1),(650,NULL,NULL,NULL,'05740','Xã La Hiên',NULL,'19',NULL,1),(651,NULL,NULL,NULL,'05746','Xã Tràng Xá',NULL,'19',NULL,1),(652,NULL,NULL,NULL,'01864','Xã Bằng Thành',NULL,'19',NULL,1),(653,NULL,NULL,NULL,'01882','Xã Nghiên Loan',NULL,'19',NULL,1),(654,NULL,NULL,NULL,'01879','Xã Cao Minh',NULL,'19',NULL,1),(655,NULL,NULL,NULL,'01906','Xã Ba Bể',NULL,'19',NULL,1),(656,NULL,NULL,NULL,'01912','Xã Chợ Rã',NULL,'19',NULL,1),(657,NULL,NULL,NULL,'01894','Xã Phúc Lộc',NULL,'19',NULL,1),(658,NULL,NULL,NULL,'01921','Xã Thượng Minh',NULL,'19',NULL,1),(659,NULL,NULL,NULL,'01933','Xã Đồng Phúc',NULL,'19',NULL,1),(660,NULL,NULL,NULL,'02116','Xã Yên Bình',NULL,'19',NULL,1),(661,NULL,NULL,NULL,'01942','Xã Bằng Vân',NULL,'19',NULL,1),(662,NULL,NULL,NULL,'01954','Xã Ngân Sơn',NULL,'19',NULL,1),(663,NULL,NULL,NULL,'01936','Xã Nà Phặc',NULL,'19',NULL,1),(664,NULL,NULL,NULL,'01960','Xã Hiệp Lực',NULL,'19',NULL,1),(665,NULL,NULL,NULL,'02026','Xã Nam Cường',NULL,'19',NULL,1),(666,NULL,NULL,NULL,'02038','Xã Quảng Bạch',NULL,'19',NULL,1),(667,NULL,NULL,NULL,'02044','Xã Yên Thịnh',NULL,'19',NULL,1),(668,NULL,NULL,NULL,'02020','Xã Chợ Đồn',NULL,'19',NULL,1),(669,NULL,NULL,NULL,'02083','Xã Yên Phong',NULL,'19',NULL,1),(670,NULL,NULL,NULL,'02071','Xã Nghĩa Tá',NULL,'19',NULL,1),(671,NULL,NULL,NULL,'01969','Xã Phủ Thông',NULL,'19',NULL,1),(672,NULL,NULL,NULL,'02008','Xã Cẩm Giàng',NULL,'19',NULL,1),(673,NULL,NULL,NULL,'01981','Xã Vĩnh Thông',NULL,'19',NULL,1),(674,NULL,NULL,NULL,'02014','Xã Bạch Thông',NULL,'19',NULL,1),(675,NULL,NULL,NULL,'01849','Xã Phong Quang',NULL,'19',NULL,1),(676,NULL,NULL,NULL,'01840','Phường Đức Xuân',NULL,'19',NULL,1),(677,NULL,NULL,NULL,'01843','Phường Bắc Kạn',NULL,'19',NULL,1),(678,NULL,NULL,NULL,'02143','Xã Văn Lang',NULL,'19',NULL,1),(679,NULL,NULL,NULL,'02152','Xã Cường Lợi',NULL,'19',NULL,1),(680,NULL,NULL,NULL,'02155','Xã Na Rì',NULL,'19',NULL,1),(681,NULL,NULL,NULL,'02176','Xã Trần Phú',NULL,'19',NULL,1),(682,NULL,NULL,NULL,'02185','Xã Côn Minh',NULL,'19',NULL,1),(683,NULL,NULL,NULL,'02191','Xã Xuân Dương',NULL,'19',NULL,1),(684,NULL,NULL,NULL,'02104','Xã Tân Kỳ',NULL,'19',NULL,1),(685,NULL,NULL,NULL,'02101','Xã Thanh Mai',NULL,'19',NULL,1),(686,NULL,NULL,NULL,'02107','Xã Thanh Thịnh',NULL,'19',NULL,1),(687,NULL,NULL,NULL,'02086','Xã Chợ Mới',NULL,'19',NULL,1),(688,NULL,NULL,NULL,'05719','Xã Sảng Mộc',NULL,'19',NULL,1),(689,NULL,NULL,NULL,'01957','Xã Thượng Quan',NULL,'19',NULL,1),(690,NULL,NULL,NULL,'06040','Xã Thất Khê',NULL,'20',NULL,1),(691,NULL,NULL,NULL,'06001','Xã Đoàn Kết',NULL,'20',NULL,1),(692,NULL,NULL,NULL,'06019','Xã Tân Tiến',NULL,'20',NULL,1),(693,NULL,NULL,NULL,'06046','Xã Tràng Định',NULL,'20',NULL,1),(694,NULL,NULL,NULL,'06016','Xã Quốc Khánh',NULL,'20',NULL,1),(695,NULL,NULL,NULL,'06037','Xã Kháng Chiến',NULL,'20',NULL,1),(696,NULL,NULL,NULL,'06058','Xã Quốc Việt',NULL,'20',NULL,1),(697,NULL,NULL,NULL,'06112','Xã Bình Gia',NULL,'20',NULL,1),(698,NULL,NULL,NULL,'06115','Xã Tân Văn',NULL,'20',NULL,1),(699,NULL,NULL,NULL,'06079','Xã Hồng Phong',NULL,'20',NULL,1),(700,NULL,NULL,NULL,'06073','Xã Hoa Thám',NULL,'20',NULL,1),(701,NULL,NULL,NULL,'06076','Xã Quý Hòa',NULL,'20',NULL,1),(702,NULL,NULL,NULL,'06085','Xã Thiện Hòa',NULL,'20',NULL,1),(703,NULL,NULL,NULL,'06091','Xã Thiện Thuật',NULL,'20',NULL,1),(704,NULL,NULL,NULL,'06103','Xã Thiện Long',NULL,'20',NULL,1),(705,NULL,NULL,NULL,'06325','Xã Bắc Sơn',NULL,'20',NULL,1),(706,NULL,NULL,NULL,'06349','Xã Hưng Vũ',NULL,'20',NULL,1),(707,NULL,NULL,NULL,'06367','Xã Vũ Lăng',NULL,'20',NULL,1),(708,NULL,NULL,NULL,'06376','Xã Nhất Hòa',NULL,'20',NULL,1),(709,NULL,NULL,NULL,'06364','Xã Vũ Lễ',NULL,'20',NULL,1),(710,NULL,NULL,NULL,'06337','Xã Tân Tri',NULL,'20',NULL,1),(711,NULL,NULL,NULL,'06253','Xã Văn Quan',NULL,'20',NULL,1),(712,NULL,NULL,NULL,'06280','Xã Điềm He',NULL,'20',NULL,1),(713,NULL,NULL,NULL,'06313','Xã Tri Lễ',NULL,'20',NULL,1),(714,NULL,NULL,NULL,'06298','Xã Yên Phúc',NULL,'20',NULL,1),(715,NULL,NULL,NULL,'06316','Xã Tân Đoàn',NULL,'20',NULL,1),(716,NULL,NULL,NULL,'06286','Xã Khánh Khê',NULL,'20',NULL,1),(717,NULL,NULL,NULL,'06214','Xã Na Sầm',NULL,'20',NULL,1),(718,NULL,NULL,NULL,'06154','Xã Văn Lãng',NULL,'20',NULL,1),(719,NULL,NULL,NULL,'06151','Xã Hội Hoan',NULL,'20',NULL,1),(720,NULL,NULL,NULL,'06148','Xã Thụy Hùng',NULL,'20',NULL,1),(721,NULL,NULL,NULL,'06172','Xã Tân Thanh',NULL,'20',NULL,1),(722,NULL,NULL,NULL,'06529','Xã Lộc Bình',NULL,'20',NULL,1),(723,NULL,NULL,NULL,'06541','Xã Mẫu Sơn',NULL,'20',NULL,1),(724,NULL,NULL,NULL,'06526','Xã Na Dương',NULL,'20',NULL,1),(725,NULL,NULL,NULL,'06601','Xã Lợi Bác',NULL,'20',NULL,1),(726,NULL,NULL,NULL,'06577','Xã Thống Nhất',NULL,'20',NULL,1),(727,NULL,NULL,NULL,'06607','Xã Xuân Dương',NULL,'20',NULL,1),(728,NULL,NULL,NULL,'06565','Xã Khuất Xá',NULL,'20',NULL,1),(729,NULL,NULL,NULL,'06613','Xã Đình Lập',NULL,'20',NULL,1),(730,NULL,NULL,NULL,'06637','Xã Châu Sơn',NULL,'20',NULL,1),(731,NULL,NULL,NULL,'06625','Xã Kiên Mộc',NULL,'20',NULL,1),(732,NULL,NULL,NULL,'06616','Xã Thái Bình',NULL,'20',NULL,1),(733,NULL,NULL,NULL,'06385','Xã Hữu Lũng',NULL,'20',NULL,1),(734,NULL,NULL,NULL,'06457','Xã Tuấn Sơn',NULL,'20',NULL,1),(735,NULL,NULL,NULL,'06445','Xã Tân Thành',NULL,'20',NULL,1),(736,NULL,NULL,NULL,'06415','Xã Vân Nham',NULL,'20',NULL,1),(737,NULL,NULL,NULL,'06421','Xã Thiện Tân',NULL,'20',NULL,1),(738,NULL,NULL,NULL,'06391','Xã Yên Bình',NULL,'20',NULL,1),(739,NULL,NULL,NULL,'06400','Xã Hữu Liên',NULL,'20',NULL,1),(740,NULL,NULL,NULL,'06427','Xã Cai Kinh',NULL,'20',NULL,1),(741,NULL,NULL,NULL,'06463','Xã Chi Lăng',NULL,'20',NULL,1),(742,NULL,NULL,NULL,'06496','Xã Nhân Lý',NULL,'20',NULL,1),(743,NULL,NULL,NULL,'06481','Xã Chiến Thắng',NULL,'20',NULL,1),(744,NULL,NULL,NULL,'06517','Xã Quan Sơn',NULL,'20',NULL,1),(745,NULL,NULL,NULL,'06475','Xã Bằng Mạc',NULL,'20',NULL,1),(746,NULL,NULL,NULL,'06505','Xã Vạn Linh',NULL,'20',NULL,1),(747,NULL,NULL,NULL,'06184','Xã Đồng Đăng',NULL,'20',NULL,1),(748,NULL,NULL,NULL,'06193','Xã Cao Lộc',NULL,'20',NULL,1),(749,NULL,NULL,NULL,'06220','Xã Công Sơn',NULL,'20',NULL,1),(750,NULL,NULL,NULL,'06202','Xã Ba Sơn',NULL,'20',NULL,1),(751,NULL,NULL,NULL,'05986','Phường Tam Thanh',NULL,'20',NULL,1),(752,NULL,NULL,NULL,'05983','Phường Lương Văn Tri',NULL,'20',NULL,1),(753,NULL,NULL,NULL,'06187','Phường Hoàng Văn Thụ',NULL,'20',NULL,1),(754,NULL,NULL,NULL,'05977','Phường Đông Kinh',NULL,'20',NULL,1),(755,NULL,NULL,NULL,'07090','Phường An Sinh',NULL,'22',NULL,1),(756,NULL,NULL,NULL,'07093','Phường Đông Triều',NULL,'22',NULL,1),(757,NULL,NULL,NULL,'07081','Phường Bình Khê',NULL,'22',NULL,1),(758,NULL,NULL,NULL,'07069','Phường Mạo Khê',NULL,'22',NULL,1),(759,NULL,NULL,NULL,'07114','Phường Hoàng Quế',NULL,'22',NULL,1),(760,NULL,NULL,NULL,'06832','Phường Yên Tử',NULL,'22',NULL,1),(761,NULL,NULL,NULL,'06820','Phường Vàng Danh',NULL,'22',NULL,1),(762,NULL,NULL,NULL,'06811','Phường Uông Bí',NULL,'22',NULL,1),(763,NULL,NULL,NULL,'07135','Phường Đông Mai',NULL,'22',NULL,1),(764,NULL,NULL,NULL,'07147','Phường Hiệp Hòa',NULL,'22',NULL,1),(765,NULL,NULL,NULL,'07132','Phường Quảng Yên',NULL,'22',NULL,1),(766,NULL,NULL,NULL,'07168','Phường Hà An',NULL,'22',NULL,1),(767,NULL,NULL,NULL,'07183','Phường Phong Cốc',NULL,'22',NULL,1),(768,NULL,NULL,NULL,'07180','Phường Liên Hòa',NULL,'22',NULL,1),(769,NULL,NULL,NULL,'06706','Phường Tuần Châu',NULL,'22',NULL,1),(770,NULL,NULL,NULL,'06661','Phường Việt Hưng',NULL,'22',NULL,1),(771,NULL,NULL,NULL,'06673','Phường Bãi Cháy',NULL,'22',NULL,1),(772,NULL,NULL,NULL,'06652','Phường Hà Tu',NULL,'22',NULL,1),(773,NULL,NULL,NULL,'06676','Phường Hà Lầm',NULL,'22',NULL,1),(774,NULL,NULL,NULL,'06658','Phường Cao Xanh',NULL,'22',NULL,1),(775,NULL,NULL,NULL,'06685','Phường Hồng Gai',NULL,'22',NULL,1),(776,NULL,NULL,NULL,'06688','Phường Hạ Long',NULL,'22',NULL,1),(777,NULL,NULL,NULL,'07030','Phường Hoành Bồ',NULL,'22',NULL,1),(778,NULL,NULL,NULL,'07054','Xã Quảng La',NULL,'22',NULL,1),(779,NULL,NULL,NULL,'07060','Xã Thống Nhất',NULL,'22',NULL,1),(780,NULL,NULL,NULL,'06760','Phường Mông Dương',NULL,'22',NULL,1),(781,NULL,NULL,NULL,'06778','Phường Quang Hanh',NULL,'22',NULL,1),(782,NULL,NULL,NULL,'06793','Phường Cẩm Phả',NULL,'22',NULL,1),(783,NULL,NULL,NULL,'06781','Phường Cửa Ông',NULL,'22',NULL,1),(784,NULL,NULL,NULL,'06799','Xã Hải Hòa',NULL,'22',NULL,1),(785,NULL,NULL,NULL,'06862','Xã Tiên Yên',NULL,'22',NULL,1),(786,NULL,NULL,NULL,'06874','Xã Điền Xá',NULL,'22',NULL,1),(787,NULL,NULL,NULL,'06877','Xã Đông Ngũ',NULL,'22',NULL,1),(788,NULL,NULL,NULL,'06886','Xã Hải Lạng',NULL,'22',NULL,1),(789,NULL,NULL,NULL,'06985','Xã Lương Minh',NULL,'22',NULL,1),(790,NULL,NULL,NULL,'06979','Xã Kỳ Thượng',NULL,'22',NULL,1),(791,NULL,NULL,NULL,'06970','Xã Ba Chẽ',NULL,'22',NULL,1),(792,NULL,NULL,NULL,'06913','Xã Quảng Tân',NULL,'22',NULL,1),(793,NULL,NULL,NULL,'06895','Xã Đầm Hà',NULL,'22',NULL,1),(794,NULL,NULL,NULL,'06922','Xã Quảng Hà',NULL,'22',NULL,1),(795,NULL,NULL,NULL,'06946','Xã Đường Hoa',NULL,'22',NULL,1),(796,NULL,NULL,NULL,'06931','Xã Quảng Đức',NULL,'22',NULL,1),(797,NULL,NULL,NULL,'06841','Xã Hoành Mô',NULL,'22',NULL,1),(798,NULL,NULL,NULL,'06856','Xã Lục Hồn',NULL,'22',NULL,1),(799,NULL,NULL,NULL,'06838','Xã Bình Liêu',NULL,'22',NULL,1),(800,NULL,NULL,NULL,'06724','Xã Hải Sơn',NULL,'22',NULL,1),(801,NULL,NULL,NULL,'06733','Xã Hải Ninh',NULL,'22',NULL,1),(802,NULL,NULL,NULL,'06757','Xã Vĩnh Thực',NULL,'22',NULL,1),(803,NULL,NULL,NULL,'06712','Phường Móng Cái 1',NULL,'22',NULL,1),(804,NULL,NULL,NULL,'06709','Phường Móng Cái 2',NULL,'22',NULL,1),(805,NULL,NULL,NULL,'06736','Phường Móng Cái 3',NULL,'22',NULL,1),(806,NULL,NULL,NULL,'06994','Đặc khu Vân Đồn',NULL,'22',NULL,1),(807,NULL,NULL,NULL,'07192','Đặc khu Cô Tô',NULL,'22',NULL,1),(808,NULL,NULL,NULL,'06967','Xã Cái Chiên',NULL,'22',NULL,1),(809,NULL,NULL,NULL,'07627','Xã Đại Sơn',NULL,'24',NULL,1),(810,NULL,NULL,NULL,'07615','Xã Sơn Động',NULL,'24',NULL,1),(811,NULL,NULL,NULL,'07616','Xã Tây Yên Tử',NULL,'24',NULL,1),(812,NULL,NULL,NULL,'07672','Xã Dương Hưu',NULL,'24',NULL,1),(813,NULL,NULL,NULL,'07642','Xã Yên Định',NULL,'24',NULL,1),(814,NULL,NULL,NULL,'07654','Xã An Lạc',NULL,'24',NULL,1),(815,NULL,NULL,NULL,'07621','Xã Vân Sơn',NULL,'24',NULL,1),(816,NULL,NULL,NULL,'07573','Xã Biển Động',NULL,'24',NULL,1),(817,NULL,NULL,NULL,'07582','Xã Lục Ngạn',NULL,'24',NULL,1),(818,NULL,NULL,NULL,'07594','Xã Đèo Gia',NULL,'24',NULL,1),(819,NULL,NULL,NULL,'07543','Xã Sơn Hải',NULL,'24',NULL,1),(820,NULL,NULL,NULL,'07531','Xã Tân Sơn',NULL,'24',NULL,1),(821,NULL,NULL,NULL,'07537','Xã Biên Sơn',NULL,'24',NULL,1),(822,NULL,NULL,NULL,'07534','Xã Sa Lý',NULL,'24',NULL,1),(823,NULL,NULL,NULL,'07603','Xã Nam Dương',NULL,'24',NULL,1),(824,NULL,NULL,NULL,'07552','Xã Kiên Lao',NULL,'24',NULL,1),(825,NULL,NULL,NULL,'07525','Phường Chũ',NULL,'24',NULL,1),(826,NULL,NULL,NULL,'07612','Phường Phượng Sơn',NULL,'24',NULL,1),(827,NULL,NULL,NULL,'07492','Xã Lục Sơn',NULL,'24',NULL,1),(828,NULL,NULL,NULL,'07489','Xã Trường Sơn',NULL,'24',NULL,1),(829,NULL,NULL,NULL,'07519','Xã Cẩm Lý',NULL,'24',NULL,1),(830,NULL,NULL,NULL,'07450','Xã Đông Phú',NULL,'24',NULL,1),(831,NULL,NULL,NULL,'07486','Xã Nghĩa Phương',NULL,'24',NULL,1),(832,NULL,NULL,NULL,'07444','Xã Lục Nam',NULL,'24',NULL,1),(833,NULL,NULL,NULL,'07498','Xã Bắc Lũng',NULL,'24',NULL,1),(834,NULL,NULL,NULL,'07462','Xã Bảo Đài',NULL,'24',NULL,1),(835,NULL,NULL,NULL,'07375','Xã Lạng Giang',NULL,'24',NULL,1),(836,NULL,NULL,NULL,'07420','Xã Mỹ Thái',NULL,'24',NULL,1),(837,NULL,NULL,NULL,'07399','Xã Kép',NULL,'24',NULL,1),(838,NULL,NULL,NULL,'07432','Xã Tân Dĩnh',NULL,'24',NULL,1),(839,NULL,NULL,NULL,'07381','Xã Tiên Lục',NULL,'24',NULL,1),(840,NULL,NULL,NULL,'07288','Xã Yên Thế',NULL,'24',NULL,1),(841,NULL,NULL,NULL,'07294','Xã Bố Hạ',NULL,'24',NULL,1),(842,NULL,NULL,NULL,'07282','Xã Đồng Kỳ',NULL,'24',NULL,1),(843,NULL,NULL,NULL,'07246','Xã Xuân Lương',NULL,'24',NULL,1),(844,NULL,NULL,NULL,'07264','Xã Tam Tiến',NULL,'24',NULL,1),(845,NULL,NULL,NULL,'07339','Xã Tân Yên',NULL,'24',NULL,1),(846,NULL,NULL,NULL,'07351','Xã Ngọc Thiện',NULL,'24',NULL,1),(847,NULL,NULL,NULL,'07306','Xã Nhã Nam',NULL,'24',NULL,1),(848,NULL,NULL,NULL,'07330','Xã Phúc Hòa',NULL,'24',NULL,1),(849,NULL,NULL,NULL,'07333','Xã Quang Trung',NULL,'24',NULL,1),(850,NULL,NULL,NULL,'07864','Xã Hợp Thịnh',NULL,'24',NULL,1),(851,NULL,NULL,NULL,'07840','Xã Hiệp Hoà',NULL,'24',NULL,1),(852,NULL,NULL,NULL,'07822','Xã Hoàng Vân',NULL,'24',NULL,1),(853,NULL,NULL,NULL,'07870','Xã Xuân Cẩm',NULL,'24',NULL,1),(854,NULL,NULL,NULL,'07774','Phường Tự Lạn',NULL,'24',NULL,1),(855,NULL,NULL,NULL,'07777','Phường Việt Yên',NULL,'24',NULL,1),(856,NULL,NULL,NULL,'07795','Phường Nếnh',NULL,'24',NULL,1),(857,NULL,NULL,NULL,'07798','Phường Vân Hà',NULL,'24',NULL,1),(858,NULL,NULL,NULL,'07735','Xã Đồng Việt',NULL,'24',NULL,1),(859,NULL,NULL,NULL,'07210','Phường Bắc Giang',NULL,'24',NULL,1),(860,NULL,NULL,NULL,'07228','Phường Đa Mai',NULL,'24',NULL,1),(861,NULL,NULL,NULL,'07696','Phường Tiền Phong',NULL,'24',NULL,1),(862,NULL,NULL,NULL,'07682','Phường Tân An',NULL,'24',NULL,1),(863,NULL,NULL,NULL,'07681','Phường Yên Dũng',NULL,'24',NULL,1),(864,NULL,NULL,NULL,'07699','Phường Tân Tiến',NULL,'24',NULL,1),(865,NULL,NULL,NULL,'07738','Phường Cảnh Thụy',NULL,'24',NULL,1),(866,NULL,NULL,NULL,'09187','Phường Kinh Bắc',NULL,'24',NULL,1),(867,NULL,NULL,NULL,'09190','Phường Võ Cường',NULL,'24',NULL,1),(868,NULL,NULL,NULL,'09169','Phường Vũ Ninh',NULL,'24',NULL,1),(869,NULL,NULL,NULL,'09325','Phường Hạp Lĩnh',NULL,'24',NULL,1),(870,NULL,NULL,NULL,'09286','Phường Nam Sơn',NULL,'24',NULL,1),(871,NULL,NULL,NULL,'09367','Phường Từ Sơn',NULL,'24',NULL,1),(872,NULL,NULL,NULL,'09376','Phường Tam Sơn',NULL,'24',NULL,1),(873,NULL,NULL,NULL,'09382','Phường Đồng Nguyên',NULL,'24',NULL,1),(874,NULL,NULL,NULL,'09373','Phường Phù Khê',NULL,'24',NULL,1),(875,NULL,NULL,NULL,'09400','Phường Thuận Thành',NULL,'24',NULL,1),(876,NULL,NULL,NULL,'09409','Phường Mão Điền',NULL,'24',NULL,1),(877,NULL,NULL,NULL,'09430','Phường Trạm Lộ',NULL,'24',NULL,1),(878,NULL,NULL,NULL,'09427','Phường Trí Quả',NULL,'24',NULL,1),(879,NULL,NULL,NULL,'09433','Phường Song Liễu',NULL,'24',NULL,1),(880,NULL,NULL,NULL,'09445','Phường Ninh Xá',NULL,'24',NULL,1),(881,NULL,NULL,NULL,'09247','Phường Quế Võ',NULL,'24',NULL,1),(882,NULL,NULL,NULL,'09265','Phường Phương Liễu',NULL,'24',NULL,1),(883,NULL,NULL,NULL,'09253','Phường Nhân Hòa',NULL,'24',NULL,1),(884,NULL,NULL,NULL,'09301','Phường Đào Viên',NULL,'24',NULL,1),(885,NULL,NULL,NULL,'09295','Phường Bồng Lai',NULL,'24',NULL,1),(886,NULL,NULL,NULL,'09313','Xã Chi Lăng',NULL,'24',NULL,1),(887,NULL,NULL,NULL,'09292','Xã Phù Lãng',NULL,'24',NULL,1),(888,NULL,NULL,NULL,'09193','Xã Yên Phong',NULL,'24',NULL,1),(889,NULL,NULL,NULL,'09238','Xã Văn Môn',NULL,'24',NULL,1),(890,NULL,NULL,NULL,'09202','Xã Tam Giang',NULL,'24',NULL,1),(891,NULL,NULL,NULL,'09205','Xã Yên Trung',NULL,'24',NULL,1),(892,NULL,NULL,NULL,'09208','Xã Tam Đa',NULL,'24',NULL,1),(893,NULL,NULL,NULL,'09319','Xã Tiên Du',NULL,'24',NULL,1),(894,NULL,NULL,NULL,'09334','Xã Liên Bão',NULL,'24',NULL,1),(895,NULL,NULL,NULL,'09343','Xã Tân Chi',NULL,'24',NULL,1),(896,NULL,NULL,NULL,'09340','Xã Đại Đồng',NULL,'24',NULL,1),(897,NULL,NULL,NULL,'09349','Xã Phật Tích',NULL,'24',NULL,1),(898,NULL,NULL,NULL,'09454','Xã Gia Bình',NULL,'24',NULL,1),(899,NULL,NULL,NULL,'09475','Xã Nhân Thắng',NULL,'24',NULL,1),(900,NULL,NULL,NULL,'09469','Xã Đại Lai',NULL,'24',NULL,1),(901,NULL,NULL,NULL,'09466','Xã Cao Đức',NULL,'24',NULL,1),(902,NULL,NULL,NULL,'09487','Xã Đông Cứu',NULL,'24',NULL,1),(903,NULL,NULL,NULL,'09496','Xã Lương Tài',NULL,'24',NULL,1),(904,NULL,NULL,NULL,'09529','Xã Lâm Thao',NULL,'24',NULL,1),(905,NULL,NULL,NULL,'09523','Xã Trung Chính',NULL,'24',NULL,1),(906,NULL,NULL,NULL,'09499','Xã Trung Kênh',NULL,'24',NULL,1),(907,NULL,NULL,NULL,'07663','Xã Tuấn Đạo',NULL,'24',NULL,1),(908,NULL,NULL,NULL,'07900','Phường Việt Trì',NULL,'25',NULL,1),(909,NULL,NULL,NULL,'07894','Phường Nông Trang',NULL,'25',NULL,1),(910,NULL,NULL,NULL,'07909','Phường Thanh Miếu',NULL,'25',NULL,1),(911,NULL,NULL,NULL,'07918','Phường Vân Phú',NULL,'25',NULL,1),(912,NULL,NULL,NULL,'08515','Xã Hy Cương',NULL,'25',NULL,1),(913,NULL,NULL,NULL,'08494','Xã Lâm Thao',NULL,'25',NULL,1),(914,NULL,NULL,NULL,'08497','Xã Xuân Lũng',NULL,'25',NULL,1),(915,NULL,NULL,NULL,'08521','Xã Phùng Nguyên',NULL,'25',NULL,1),(916,NULL,NULL,NULL,'08527','Xã Bản Nguyên',NULL,'25',NULL,1),(917,NULL,NULL,NULL,'07954','Phường Phong Châu',NULL,'25',NULL,1),(918,NULL,NULL,NULL,'07942','Phường Phú Thọ',NULL,'25',NULL,1),(919,NULL,NULL,NULL,'07948','Phường Âu Cơ',NULL,'25',NULL,1),(920,NULL,NULL,NULL,'08230','Xã Phù Ninh',NULL,'25',NULL,1),(921,NULL,NULL,NULL,'08254','Xã Dân Chủ',NULL,'25',NULL,1),(922,NULL,NULL,NULL,'08236','Xã Phú Mỹ',NULL,'25',NULL,1),(923,NULL,NULL,NULL,'08245','Xã Trạm Thản',NULL,'25',NULL,1),(924,NULL,NULL,NULL,'08275','Xã Bình Phú',NULL,'25',NULL,1),(925,NULL,NULL,NULL,'08152','Xã Thanh Ba',NULL,'25',NULL,1),(926,NULL,NULL,NULL,'08161','Xã Quảng Yên',NULL,'25',NULL,1),(927,NULL,NULL,NULL,'08203','Xã Hoàng Cương',NULL,'25',NULL,1),(928,NULL,NULL,NULL,'08209','Xã Đông Thành',NULL,'25',NULL,1),(929,NULL,NULL,NULL,'08215','Xã Chí Tiên',NULL,'25',NULL,1),(930,NULL,NULL,NULL,'08227','Xã Liên Minh',NULL,'25',NULL,1),(931,NULL,NULL,NULL,'07969','Xã Đoan Hùng',NULL,'25',NULL,1),(932,NULL,NULL,NULL,'08023','Xã Tây Cốc',NULL,'25',NULL,1),(933,NULL,NULL,NULL,'08035','Xã Chân Mộng',NULL,'25',NULL,1),(934,NULL,NULL,NULL,'07999','Xã Chí Đám',NULL,'25',NULL,1),(935,NULL,NULL,NULL,'07996','Xã Bằng Luân',NULL,'25',NULL,1),(936,NULL,NULL,NULL,'08053','Xã Hạ Hòa',NULL,'25',NULL,1),(937,NULL,NULL,NULL,'08071','Xã Đan Thượng',NULL,'25',NULL,1),(938,NULL,NULL,NULL,'08113','Xã Yên Kỳ',NULL,'25',NULL,1),(939,NULL,NULL,NULL,'08143','Xã Vĩnh Chân',NULL,'25',NULL,1),(940,NULL,NULL,NULL,'08134','Xã Văn Lang',NULL,'25',NULL,1),(941,NULL,NULL,NULL,'08110','Xã Hiền Lương',NULL,'25',NULL,1),(942,NULL,NULL,NULL,'08341','Xã Cẩm Khê',NULL,'25',NULL,1),(943,NULL,NULL,NULL,'08398','Xã Phú Khê',NULL,'25',NULL,1),(944,NULL,NULL,NULL,'08416','Xã Hùng Việt',NULL,'25',NULL,1),(945,NULL,NULL,NULL,'08431','Xã Đồng Lương',NULL,'25',NULL,1),(946,NULL,NULL,NULL,'08344','Xã Tiên Lương',NULL,'25',NULL,1),(947,NULL,NULL,NULL,'08380','Xã Vân Bán',NULL,'25',NULL,1),(948,NULL,NULL,NULL,'08434','Xã Tam Nông',NULL,'25',NULL,1),(949,NULL,NULL,NULL,'08479','Xã Thọ Văn',NULL,'25',NULL,1),(950,NULL,NULL,NULL,'08461','Xã Vạn Xuân',NULL,'25',NULL,1),(951,NULL,NULL,NULL,'08443','Xã Hiền Quan',NULL,'25',NULL,1),(952,NULL,NULL,NULL,'08674','Xã Thanh Thuỷ',NULL,'25',NULL,1),(953,NULL,NULL,NULL,'08662','Xã Đào Xá',NULL,'25',NULL,1),(954,NULL,NULL,NULL,'08686','Xã Tu Vũ',NULL,'25',NULL,1),(955,NULL,NULL,NULL,'08542','Xã Thanh Sơn',NULL,'25',NULL,1),(956,NULL,NULL,NULL,'08584','Xã Võ Miếu',NULL,'25',NULL,1),(957,NULL,NULL,NULL,'08611','Xã Văn Miếu',NULL,'25',NULL,1),(958,NULL,NULL,NULL,'08614','Xã Cự Đồng',NULL,'25',NULL,1),(959,NULL,NULL,NULL,'08632','Xã Hương Cần',NULL,'25',NULL,1),(960,NULL,NULL,NULL,'08656','Xã Yên Sơn',NULL,'25',NULL,1),(961,NULL,NULL,NULL,'08635','Xã Khả Cửu',NULL,'25',NULL,1),(962,NULL,NULL,NULL,'08566','Xã Tân Sơn',NULL,'25',NULL,1),(963,NULL,NULL,NULL,'08593','Xã Minh Đài',NULL,'25',NULL,1),(964,NULL,NULL,NULL,'08560','Xã Lai Đồng',NULL,'25',NULL,1),(965,NULL,NULL,NULL,'08545','Xã Thu Cúc',NULL,'25',NULL,1),(966,NULL,NULL,NULL,'08590','Xã Xuân Đài',NULL,'25',NULL,1),(967,NULL,NULL,NULL,'08620','Xã Long Cốc',NULL,'25',NULL,1),(968,NULL,NULL,NULL,'08290','Xã Yên Lập',NULL,'25',NULL,1),(969,NULL,NULL,NULL,'08323','Xã Thượng Long',NULL,'25',NULL,1),(970,NULL,NULL,NULL,'08296','Xã Sơn Lương',NULL,'25',NULL,1),(971,NULL,NULL,NULL,'08305','Xã Xuân Viên',NULL,'25',NULL,1),(972,NULL,NULL,NULL,'08338','Xã Minh Hòa',NULL,'25',NULL,1),(973,NULL,NULL,NULL,'08311','Xã Trung Sơn',NULL,'25',NULL,1),(974,NULL,NULL,NULL,'08824','Xã Tam Sơn',NULL,'25',NULL,1),(975,NULL,NULL,NULL,'08848','Xã Sông Lô',NULL,'25',NULL,1),(976,NULL,NULL,NULL,'08782','Xã Hải Lựu',NULL,'25',NULL,1),(977,NULL,NULL,NULL,'08773','Xã Yên Lãng',NULL,'25',NULL,1),(978,NULL,NULL,NULL,'08761','Xã Lập Thạch',NULL,'25',NULL,1),(979,NULL,NULL,NULL,'08842','Xã Tiên Lữ',NULL,'25',NULL,1),(980,NULL,NULL,NULL,'08788','Xã Thái Hòa',NULL,'25',NULL,1),(981,NULL,NULL,NULL,'08812','Xã Liên Hòa',NULL,'25',NULL,1),(982,NULL,NULL,NULL,'08770','Xã Hợp Lý',NULL,'25',NULL,1),(983,NULL,NULL,NULL,'08866','Xã Sơn Đông',NULL,'25',NULL,1),(984,NULL,NULL,NULL,'08911','Xã Tam Đảo',NULL,'25',NULL,1),(985,NULL,NULL,NULL,'08923','Xã Đại Đình',NULL,'25',NULL,1),(986,NULL,NULL,NULL,'08914','Xã Đạo Trù',NULL,'25',NULL,1),(987,NULL,NULL,NULL,'08869','Xã Tam Dương',NULL,'25',NULL,1),(988,NULL,NULL,NULL,'08905','Xã Hội Thịnh',NULL,'25',NULL,1),(989,NULL,NULL,NULL,'08896','Xã Hoàng An',NULL,'25',NULL,1),(990,NULL,NULL,NULL,'08872','Xã Tam Dương Bắc',NULL,'25',NULL,1),(991,NULL,NULL,NULL,'09076','Xã Vĩnh Tường',NULL,'25',NULL,1),(992,NULL,NULL,NULL,'09112','Xã Thổ Tang',NULL,'25',NULL,1),(993,NULL,NULL,NULL,'09100','Xã Vĩnh Hưng',NULL,'25',NULL,1),(994,NULL,NULL,NULL,'09079','Xã Vĩnh An',NULL,'25',NULL,1),(995,NULL,NULL,NULL,'09154','Xã Vĩnh Phú',NULL,'25',NULL,1),(996,NULL,NULL,NULL,'09106','Xã Vĩnh Thành',NULL,'25',NULL,1),(997,NULL,NULL,NULL,'09025','Xã Yên Lạc',NULL,'25',NULL,1),(998,NULL,NULL,NULL,'09040','Xã Tề Lỗ',NULL,'25',NULL,1),(999,NULL,NULL,NULL,'09064','Xã Liên Châu',NULL,'25',NULL,1),(1000,NULL,NULL,NULL,'09043','Xã Tam Hồng',NULL,'25',NULL,1),(1001,NULL,NULL,NULL,'09052','Xã Nguyệt Đức',NULL,'25',NULL,1),(1002,NULL,NULL,NULL,'08935','Xã Bình Nguyên',NULL,'25',NULL,1),(1003,NULL,NULL,NULL,'08971','Xã Xuân Lãng',NULL,'25',NULL,1),(1004,NULL,NULL,NULL,'08950','Xã Bình Xuyên',NULL,'25',NULL,1),(1005,NULL,NULL,NULL,'08944','Xã Bình Tuyền',NULL,'25',NULL,1),(1006,NULL,NULL,NULL,'08716','Phường Vĩnh Phúc',NULL,'25',NULL,1),(1007,NULL,NULL,NULL,'08707','Phường Vĩnh Yên',NULL,'25',NULL,1),(1008,NULL,NULL,NULL,'08740','Phường Phúc Yên',NULL,'25',NULL,1),(1009,NULL,NULL,NULL,'08749','Phường Xuân Hòa',NULL,'25',NULL,1),(1010,NULL,NULL,NULL,'05089','Xã Cao Phong',NULL,'25',NULL,1),(1011,NULL,NULL,NULL,'05116','Xã Mường Thàng',NULL,'25',NULL,1),(1012,NULL,NULL,NULL,'05098','Xã Thung Nai',NULL,'25',NULL,1),(1013,NULL,NULL,NULL,'04831','Xã Đà Bắc',NULL,'25',NULL,1),(1014,NULL,NULL,NULL,'04876','Xã Cao Sơn',NULL,'25',NULL,1),(1015,NULL,NULL,NULL,'04846','Xã Đức Nhàn',NULL,'25',NULL,1),(1016,NULL,NULL,NULL,'04873','Xã Quy Đức',NULL,'25',NULL,1),(1017,NULL,NULL,NULL,'04849','Xã Tân Pheo',NULL,'25',NULL,1),(1018,NULL,NULL,NULL,'04891','Xã Tiền Phong',NULL,'25',NULL,1),(1019,NULL,NULL,NULL,'04978','Xã Kim Bôi',NULL,'25',NULL,1),(1020,NULL,NULL,NULL,'05014','Xã Mường Động',NULL,'25',NULL,1),(1021,NULL,NULL,NULL,'05086','Xã Dũng Tiến',NULL,'25',NULL,1),(1022,NULL,NULL,NULL,'05068','Xã Hợp Kim',NULL,'25',NULL,1),(1023,NULL,NULL,NULL,'04990','Xã Nật Sơn',NULL,'25',NULL,1),(1024,NULL,NULL,NULL,'05266','Xã Lạc Sơn',NULL,'25',NULL,1),(1025,NULL,NULL,NULL,'05287','Xã Mường Vang',NULL,'25',NULL,1),(1026,NULL,NULL,NULL,'05347','Xã Đại Đồng',NULL,'25',NULL,1),(1027,NULL,NULL,NULL,'05329','Xã Ngọc Sơn',NULL,'25',NULL,1),(1028,NULL,NULL,NULL,'05290','Xã Nhân Nghĩa',NULL,'25',NULL,1),(1029,NULL,NULL,NULL,'05323','Xã Quyết Thắng',NULL,'25',NULL,1),(1030,NULL,NULL,NULL,'05293','Xã Thượng Cốc',NULL,'25',NULL,1),(1031,NULL,NULL,NULL,'05305','Xã Yên Phú',NULL,'25',NULL,1),(1032,NULL,NULL,NULL,'05392','Xã Lạc Thủy',NULL,'25',NULL,1),(1033,NULL,NULL,NULL,'05425','Xã An Bình',NULL,'25',NULL,1),(1034,NULL,NULL,NULL,'05395','Xã An Nghĩa',NULL,'25',NULL,1),(1035,NULL,NULL,NULL,'04924','Xã Lương Sơn',NULL,'25',NULL,1),(1036,NULL,NULL,NULL,'05047','Xã Cao Dương',NULL,'25',NULL,1),(1037,NULL,NULL,NULL,'04960','Xã Liên Sơn',NULL,'25',NULL,1),(1038,NULL,NULL,NULL,'05200','Xã Mai Châu',NULL,'25',NULL,1),(1039,NULL,NULL,NULL,'05245','Xã Bao La',NULL,'25',NULL,1),(1040,NULL,NULL,NULL,'05251','Xã Mai Hạ',NULL,'25',NULL,1),(1041,NULL,NULL,NULL,'05212','Xã Pà Cò',NULL,'25',NULL,1),(1042,NULL,NULL,NULL,'05206','Xã Tân Mai',NULL,'25',NULL,1),(1043,NULL,NULL,NULL,'05128','Xã Tân Lạc',NULL,'25',NULL,1),(1044,NULL,NULL,NULL,'05158','Xã Mường Bi',NULL,'25',NULL,1),(1045,NULL,NULL,NULL,'05134','Xã Mường Hoa',NULL,'25',NULL,1),(1046,NULL,NULL,NULL,'05191','Xã Toàn Thắng',NULL,'25',NULL,1),(1047,NULL,NULL,NULL,'05152','Xã Vân Sơn',NULL,'25',NULL,1),(1048,NULL,NULL,NULL,'05353','Xã Yên Thủy',NULL,'25',NULL,1),(1049,NULL,NULL,NULL,'05362','Xã Lạc Lương',NULL,'25',NULL,1),(1050,NULL,NULL,NULL,'05386','Xã Yên Trị',NULL,'25',NULL,1),(1051,NULL,NULL,NULL,'04897','Xã Thịnh Minh',NULL,'25',NULL,1),(1052,NULL,NULL,NULL,'04795','Phường Hòa Bình',NULL,'25',NULL,1),(1053,NULL,NULL,NULL,'04894','Phường Kỳ Sơn',NULL,'25',NULL,1),(1054,NULL,NULL,NULL,'04792','Phường Tân Hòa',NULL,'25',NULL,1),(1055,NULL,NULL,NULL,'04828','Phường Thống Nhất',NULL,'25',NULL,1),(1056,NULL,NULL,NULL,'11560','Phường Thuỷ Nguyên',NULL,'31',NULL,1),(1057,NULL,NULL,NULL,'11557','Phường Thiên Hương',NULL,'31',NULL,1),(1058,NULL,NULL,NULL,'11533','Phường Hoà Bình',NULL,'31',NULL,1),(1059,NULL,NULL,NULL,'11542','Phường Nam Triệu',NULL,'31',NULL,1),(1060,NULL,NULL,NULL,'11473','Phường Bạch Đằng',NULL,'31',NULL,1),(1061,NULL,NULL,NULL,'11488','Phường Lưu Kiếm',NULL,'31',NULL,1),(1062,NULL,NULL,NULL,'11506','Phường Lê Ích Mộc',NULL,'31',NULL,1),(1063,NULL,NULL,NULL,'11311','Phường Hồng Bàng',NULL,'31',NULL,1),(1064,NULL,NULL,NULL,'11602','Phường Hồng An',NULL,'31',NULL,1),(1065,NULL,NULL,NULL,'11341','Phường Ngô Quyền',NULL,'31',NULL,1),(1066,NULL,NULL,NULL,'11359','Phường Gia Viên',NULL,'31',NULL,1),(1067,NULL,NULL,NULL,'11383','Phường Lê Chân',NULL,'31',NULL,1),(1068,NULL,NULL,NULL,'11407','Phường An Biên',NULL,'31',NULL,1),(1069,NULL,NULL,NULL,'11413','Phường Hải An',NULL,'31',NULL,1),(1070,NULL,NULL,NULL,'11411','Phường Đông Hải',NULL,'31',NULL,1),(1071,NULL,NULL,NULL,'11443','Phường Kiến An',NULL,'31',NULL,1),(1072,NULL,NULL,NULL,'11446','Phường Phù Liễn',NULL,'31',NULL,1),(1073,NULL,NULL,NULL,'11737','Phường Nam Đồ Sơn',NULL,'31',NULL,1),(1074,NULL,NULL,NULL,'11455','Phường Đồ Sơn',NULL,'31',NULL,1),(1075,NULL,NULL,NULL,'11689','Phường Hưng Đạo',NULL,'31',NULL,1),(1076,NULL,NULL,NULL,'11692','Phường Dương Kinh',NULL,'31',NULL,1),(1077,NULL,NULL,NULL,'11581','Phường An Dương',NULL,'31',NULL,1),(1078,NULL,NULL,NULL,'11617','Phường An Hải',NULL,'31',NULL,1),(1079,NULL,NULL,NULL,'11593','Phường An Phong',NULL,'31',NULL,1),(1080,NULL,NULL,NULL,'11674','Xã An Hưng',NULL,'31',NULL,1),(1081,NULL,NULL,NULL,'11668','Xã An Khánh',NULL,'31',NULL,1),(1082,NULL,NULL,NULL,'11647','Xã An Quang',NULL,'31',NULL,1),(1083,NULL,NULL,NULL,'11635','Xã An Trường',NULL,'31',NULL,1),(1084,NULL,NULL,NULL,'11629','Xã An Lão',NULL,'31',NULL,1),(1085,NULL,NULL,NULL,'11680','Xã Kiến Thụy',NULL,'31',NULL,1),(1086,NULL,NULL,NULL,'11725','Xã Kiến Minh',NULL,'31',NULL,1),(1087,NULL,NULL,NULL,'11749','Xã Kiến Hải',NULL,'31',NULL,1),(1088,NULL,NULL,NULL,'11728','Xã Kiến Hưng',NULL,'31',NULL,1),(1089,NULL,NULL,NULL,'11713','Xã Nghi Dương',NULL,'31',NULL,1),(1090,NULL,NULL,NULL,'11761','Xã Quyết Thắng',NULL,'31',NULL,1),(1091,NULL,NULL,NULL,'11755','Xã Tiên Lãng',NULL,'31',NULL,1),(1092,NULL,NULL,NULL,'11779','Xã Tân Minh',NULL,'31',NULL,1),(1093,NULL,NULL,NULL,'11791','Xã Tiên Minh',NULL,'31',NULL,1),(1094,NULL,NULL,NULL,'11806','Xã Chấn Hưng',NULL,'31',NULL,1),(1095,NULL,NULL,NULL,'11809','Xã Hùng Thắng',NULL,'31',NULL,1),(1096,NULL,NULL,NULL,'11824','Xã Vĩnh Bảo',NULL,'31',NULL,1),(1097,NULL,NULL,NULL,'11911','Xã Nguyễn Bỉnh Khiêm',NULL,'31',NULL,1),(1098,NULL,NULL,NULL,'11887','Xã Vĩnh Am',NULL,'31',NULL,1),(1099,NULL,NULL,NULL,'11875','Xã Vĩnh Hải',NULL,'31',NULL,1),(1100,NULL,NULL,NULL,'11848','Xã Vĩnh Hòa',NULL,'31',NULL,1),(1101,NULL,NULL,NULL,'11836','Xã Vĩnh Thịnh',NULL,'31',NULL,1),(1102,NULL,NULL,NULL,'11842','Xã Vĩnh Thuận',NULL,'31',NULL,1),(1103,NULL,NULL,NULL,'11503','Xã Việt Khê',NULL,'31',NULL,1),(1104,NULL,NULL,NULL,'11914','Đặc khu Cát Hải',NULL,'31',NULL,1),(1105,NULL,NULL,NULL,'11948','Đặc khu Bạch Long Vĩ',NULL,'31',NULL,1),(1106,NULL,NULL,NULL,'10525','Phường Hải Dương',NULL,'31',NULL,1),(1107,NULL,NULL,NULL,'10532','Phường Lê Thanh Nghị',NULL,'31',NULL,1),(1108,NULL,NULL,NULL,'10543','Phường Việt Hòa',NULL,'31',NULL,1),(1109,NULL,NULL,NULL,'10510','Phường Thành Đông',NULL,'31',NULL,1),(1110,NULL,NULL,NULL,'10672','Phường Nam Đồng',NULL,'31',NULL,1),(1111,NULL,NULL,NULL,'10537','Phường Tân Hưng',NULL,'31',NULL,1),(1112,NULL,NULL,NULL,'11002','Phường Thạch Khôi',NULL,'31',NULL,1),(1113,NULL,NULL,NULL,'10540','Phường Tứ Minh',NULL,'31',NULL,1),(1114,NULL,NULL,NULL,'10660','Phường Ái Quốc',NULL,'31',NULL,1),(1115,NULL,NULL,NULL,'10549','Phường Chu Văn An',NULL,'31',NULL,1),(1116,NULL,NULL,NULL,'10546','Phường Chí Linh',NULL,'31',NULL,1),(1117,NULL,NULL,NULL,'10570','Phường Trần Hưng Đạo',NULL,'31',NULL,1),(1118,NULL,NULL,NULL,'10552','Phường Nguyễn Trãi',NULL,'31',NULL,1),(1119,NULL,NULL,NULL,'10573','Phường Trần Nhân Tông',NULL,'31',NULL,1),(1120,NULL,NULL,NULL,'10603','Phường Lê Đại Hành',NULL,'31',NULL,1),(1121,NULL,NULL,NULL,'10675','Phường Kinh Môn',NULL,'31',NULL,1),(1122,NULL,NULL,NULL,'10744','Phường Nguyễn Đại Năng',NULL,'31',NULL,1),(1123,NULL,NULL,NULL,'10729','Phường Trần Liễu',NULL,'31',NULL,1),(1124,NULL,NULL,NULL,'10678','Phường Bắc An Phụ',NULL,'31',NULL,1),(1125,NULL,NULL,NULL,'10726','Phường Phạm Sư Mạnh',NULL,'31',NULL,1),(1126,NULL,NULL,NULL,'10714','Phường Nhị Chiểu',NULL,'31',NULL,1),(1127,NULL,NULL,NULL,'10705','Xã Nam An Phụ',NULL,'31',NULL,1),(1128,NULL,NULL,NULL,'10606','Xã Nam Sách',NULL,'31',NULL,1),(1129,NULL,NULL,NULL,'10642','Xã Thái Tân',NULL,'31',NULL,1),(1130,NULL,NULL,NULL,'10615','Xã Hợp Tiến',NULL,'31',NULL,1),(1131,NULL,NULL,NULL,'10633','Xã Trần Phú',NULL,'31',NULL,1),(1132,NULL,NULL,NULL,'10645','Xã An Phú',NULL,'31',NULL,1),(1133,NULL,NULL,NULL,'10813','Xã Thanh Hà',NULL,'31',NULL,1),(1134,NULL,NULL,NULL,'10846','Xã Hà Tây',NULL,'31',NULL,1),(1135,NULL,NULL,NULL,'10816','Xã Hà Bắc',NULL,'31',NULL,1),(1136,NULL,NULL,NULL,'10843','Xã Hà Nam',NULL,'31',NULL,1),(1137,NULL,NULL,NULL,'10882','Xã Hà Đông',NULL,'31',NULL,1),(1138,NULL,NULL,NULL,'10888','Xã Cẩm Giang',NULL,'31',NULL,1),(1139,NULL,NULL,NULL,'10909','Xã Tuệ Tĩnh',NULL,'31',NULL,1),(1140,NULL,NULL,NULL,'10930','Xã Mao Điền',NULL,'31',NULL,1),(1141,NULL,NULL,NULL,'10903','Xã Cẩm Giàng',NULL,'31',NULL,1),(1142,NULL,NULL,NULL,'10945','Xã Kẻ Sặt',NULL,'31',NULL,1),(1143,NULL,NULL,NULL,'10966','Xã Bình Giang',NULL,'31',NULL,1),(1144,NULL,NULL,NULL,'10972','Xã Đường An',NULL,'31',NULL,1),(1145,NULL,NULL,NULL,'10993','Xã Thượng Hồng',NULL,'31',NULL,1),(1146,NULL,NULL,NULL,'10999','Xã Gia Lộc',NULL,'31',NULL,1),(1147,NULL,NULL,NULL,'11020','Xã Yết Kiêu',NULL,'31',NULL,1),(1148,NULL,NULL,NULL,'11050','Xã Gia Phúc',NULL,'31',NULL,1),(1149,NULL,NULL,NULL,'11065','Xã Trường Tân',NULL,'31',NULL,1),(1150,NULL,NULL,NULL,'11074','Xã Tứ Kỳ',NULL,'31',NULL,1),(1151,NULL,NULL,NULL,'11113','Xã Tân Kỳ',NULL,'31',NULL,1),(1152,NULL,NULL,NULL,'11086','Xã Đại Sơn',NULL,'31',NULL,1),(1153,NULL,NULL,NULL,'11131','Xã Chí Minh',NULL,'31',NULL,1),(1154,NULL,NULL,NULL,'11140','Xã Lạc Phượng',NULL,'31',NULL,1),(1155,NULL,NULL,NULL,'11146','Xã Nguyên Giáp',NULL,'31',NULL,1),(1156,NULL,NULL,NULL,'11203','Xã Ninh Giang',NULL,'31',NULL,1),(1157,NULL,NULL,NULL,'11164','Xã Vĩnh Lại',NULL,'31',NULL,1),(1158,NULL,NULL,NULL,'11224','Xã Khúc Thừa Dụ',NULL,'31',NULL,1),(1159,NULL,NULL,NULL,'11167','Xã Tân An',NULL,'31',NULL,1),(1160,NULL,NULL,NULL,'11218','Xã Hồng Châu',NULL,'31',NULL,1),(1161,NULL,NULL,NULL,'11239','Xã Thanh Miện',NULL,'31',NULL,1),(1162,NULL,NULL,NULL,'11254','Xã Bắc Thanh Miện',NULL,'31',NULL,1),(1163,NULL,NULL,NULL,'11257','Xã Hải Hưng',NULL,'31',NULL,1),(1164,NULL,NULL,NULL,'11242','Xã Nguyễn Lương Bằng',NULL,'31',NULL,1),(1165,NULL,NULL,NULL,'11284','Xã Nam Thanh Miện',NULL,'31',NULL,1),(1166,NULL,NULL,NULL,'10750','Xã Phú Thái',NULL,'31',NULL,1),(1167,NULL,NULL,NULL,'10756','Xã Lai Khê',NULL,'31',NULL,1),(1168,NULL,NULL,NULL,'10777','Xã An Thành',NULL,'31',NULL,1),(1169,NULL,NULL,NULL,'10804','Xã Kim Thành',NULL,'31',NULL,1),(1170,NULL,NULL,NULL,'11953','Phường Phố Hiến',NULL,'33',NULL,1),(1171,NULL,NULL,NULL,'11983','Phường Sơn Nam',NULL,'33',NULL,1),(1172,NULL,NULL,NULL,'11980','Phường Hồng Châu',NULL,'33',NULL,1),(1173,NULL,NULL,NULL,'12103','Phường Mỹ Hào',NULL,'33',NULL,1),(1174,NULL,NULL,NULL,'12133','Phường Đường Hào',NULL,'33',NULL,1),(1175,NULL,NULL,NULL,'12127','Phường Thượng Hồng',NULL,'33',NULL,1),(1176,NULL,NULL,NULL,'11977','Xã Tân Hưng',NULL,'33',NULL,1),(1177,NULL,NULL,NULL,'12337','Xã Hoàng Hoa Thám',NULL,'33',NULL,1),(1178,NULL,NULL,NULL,'12364','Xã Tiên Lữ',NULL,'33',NULL,1),(1179,NULL,NULL,NULL,'12361','Xã Tiên Hoa',NULL,'33',NULL,1),(1180,NULL,NULL,NULL,'12391','Xã Quang Hưng',NULL,'33',NULL,1),(1181,NULL,NULL,NULL,'12406','Xã Đoàn Đào',NULL,'33',NULL,1),(1182,NULL,NULL,NULL,'12424','Xã Tiên Tiến',NULL,'33',NULL,1),(1183,NULL,NULL,NULL,'12427','Xã Tống Trân',NULL,'33',NULL,1),(1184,NULL,NULL,NULL,'12280','Xã Lương Bằng',NULL,'33',NULL,1),(1185,NULL,NULL,NULL,'12286','Xã Nghĩa Dân',NULL,'33',NULL,1),(1186,NULL,NULL,NULL,'12322','Xã Hiệp Cường',NULL,'33',NULL,1),(1187,NULL,NULL,NULL,'12313','Xã Đức Hợp',NULL,'33',NULL,1),(1188,NULL,NULL,NULL,'12142','Xã Ân Thi',NULL,'33',NULL,1),(1189,NULL,NULL,NULL,'12166','Xã Xuân Trúc',NULL,'33',NULL,1),(1190,NULL,NULL,NULL,'12148','Xã Phạm Ngũ Lão',NULL,'33',NULL,1),(1191,NULL,NULL,NULL,'12184','Xã Nguyễn Trãi',NULL,'33',NULL,1),(1192,NULL,NULL,NULL,'12196','Xã Hồng Quang',NULL,'33',NULL,1),(1193,NULL,NULL,NULL,'12205','Xã Khoái Châu',NULL,'33',NULL,1),(1194,NULL,NULL,NULL,'12220','Xã Triệu Việt Vương',NULL,'33',NULL,1),(1195,NULL,NULL,NULL,'12238','Xã Việt Tiến',NULL,'33',NULL,1),(1196,NULL,NULL,NULL,'12271','Xã Chí Minh',NULL,'33',NULL,1),(1197,NULL,NULL,NULL,'12247','Xã Châu Ninh',NULL,'33',NULL,1),(1198,NULL,NULL,NULL,'12052','Xã Yên Mỹ',NULL,'33',NULL,1),(1199,NULL,NULL,NULL,'12091','Xã Việt Yên',NULL,'33',NULL,1),(1200,NULL,NULL,NULL,'12070','Xã Hoàn Long',NULL,'33',NULL,1),(1201,NULL,NULL,NULL,'12064','Xã Nguyễn Văn Linh',NULL,'33',NULL,1),(1202,NULL,NULL,NULL,'11986','Xã Như Quỳnh',NULL,'33',NULL,1),(1203,NULL,NULL,NULL,'11992','Xã Lạc Đạo',NULL,'33',NULL,1),(1204,NULL,NULL,NULL,'11995','Xã Đại Đồng',NULL,'33',NULL,1),(1205,NULL,NULL,NULL,'12031','Xã Nghĩa Trụ',NULL,'33',NULL,1),(1206,NULL,NULL,NULL,'12025','Xã Phụng Công',NULL,'33',NULL,1),(1207,NULL,NULL,NULL,'12019','Xã Văn Giang',NULL,'33',NULL,1),(1208,NULL,NULL,NULL,'12049','Xã Mễ Sở',NULL,'33',NULL,1),(1209,NULL,NULL,NULL,'13225','Phường Thái Bình',NULL,'33',NULL,1),(1210,NULL,NULL,NULL,'12454','Phường Trần Lãm',NULL,'33',NULL,1),(1211,NULL,NULL,NULL,'12452','Phường Trần Hưng Đạo',NULL,'33',NULL,1),(1212,NULL,NULL,NULL,'12817','Phường Trà Lý',NULL,'33',NULL,1),(1213,NULL,NULL,NULL,'12466','Phường Vũ Phúc',NULL,'33',NULL,1),(1214,NULL,NULL,NULL,'12826','Xã Thái Thụy',NULL,'33',NULL,1),(1215,NULL,NULL,NULL,'12862','Xã Đông Thụy Anh',NULL,'33',NULL,1),(1216,NULL,NULL,NULL,'12859','Xã Bắc Thụy Anh',NULL,'33',NULL,1),(1217,NULL,NULL,NULL,'12865','Xã Thụy Anh',NULL,'33',NULL,1),(1218,NULL,NULL,NULL,'12904','Xã Nam Thụy Anh',NULL,'33',NULL,1),(1219,NULL,NULL,NULL,'12841','Xã Bắc Thái Ninh',NULL,'33',NULL,1),(1220,NULL,NULL,NULL,'12922','Xã Thái Ninh',NULL,'33',NULL,1),(1221,NULL,NULL,NULL,'12943','Xã Đông Thái Ninh',NULL,'33',NULL,1),(1222,NULL,NULL,NULL,'12961','Xã Nam Thái Ninh',NULL,'33',NULL,1),(1223,NULL,NULL,NULL,'12919','Xã Tây Thái Ninh',NULL,'33',NULL,1),(1224,NULL,NULL,NULL,'12850','Xã Tây Thụy Anh',NULL,'33',NULL,1),(1225,NULL,NULL,NULL,'12970','Xã Tiền Hải',NULL,'33',NULL,1),(1226,NULL,NULL,NULL,'13039','Xã Tây Tiền Hải',NULL,'33',NULL,1),(1227,NULL,NULL,NULL,'13021','Xã Ái Quốc',NULL,'33',NULL,1),(1228,NULL,NULL,NULL,'13003','Xã Đồng Châu',NULL,'33',NULL,1),(1229,NULL,NULL,NULL,'12988','Xã Đông Tiền Hải',NULL,'33',NULL,1),(1230,NULL,NULL,NULL,'13057','Xã Nam Cường',NULL,'33',NULL,1),(1231,NULL,NULL,NULL,'13066','Xã Hưng Phú',NULL,'33',NULL,1),(1232,NULL,NULL,NULL,'13063','Xã Nam Tiền Hải',NULL,'33',NULL,1),(1233,NULL,NULL,NULL,'12472','Xã Quỳnh Phụ',NULL,'33',NULL,1),(1234,NULL,NULL,NULL,'12511','Xã Minh Thọ',NULL,'33',NULL,1),(1235,NULL,NULL,NULL,'12532','Xã Nguyễn Du',NULL,'33',NULL,1),(1236,NULL,NULL,NULL,'12577','Xã Quỳnh An',NULL,'33',NULL,1),(1237,NULL,NULL,NULL,'12517','Xã Ngọc Lâm',NULL,'33',NULL,1),(1238,NULL,NULL,NULL,'12526','Xã Đồng Bằng',NULL,'33',NULL,1),(1239,NULL,NULL,NULL,'12499','Xã A Sào',NULL,'33',NULL,1),(1240,NULL,NULL,NULL,'12523','Xã Phụ Dực',NULL,'33',NULL,1),(1241,NULL,NULL,NULL,'12478','Xã Tân Tiến',NULL,'33',NULL,1),(1242,NULL,NULL,NULL,'12586','Xã Hưng Hà',NULL,'33',NULL,1),(1243,NULL,NULL,NULL,'12634','Xã Tiên La',NULL,'33',NULL,1),(1244,NULL,NULL,NULL,'12676','Xã Lê Quý Đôn',NULL,'33',NULL,1),(1245,NULL,NULL,NULL,'12685','Xã Hồng Minh',NULL,'33',NULL,1),(1246,NULL,NULL,NULL,'12631','Xã Thần Khê',NULL,'33',NULL,1),(1247,NULL,NULL,NULL,'12619','Xã Diên Hà',NULL,'33',NULL,1),(1248,NULL,NULL,NULL,'12595','Xã Ngự Thiên',NULL,'33',NULL,1),(1249,NULL,NULL,NULL,'12613','Xã Long Hưng',NULL,'33',NULL,1),(1250,NULL,NULL,NULL,'12688','Xã Đông Hưng',NULL,'33',NULL,1),(1251,NULL,NULL,NULL,'12700','Xã Bắc Tiên Hưng',NULL,'33',NULL,1),(1252,NULL,NULL,NULL,'12736','Xã Đông Tiên Hưng',NULL,'33',NULL,1),(1253,NULL,NULL,NULL,'12775','Xã Nam Đông Hưng',NULL,'33',NULL,1),(1254,NULL,NULL,NULL,'12745','Xã Bắc Đông Quan',NULL,'33',NULL,1),(1255,NULL,NULL,NULL,'12694','Xã Bắc Đông Hưng',NULL,'33',NULL,1),(1256,NULL,NULL,NULL,'12793','Xã Đông Quan',NULL,'33',NULL,1),(1257,NULL,NULL,NULL,'12763','Xã Nam Tiên Hưng',NULL,'33',NULL,1),(1258,NULL,NULL,NULL,'12754','Xã Tiên Hưng',NULL,'33',NULL,1),(1259,NULL,NULL,NULL,'13120','Xã Lê Lợi',NULL,'33',NULL,1),(1260,NULL,NULL,NULL,'13075','Xã Kiến Xương',NULL,'33',NULL,1),(1261,NULL,NULL,NULL,'13132','Xã Quang Lịch',NULL,'33',NULL,1),(1262,NULL,NULL,NULL,'13141','Xã Vũ Quý',NULL,'33',NULL,1),(1263,NULL,NULL,NULL,'13183','Xã Bình Thanh',NULL,'33',NULL,1),(1264,NULL,NULL,NULL,'13186','Xã Bình Định',NULL,'33',NULL,1),(1265,NULL,NULL,NULL,'13159','Xã Hồng Vũ',NULL,'33',NULL,1),(1266,NULL,NULL,NULL,'13096','Xã Bình Nguyên',NULL,'33',NULL,1),(1267,NULL,NULL,NULL,'13093','Xã Trà Giang',NULL,'33',NULL,1),(1268,NULL,NULL,NULL,'13192','Xã Vũ Thư',NULL,'33',NULL,1),(1269,NULL,NULL,NULL,'13222','Xã Thư Trì',NULL,'33',NULL,1),(1270,NULL,NULL,NULL,'13246','Xã Tân Thuận',NULL,'33',NULL,1),(1271,NULL,NULL,NULL,'13264','Xã Thư Vũ',NULL,'33',NULL,1),(1272,NULL,NULL,NULL,'13279','Xã Vũ Tiên',NULL,'33',NULL,1),(1273,NULL,NULL,NULL,'13219','Xã Vạn Xuân',NULL,'33',NULL,1),(1274,NULL,NULL,NULL,'14464','Xã Gia Viễn',NULL,'37',NULL,1),(1275,NULL,NULL,NULL,'14500','Xã Đại Hoàng',NULL,'37',NULL,1),(1276,NULL,NULL,NULL,'14482','Xã Gia Hưng',NULL,'37',NULL,1),(1277,NULL,NULL,NULL,'14524','Xã Gia Phong',NULL,'37',NULL,1),(1278,NULL,NULL,NULL,'14488','Xã Gia Vân',NULL,'37',NULL,1),(1279,NULL,NULL,NULL,'14494','Xã Gia Trấn',NULL,'37',NULL,1),(1280,NULL,NULL,NULL,'14428','Xã Nho Quan',NULL,'37',NULL,1),(1281,NULL,NULL,NULL,'14389','Xã Gia Lâm',NULL,'37',NULL,1),(1282,NULL,NULL,NULL,'14401','Xã Gia Tường',NULL,'37',NULL,1),(1283,NULL,NULL,NULL,'14407','Xã Phú Sơn',NULL,'37',NULL,1),(1284,NULL,NULL,NULL,'14404','Xã Cúc Phương',NULL,'37',NULL,1),(1285,NULL,NULL,NULL,'14458','Xã Phú Long',NULL,'37',NULL,1),(1286,NULL,NULL,NULL,'14434','Xã Thanh Sơn',NULL,'37',NULL,1),(1287,NULL,NULL,NULL,'14452','Xã Quỳnh Lưu',NULL,'37',NULL,1),(1288,NULL,NULL,NULL,'14560','Xã Yên Khánh',NULL,'37',NULL,1),(1289,NULL,NULL,NULL,'14611','Xã Khánh Nhạc',NULL,'37',NULL,1),(1290,NULL,NULL,NULL,'14563','Xã Khánh Thiện',NULL,'37',NULL,1),(1291,NULL,NULL,NULL,'14599','Xã Khánh Hội',NULL,'37',NULL,1),(1292,NULL,NULL,NULL,'14608','Xã Khánh Trung',NULL,'37',NULL,1),(1293,NULL,NULL,NULL,'14701','Xã Yên Mô',NULL,'37',NULL,1),(1294,NULL,NULL,NULL,'14728','Xã Yên Từ',NULL,'37',NULL,1),(1295,NULL,NULL,NULL,'14743','Xã Yên Mạc',NULL,'37',NULL,1),(1296,NULL,NULL,NULL,'14746','Xã Đồng Thái',NULL,'37',NULL,1),(1297,NULL,NULL,NULL,'14653','Xã Chất Bình',NULL,'37',NULL,1),(1298,NULL,NULL,NULL,'14638','Xã Kim Sơn',NULL,'37',NULL,1),(1299,NULL,NULL,NULL,'14647','Xã Quang Thiện',NULL,'37',NULL,1),(1300,NULL,NULL,NULL,'14620','Xã Phát Diệm',NULL,'37',NULL,1),(1301,NULL,NULL,NULL,'14674','Xã Lai Thành',NULL,'37',NULL,1),(1302,NULL,NULL,NULL,'14677','Xã Định Hóa',NULL,'37',NULL,1),(1303,NULL,NULL,NULL,'14623','Xã Bình Minh',NULL,'37',NULL,1),(1304,NULL,NULL,NULL,'14698','Xã Kim Đông',NULL,'37',NULL,1),(1305,NULL,NULL,NULL,'13504','Xã Bình Lục',NULL,'37',NULL,1),(1306,NULL,NULL,NULL,'13501','Xã Bình Mỹ',NULL,'37',NULL,1),(1307,NULL,NULL,NULL,'13540','Xã Bình An',NULL,'37',NULL,1),(1308,NULL,NULL,NULL,'13531','Xã Bình Giang',NULL,'37',NULL,1),(1309,NULL,NULL,NULL,'13558','Xã Bình Sơn',NULL,'37',NULL,1),(1310,NULL,NULL,NULL,'13456','Xã Liêm Hà',NULL,'37',NULL,1),(1311,NULL,NULL,NULL,'13474','Xã Tân Thanh',NULL,'37',NULL,1),(1312,NULL,NULL,NULL,'13483','Xã Thanh Bình',NULL,'37',NULL,1),(1313,NULL,NULL,NULL,'13489','Xã Thanh Lâm',NULL,'37',NULL,1),(1314,NULL,NULL,NULL,'13495','Xã Thanh Liêm',NULL,'37',NULL,1),(1315,NULL,NULL,NULL,'13573','Xã Lý Nhân',NULL,'37',NULL,1),(1316,NULL,NULL,NULL,'13591','Xã Nam Xang',NULL,'37',NULL,1),(1317,NULL,NULL,NULL,'13579','Xã Bắc Lý',NULL,'37',NULL,1),(1318,NULL,NULL,NULL,'13597','Xã Vĩnh Trụ',NULL,'37',NULL,1),(1319,NULL,NULL,NULL,'13594','Xã Trần Thương',NULL,'37',NULL,1),(1320,NULL,NULL,NULL,'13609','Xã Nhân Hà',NULL,'37',NULL,1),(1321,NULL,NULL,NULL,'13627','Xã Nam Lý',NULL,'37',NULL,1),(1322,NULL,NULL,NULL,'13966','Xã Nam Trực',NULL,'37',NULL,1),(1323,NULL,NULL,NULL,'14011','Xã Nam Minh',NULL,'37',NULL,1),(1324,NULL,NULL,NULL,'14014','Xã Nam Đồng',NULL,'37',NULL,1),(1325,NULL,NULL,NULL,'14005','Xã Nam Ninh',NULL,'37',NULL,1),(1326,NULL,NULL,NULL,'13987','Xã Nam Hồng',NULL,'37',NULL,1),(1327,NULL,NULL,NULL,'13750','Xã Minh Tân',NULL,'37',NULL,1),(1328,NULL,NULL,NULL,'13753','Xã Hiển Khánh',NULL,'37',NULL,1),(1329,NULL,NULL,NULL,'13741','Xã Vụ Bản',NULL,'37',NULL,1),(1330,NULL,NULL,NULL,'13786','Xã Liên Minh',NULL,'37',NULL,1),(1331,NULL,NULL,NULL,'13795','Xã Ý Yên',NULL,'37',NULL,1),(1332,NULL,NULL,NULL,'13879','Xã Yên Đồng',NULL,'37',NULL,1),(1333,NULL,NULL,NULL,'13870','Xã Yên Cường',NULL,'37',NULL,1),(1334,NULL,NULL,NULL,'13864','Xã Vạn Thắng',NULL,'37',NULL,1),(1335,NULL,NULL,NULL,'13834','Xã Vũ Dương',NULL,'37',NULL,1),(1336,NULL,NULL,NULL,'13807','Xã Tân Minh',NULL,'37',NULL,1),(1337,NULL,NULL,NULL,'13822','Xã Phong Doanh',NULL,'37',NULL,1),(1338,NULL,NULL,NULL,'14026','Xã Cổ Lễ',NULL,'37',NULL,1),(1339,NULL,NULL,NULL,'14038','Xã Ninh Giang',NULL,'37',NULL,1),(1340,NULL,NULL,NULL,'14056','Xã Cát Thành',NULL,'37',NULL,1),(1341,NULL,NULL,NULL,'14053','Xã Trực Ninh',NULL,'37',NULL,1),(1342,NULL,NULL,NULL,'14062','Xã Quang Hưng',NULL,'37',NULL,1),(1343,NULL,NULL,NULL,'14071','Xã Minh Thái',NULL,'37',NULL,1),(1344,NULL,NULL,NULL,'14077','Xã Ninh Cường',NULL,'37',NULL,1),(1345,NULL,NULL,NULL,'14089','Xã Xuân Trường',NULL,'37',NULL,1),(1346,NULL,NULL,NULL,'14122','Xã Xuân Hưng',NULL,'37',NULL,1),(1347,NULL,NULL,NULL,'14104','Xã Xuân Giang',NULL,'37',NULL,1),(1348,NULL,NULL,NULL,'14095','Xã Xuân Hồng',NULL,'37',NULL,1),(1349,NULL,NULL,NULL,'14215','Xã Hải Hậu',NULL,'37',NULL,1),(1350,NULL,NULL,NULL,'14236','Xã Hải Anh',NULL,'37',NULL,1),(1351,NULL,NULL,NULL,'14218','Xã Hải Tiến',NULL,'37',NULL,1),(1352,NULL,NULL,NULL,'14248','Xã Hải Hưng',NULL,'37',NULL,1),(1353,NULL,NULL,NULL,'14281','Xã Hải An',NULL,'37',NULL,1),(1354,NULL,NULL,NULL,'14287','Xã Hải Quang',NULL,'37',NULL,1),(1355,NULL,NULL,NULL,'14308','Xã Hải Xuân',NULL,'37',NULL,1),(1356,NULL,NULL,NULL,'14221','Xã Hải Thịnh',NULL,'37',NULL,1),(1357,NULL,NULL,NULL,'14161','Xã Giao Minh',NULL,'37',NULL,1),(1358,NULL,NULL,NULL,'14182','Xã Giao Hoà',NULL,'37',NULL,1),(1359,NULL,NULL,NULL,'14167','Xã Giao Thuỷ',NULL,'37',NULL,1),(1360,NULL,NULL,NULL,'14203','Xã Giao Phúc',NULL,'37',NULL,1),(1361,NULL,NULL,NULL,'14179','Xã Giao Hưng',NULL,'37',NULL,1),(1362,NULL,NULL,NULL,'14194','Xã Giao Bình',NULL,'37',NULL,1),(1363,NULL,NULL,NULL,'14212','Xã Giao Ninh',NULL,'37',NULL,1),(1364,NULL,NULL,NULL,'13900','Xã Đồng Thịnh',NULL,'37',NULL,1),(1365,NULL,NULL,NULL,'13891','Xã Nghĩa Hưng',NULL,'37',NULL,1),(1366,NULL,NULL,NULL,'13918','Xã Nghĩa Sơn',NULL,'37',NULL,1),(1367,NULL,NULL,NULL,'13927','Xã Hồng Phong',NULL,'37',NULL,1),(1368,NULL,NULL,NULL,'13939','Xã Quỹ Nhất',NULL,'37',NULL,1),(1369,NULL,NULL,NULL,'13957','Xã Nghĩa Lâm',NULL,'37',NULL,1),(1370,NULL,NULL,NULL,'13894','Xã Rạng Đông',NULL,'37',NULL,1),(1371,NULL,NULL,NULL,'14533','Phường Tây Hoa Lư',NULL,'37',NULL,1),(1372,NULL,NULL,NULL,'14329','Phường Hoa Lư',NULL,'37',NULL,1),(1373,NULL,NULL,NULL,'14359','Phường Nam Hoa Lư',NULL,'37',NULL,1),(1374,NULL,NULL,NULL,'14566','Phường Đông Hoa Lư',NULL,'37',NULL,1),(1375,NULL,NULL,NULL,'14362','Phường Tam Điệp',NULL,'37',NULL,1),(1376,NULL,NULL,NULL,'14371','Phường Yên Sơn',NULL,'37',NULL,1),(1377,NULL,NULL,NULL,'14365','Phường Trung Sơn',NULL,'37',NULL,1),(1378,NULL,NULL,NULL,'14725','Phường Yên Thắng',NULL,'37',NULL,1),(1379,NULL,NULL,NULL,'13366','Phường Hà Nam',NULL,'37',NULL,1),(1380,NULL,NULL,NULL,'13291','Phường Phủ Lý',NULL,'37',NULL,1),(1381,NULL,NULL,NULL,'13318','Phường Phù Vân',NULL,'37',NULL,1),(1382,NULL,NULL,NULL,'13285','Phường Châu Sơn',NULL,'37',NULL,1),(1383,NULL,NULL,NULL,'13444','Phường Liêm Tuyền',NULL,'37',NULL,1),(1384,NULL,NULL,NULL,'13324','Phường Duy Tiên',NULL,'37',NULL,1),(1385,NULL,NULL,NULL,'13330','Phường Duy Tân',NULL,'37',NULL,1),(1386,NULL,NULL,NULL,'13348','Phường Đồng Văn',NULL,'37',NULL,1),(1387,NULL,NULL,NULL,'13336','Phường Duy Hà',NULL,'37',NULL,1),(1388,NULL,NULL,NULL,'13363','Phường Tiên Sơn',NULL,'37',NULL,1),(1389,NULL,NULL,NULL,'13393','Phường Lê Hồ',NULL,'37',NULL,1),(1390,NULL,NULL,NULL,'13396','Phường Nguyễn Uý',NULL,'37',NULL,1),(1391,NULL,NULL,NULL,'13435','Phường Lý Thường Kiệt',NULL,'37',NULL,1),(1392,NULL,NULL,NULL,'13402','Phường Kim Thanh',NULL,'37',NULL,1),(1393,NULL,NULL,NULL,'13420','Phường Tam Chúc',NULL,'37',NULL,1),(1394,NULL,NULL,NULL,'13384','Phường Kim Bảng',NULL,'37',NULL,1),(1395,NULL,NULL,NULL,'13666','Phường Nam Định',NULL,'37',NULL,1),(1396,NULL,NULL,NULL,'13684','Phường Thiên Trường',NULL,'37',NULL,1),(1397,NULL,NULL,NULL,'13693','Phường Đông A',NULL,'37',NULL,1),(1398,NULL,NULL,NULL,'13972','Phường Vị Khê',NULL,'37',NULL,1),(1399,NULL,NULL,NULL,'13699','Phường Thành Nam',NULL,'37',NULL,1),(1400,NULL,NULL,NULL,'13777','Phường Trường Thi',NULL,'37',NULL,1),(1401,NULL,NULL,NULL,'13984','Phường Hồng Quang',NULL,'37',NULL,1),(1402,NULL,NULL,NULL,'13735','Phường Mỹ Lộc',NULL,'37',NULL,1),(1403,NULL,NULL,NULL,'14797','Phường Hạc Thành',NULL,'38',NULL,1),(1404,NULL,NULL,NULL,'16522','Phường Quảng Phú',NULL,'38',NULL,1),(1405,NULL,NULL,NULL,'16417','Phường Đông Quang',NULL,'38',NULL,1),(1406,NULL,NULL,NULL,'16378','Phường Đông Sơn',NULL,'38',NULL,1),(1407,NULL,NULL,NULL,'15853','Phường Đông Tiến',NULL,'38',NULL,1),(1408,NULL,NULL,NULL,'14758','Phường Hàm Rồng',NULL,'38',NULL,1),(1409,NULL,NULL,NULL,'15925','Phường Nguyệt Viên',NULL,'38',NULL,1),(1410,NULL,NULL,NULL,'16531','Phường Sầm Sơn',NULL,'38',NULL,1),(1411,NULL,NULL,NULL,'16516','Phường Nam Sầm Sơn',NULL,'38',NULL,1),(1412,NULL,NULL,NULL,'14812','Phường Bỉm Sơn',NULL,'38',NULL,1),(1413,NULL,NULL,NULL,'14818','Phường Quang Trung',NULL,'38',NULL,1),(1414,NULL,NULL,NULL,'16576','Phường Ngọc Sơn',NULL,'38',NULL,1),(1415,NULL,NULL,NULL,'16594','Phường Tân Dân',NULL,'38',NULL,1),(1416,NULL,NULL,NULL,'16597','Phường Hải Lĩnh',NULL,'38',NULL,1),(1417,NULL,NULL,NULL,'16561','Phường Tĩnh Gia',NULL,'38',NULL,1),(1418,NULL,NULL,NULL,'16609','Phường Đào Duy Tư',NULL,'38',NULL,1),(1419,NULL,NULL,NULL,'16645','Phường Hải Bình',NULL,'38',NULL,1),(1420,NULL,NULL,NULL,'16624','Phường Trúc Lâm',NULL,'38',NULL,1),(1421,NULL,NULL,NULL,'16654','Phường Nghi Sơn',NULL,'38',NULL,1),(1422,NULL,NULL,NULL,'16591','Xã Các Sơn',NULL,'38',NULL,1),(1423,NULL,NULL,NULL,'16636','Xã Trường Lâm',NULL,'38',NULL,1),(1424,NULL,NULL,NULL,'15271','Xã Hà Trung',NULL,'38',NULL,1),(1425,NULL,NULL,NULL,'15316','Xã Tống Sơn',NULL,'38',NULL,1),(1426,NULL,NULL,NULL,'15274','Xã Hà Long',NULL,'38',NULL,1),(1427,NULL,NULL,NULL,'15286','Xã Hoạt Giang',NULL,'38',NULL,1),(1428,NULL,NULL,NULL,'15298','Xã Lĩnh Toại',NULL,'38',NULL,1),(1429,NULL,NULL,NULL,'16021','Xã Triệu Lộc',NULL,'38',NULL,1),(1430,NULL,NULL,NULL,'16033','Xã Đông Thành',NULL,'38',NULL,1),(1431,NULL,NULL,NULL,'16012','Xã Hậu Lộc',NULL,'38',NULL,1),(1432,NULL,NULL,NULL,'16063','Xã Hoa Lộc',NULL,'38',NULL,1),(1433,NULL,NULL,NULL,'16078','Xã Vạn Lộc',NULL,'38',NULL,1),(1434,NULL,NULL,NULL,'16093','Xã Nga Sơn',NULL,'38',NULL,1),(1435,NULL,NULL,NULL,'16114','Xã Nga Thắng',NULL,'38',NULL,1),(1436,NULL,NULL,NULL,'16138','Xã Hồ Vương',NULL,'38',NULL,1),(1437,NULL,NULL,NULL,'16108','Xã Tân Tiến',NULL,'38',NULL,1),(1438,NULL,NULL,NULL,'16144','Xã Nga An',NULL,'38',NULL,1),(1439,NULL,NULL,NULL,'16171','Xã Ba Đình',NULL,'38',NULL,1),(1440,NULL,NULL,NULL,'15865','Xã Hoằng Hóa',NULL,'38',NULL,1),(1441,NULL,NULL,NULL,'15991','Xã Hoằng Tiến',NULL,'38',NULL,1),(1442,NULL,NULL,NULL,'16000','Xã Hoằng Thanh',NULL,'38',NULL,1),(1443,NULL,NULL,NULL,'15961','Xã Hoằng Lộc',NULL,'38',NULL,1),(1444,NULL,NULL,NULL,'15976','Xã Hoằng Châu',NULL,'38',NULL,1),(1445,NULL,NULL,NULL,'15910','Xã Hoằng Sơn',NULL,'38',NULL,1),(1446,NULL,NULL,NULL,'15889','Xã Hoằng Phú',NULL,'38',NULL,1),(1447,NULL,NULL,NULL,'15880','Xã Hoằng Giang',NULL,'38',NULL,1),(1448,NULL,NULL,NULL,'16438','Xã Lưu Vệ',NULL,'38',NULL,1),(1449,NULL,NULL,NULL,'16480','Xã Quảng Yên',NULL,'38',NULL,1),(1450,NULL,NULL,NULL,'16498','Xã Quảng Ngọc',NULL,'38',NULL,1),(1451,NULL,NULL,NULL,'16540','Xã Quảng Ninh',NULL,'38',NULL,1),(1452,NULL,NULL,NULL,'16543','Xã Quảng Bình',NULL,'38',NULL,1),(1453,NULL,NULL,NULL,'16549','Xã Tiên Trang',NULL,'38',NULL,1),(1454,NULL,NULL,NULL,'16489','Xã Quảng Chính',NULL,'38',NULL,1),(1455,NULL,NULL,NULL,'16279','Xã Nông Cống',NULL,'38',NULL,1),(1456,NULL,NULL,NULL,'16309','Xã Thắng Lợi',NULL,'38',NULL,1),(1457,NULL,NULL,NULL,'16297','Xã Trung Chính',NULL,'38',NULL,1),(1458,NULL,NULL,NULL,'16348','Xã Trường Văn',NULL,'38',NULL,1),(1459,NULL,NULL,NULL,'16342','Xã Thăng Bình',NULL,'38',NULL,1),(1460,NULL,NULL,NULL,'16363','Xã Tượng Lĩnh',NULL,'38',NULL,1),(1461,NULL,NULL,NULL,'16369','Xã Công Chính',NULL,'38',NULL,1),(1462,NULL,NULL,NULL,'15772','Xã Thiệu Hóa',NULL,'38',NULL,1),(1463,NULL,NULL,NULL,'15796','Xã Thiệu Quang',NULL,'38',NULL,1),(1464,NULL,NULL,NULL,'15778','Xã Thiệu Tiến',NULL,'38',NULL,1),(1465,NULL,NULL,NULL,'15820','Xã Thiệu Toán',NULL,'38',NULL,1),(1466,NULL,NULL,NULL,'15835','Xã Thiệu Trung',NULL,'38',NULL,1),(1467,NULL,NULL,NULL,'15469','Xã Yên Định',NULL,'38',NULL,1),(1468,NULL,NULL,NULL,'15421','Xã Yên Trường',NULL,'38',NULL,1),(1469,NULL,NULL,NULL,'15409','Xã Yên Phú',NULL,'38',NULL,1),(1470,NULL,NULL,NULL,'15412','Xã Quý Lộc',NULL,'38',NULL,1),(1471,NULL,NULL,NULL,'15442','Xã Yên Ninh',NULL,'38',NULL,1),(1472,NULL,NULL,NULL,'15457','Xã Định Tân',NULL,'38',NULL,1),(1473,NULL,NULL,NULL,'15448','Xã Định Hòa',NULL,'38',NULL,1),(1474,NULL,NULL,NULL,'15499','Xã Thọ Xuân',NULL,'38',NULL,1),(1475,NULL,NULL,NULL,'15505','Xã Thọ Long',NULL,'38',NULL,1),(1476,NULL,NULL,NULL,'15520','Xã Xuân Hòa',NULL,'38',NULL,1),(1477,NULL,NULL,NULL,'15553','Xã Sao Vàng',NULL,'38',NULL,1),(1478,NULL,NULL,NULL,'15544','Xã Lam Sơn',NULL,'38',NULL,1),(1479,NULL,NULL,NULL,'15568','Xã Thọ Lập',NULL,'38',NULL,1),(1480,NULL,NULL,NULL,'15574','Xã Xuân Tín',NULL,'38',NULL,1),(1481,NULL,NULL,NULL,'15592','Xã Xuân Lập',NULL,'38',NULL,1),(1482,NULL,NULL,NULL,'15349','Xã Vĩnh Lộc',NULL,'38',NULL,1),(1483,NULL,NULL,NULL,'15361','Xã Tây Đô',NULL,'38',NULL,1),(1484,NULL,NULL,NULL,'15382','Xã Biện Thượng',NULL,'38',NULL,1),(1485,NULL,NULL,NULL,'15664','Xã Triệu Sơn',NULL,'38',NULL,1),(1486,NULL,NULL,NULL,'15667','Xã Thọ Bình',NULL,'38',NULL,1),(1487,NULL,NULL,NULL,'15754','Xã Thọ Ngọc',NULL,'38',NULL,1),(1488,NULL,NULL,NULL,'15763','Xã Thọ Phú',NULL,'38',NULL,1),(1489,NULL,NULL,NULL,'15682','Xã Hợp Tiến',NULL,'38',NULL,1),(1490,NULL,NULL,NULL,'15766','Xã An Nông',NULL,'38',NULL,1),(1491,NULL,NULL,NULL,'15718','Xã Tân Ninh',NULL,'38',NULL,1),(1492,NULL,NULL,NULL,'15724','Xã Đồng Tiến',NULL,'38',NULL,1),(1493,NULL,NULL,NULL,'14866','Xã Mường Chanh',NULL,'38',NULL,1),(1494,NULL,NULL,NULL,'14860','Xã Quang Chiểu',NULL,'38',NULL,1),(1495,NULL,NULL,NULL,'14848','Xã Tam Chung',NULL,'38',NULL,1),(1496,NULL,NULL,NULL,'14845','Xã Mường Lát',NULL,'38',NULL,1),(1497,NULL,NULL,NULL,'14863','Xã Pù Nhi',NULL,'38',NULL,1),(1498,NULL,NULL,NULL,'14864','Xã Nhi Sơn',NULL,'38',NULL,1),(1499,NULL,NULL,NULL,'14854','Xã Mường Lý',NULL,'38',NULL,1),(1500,NULL,NULL,NULL,'14857','Xã Trung Lý',NULL,'38',NULL,1),(1501,NULL,NULL,NULL,'14869','Xã Hồi Xuân',NULL,'38',NULL,1),(1502,NULL,NULL,NULL,'14902','Xã Nam Xuân',NULL,'38',NULL,1),(1503,NULL,NULL,NULL,'14908','Xã Thiên Phủ',NULL,'38',NULL,1),(1504,NULL,NULL,NULL,'14896','Xã Hiền Kiệt',NULL,'38',NULL,1),(1505,NULL,NULL,NULL,'14890','Xã Phú Xuân',NULL,'38',NULL,1),(1506,NULL,NULL,NULL,'14878','Xã Phú Lệ',NULL,'38',NULL,1),(1507,NULL,NULL,NULL,'14872','Xã Trung Thành',NULL,'38',NULL,1),(1508,NULL,NULL,NULL,'14875','Xã Trung Sơn',NULL,'38',NULL,1),(1509,NULL,NULL,NULL,'15013','Xã Na Mèo',NULL,'38',NULL,1),(1510,NULL,NULL,NULL,'15010','Xã Sơn Thủy',NULL,'38',NULL,1),(1511,NULL,NULL,NULL,'15022','Xã Sơn Điện',NULL,'38',NULL,1),(1512,NULL,NULL,NULL,'15025','Xã Mường Mìn',NULL,'38',NULL,1),(1513,NULL,NULL,NULL,'15007','Xã Tam Thanh',NULL,'38',NULL,1),(1514,NULL,NULL,NULL,'15019','Xã Tam Lư',NULL,'38',NULL,1),(1515,NULL,NULL,NULL,'15016','Xã Quan Sơn',NULL,'38',NULL,1),(1516,NULL,NULL,NULL,'15001','Xã Trung Hạ',NULL,'38',NULL,1),(1517,NULL,NULL,NULL,'15055','Xã Linh Sơn',NULL,'38',NULL,1),(1518,NULL,NULL,NULL,'15058','Xã Đồng Lương',NULL,'38',NULL,1),(1519,NULL,NULL,NULL,'15049','Xã Văn Phú',NULL,'38',NULL,1),(1520,NULL,NULL,NULL,'15043','Xã Giao An',NULL,'38',NULL,1),(1521,NULL,NULL,NULL,'15031','Xã Yên Khương',NULL,'38',NULL,1),(1522,NULL,NULL,NULL,'15034','Xã Yên Thắng',NULL,'38',NULL,1),(1523,NULL,NULL,NULL,'14974','Xã Văn Nho',NULL,'38',NULL,1),(1524,NULL,NULL,NULL,'14980','Xã Thiết Ống',NULL,'38',NULL,1),(1525,NULL,NULL,NULL,'14923','Xã Bá Thước',NULL,'38',NULL,1),(1526,NULL,NULL,NULL,'14959','Xã Cổ Lũng',NULL,'38',NULL,1),(1527,NULL,NULL,NULL,'14956','Xã Pù Luông',NULL,'38',NULL,1),(1528,NULL,NULL,NULL,'14950','Xã Điền Lư',NULL,'38',NULL,1),(1529,NULL,NULL,NULL,'14932','Xã Điền Quang',NULL,'38',NULL,1),(1530,NULL,NULL,NULL,'14953','Xã Quý Lương',NULL,'38',NULL,1),(1531,NULL,NULL,NULL,'15061','Xã Ngọc Lặc',NULL,'38',NULL,1),(1532,NULL,NULL,NULL,'15085','Xã Thạch Lập',NULL,'38',NULL,1),(1533,NULL,NULL,NULL,'15091','Xã Ngọc Liên',NULL,'38',NULL,1),(1534,NULL,NULL,NULL,'15124','Xã Minh Sơn',NULL,'38',NULL,1),(1535,NULL,NULL,NULL,'15115','Xã Nguyệt Ấn',NULL,'38',NULL,1),(1536,NULL,NULL,NULL,'15118','Xã Kiên Thọ',NULL,'38',NULL,1),(1537,NULL,NULL,NULL,'15142','Xã Cẩm Thạch',NULL,'38',NULL,1),(1538,NULL,NULL,NULL,'15127','Xã Cẩm Thủy',NULL,'38',NULL,1),(1539,NULL,NULL,NULL,'15148','Xã Cẩm Tú',NULL,'38',NULL,1),(1540,NULL,NULL,NULL,'15163','Xã Cẩm Vân',NULL,'38',NULL,1),(1541,NULL,NULL,NULL,'15178','Xã Cẩm Tân',NULL,'38',NULL,1),(1542,NULL,NULL,NULL,'15187','Xã Kim Tân',NULL,'38',NULL,1),(1543,NULL,NULL,NULL,'15190','Xã Vân Du',NULL,'38',NULL,1),(1544,NULL,NULL,NULL,'15250','Xã Ngọc Trạo',NULL,'38',NULL,1),(1545,NULL,NULL,NULL,'15211','Xã Thạch Bình',NULL,'38',NULL,1),(1546,NULL,NULL,NULL,'15229','Xã Thành Vinh',NULL,'38',NULL,1),(1547,NULL,NULL,NULL,'15199','Xã Thạch Quảng',NULL,'38',NULL,1),(1548,NULL,NULL,NULL,'16174','Xã Như Xuân',NULL,'38',NULL,1),(1549,NULL,NULL,NULL,'16225','Xã Thượng Ninh',NULL,'38',NULL,1),(1550,NULL,NULL,NULL,'16177','Xã Xuân Bình',NULL,'38',NULL,1),(1551,NULL,NULL,NULL,'16186','Xã Hóa Quỳ',NULL,'38',NULL,1),(1552,NULL,NULL,NULL,'16207','Xã Thanh Quân',NULL,'38',NULL,1),(1553,NULL,NULL,NULL,'16219','Xã Thanh Phong',NULL,'38',NULL,1),(1554,NULL,NULL,NULL,'16234','Xã Xuân Du',NULL,'38',NULL,1),(1555,NULL,NULL,NULL,'16249','Xã Mậu Lâm',NULL,'38',NULL,1),(1556,NULL,NULL,NULL,'16228','Xã Như Thanh',NULL,'38',NULL,1),(1557,NULL,NULL,NULL,'16264','Xã Yên Thọ',NULL,'38',NULL,1),(1558,NULL,NULL,NULL,'16258','Xã Xuân Thái',NULL,'38',NULL,1),(1559,NULL,NULL,NULL,'16273','Xã Thanh Kỳ',NULL,'38',NULL,1),(1560,NULL,NULL,NULL,'15607','Xã Bát Mọt',NULL,'38',NULL,1),(1561,NULL,NULL,NULL,'15610','Xã Yên Nhân',NULL,'38',NULL,1),(1562,NULL,NULL,NULL,'15628','Xã Lương Sơn',NULL,'38',NULL,1),(1563,NULL,NULL,NULL,'15646','Xã Thường Xuân',NULL,'38',NULL,1),(1564,NULL,NULL,NULL,'15634','Xã Luận Thành',NULL,'38',NULL,1),(1565,NULL,NULL,NULL,'15661','Xã Tân Thành',NULL,'38',NULL,1),(1566,NULL,NULL,NULL,'15622','Xã Vạn Xuân',NULL,'38',NULL,1),(1567,NULL,NULL,NULL,'15643','Xã Thắng Lộc',NULL,'38',NULL,1),(1568,NULL,NULL,NULL,'15658','Xã Xuân Chinh',NULL,'38',NULL,1),(1569,NULL,NULL,NULL,'17329','Xã Anh Sơn',NULL,'40',NULL,1),(1570,NULL,NULL,NULL,'17380','Xã Yên Xuân',NULL,'40',NULL,1),(1571,NULL,NULL,NULL,'17344','Xã Nhân Hòa',NULL,'40',NULL,1),(1572,NULL,NULL,NULL,'17365','Xã Anh Sơn Đông',NULL,'40',NULL,1),(1573,NULL,NULL,NULL,'17357','Xã Vĩnh Tường',NULL,'40',NULL,1),(1574,NULL,NULL,NULL,'17335','Xã Thành Bình Thọ',NULL,'40',NULL,1),(1575,NULL,NULL,NULL,'17254','Xã Con Cuông',NULL,'40',NULL,1),(1576,NULL,NULL,NULL,'17263','Xã Môn Sơn',NULL,'40',NULL,1),(1577,NULL,NULL,NULL,'17239','Xã Mậu Thạch',NULL,'40',NULL,1),(1578,NULL,NULL,NULL,'17242','Xã Cam Phục',NULL,'40',NULL,1),(1579,NULL,NULL,NULL,'17248','Xã Châu Khê',NULL,'40',NULL,1),(1580,NULL,NULL,NULL,'17230','Xã Bình Chuẩn',NULL,'40',NULL,1),(1581,NULL,NULL,NULL,'17464','Xã Diễn Châu',NULL,'40',NULL,1),(1582,NULL,NULL,NULL,'17416','Xã Đức Châu',NULL,'40',NULL,1),(1583,NULL,NULL,NULL,'17443','Xã Quảng Châu',NULL,'40',NULL,1),(1584,NULL,NULL,NULL,'17419','Xã Hải Châu',NULL,'40',NULL,1),(1585,NULL,NULL,NULL,'17488','Xã Tân Châu',NULL,'40',NULL,1),(1586,NULL,NULL,NULL,'17479','Xã An Châu',NULL,'40',NULL,1),(1587,NULL,NULL,NULL,'17476','Xã Minh Châu',NULL,'40',NULL,1),(1588,NULL,NULL,NULL,'17395','Xã Hùng Châu',NULL,'40',NULL,1),(1589,NULL,NULL,NULL,'17662','Xã Đô Lương',NULL,'40',NULL,1),(1590,NULL,NULL,NULL,'17623','Xã Bạch Ngọc',NULL,'40',NULL,1),(1591,NULL,NULL,NULL,'17677','Xã Văn Hiến',NULL,'40',NULL,1),(1592,NULL,NULL,NULL,'17707','Xã Bạch Hà',NULL,'40',NULL,1),(1593,NULL,NULL,NULL,'17689','Xã Thuần Trung',NULL,'40',NULL,1),(1594,NULL,NULL,NULL,'17641','Xã Lương Sơn',NULL,'40',NULL,1),(1595,NULL,NULL,NULL,'17110','Phường Hoàng Mai',NULL,'40',NULL,1),(1596,NULL,NULL,NULL,'17128','Phường Tân Mai',NULL,'40',NULL,1),(1597,NULL,NULL,NULL,'17125','Phường Quỳnh Mai',NULL,'40',NULL,1),(1598,NULL,NULL,NULL,'18001','Xã Hưng Nguyên',NULL,'40',NULL,1),(1599,NULL,NULL,NULL,'18007','Xã Yên Trung',NULL,'40',NULL,1),(1600,NULL,NULL,NULL,'18028','Xã Hưng Nguyên Nam',NULL,'40',NULL,1),(1601,NULL,NULL,NULL,'18040','Xã Lam Thành',NULL,'40',NULL,1),(1602,NULL,NULL,NULL,'16813','Xã Mường Xén',NULL,'40',NULL,1),(1603,NULL,NULL,NULL,'16849','Xã Hữu Kiệm',NULL,'40',NULL,1),(1604,NULL,NULL,NULL,'16837','Xã Nậm Cắn',NULL,'40',NULL,1),(1605,NULL,NULL,NULL,'16855','Xã Chiêu Lưu',NULL,'40',NULL,1),(1606,NULL,NULL,NULL,'16834','Xã Na Loi',NULL,'40',NULL,1),(1607,NULL,NULL,NULL,'16858','Xã Mường Típ',NULL,'40',NULL,1),(1608,NULL,NULL,NULL,'16870','Xã Na Ngoi',NULL,'40',NULL,1),(1609,NULL,NULL,NULL,'16816','Xã Mỹ Lý',NULL,'40',NULL,1),(1610,NULL,NULL,NULL,'16819','Xã Bắc Lý',NULL,'40',NULL,1),(1611,NULL,NULL,NULL,'16822','Xã Keng Đu',NULL,'40',NULL,1),(1612,NULL,NULL,NULL,'16828','Xã Huồi Tụ',NULL,'40',NULL,1),(1613,NULL,NULL,NULL,'16831','Xã Mường Lống',NULL,'40',NULL,1),(1614,NULL,NULL,NULL,'17950','Xã Vạn An',NULL,'40',NULL,1),(1615,NULL,NULL,NULL,'17935','Xã Nam Đàn',NULL,'40',NULL,1),(1616,NULL,NULL,NULL,'17944','Xã Đại Huệ',NULL,'40',NULL,1),(1617,NULL,NULL,NULL,'17989','Xã Thiên Nhẫn',NULL,'40',NULL,1),(1618,NULL,NULL,NULL,'17971','Xã Kim Liên',NULL,'40',NULL,1),(1619,NULL,NULL,NULL,'16941','Xã Nghĩa Đàn',NULL,'40',NULL,1),(1620,NULL,NULL,NULL,'16969','Xã Nghĩa Thọ',NULL,'40',NULL,1),(1621,NULL,NULL,NULL,'16951','Xã Nghĩa Lâm',NULL,'40',NULL,1),(1622,NULL,NULL,NULL,'16975','Xã Nghĩa Mai',NULL,'40',NULL,1),(1623,NULL,NULL,NULL,'16972','Xã Nghĩa Hưng',NULL,'40',NULL,1),(1624,NULL,NULL,NULL,'17032','Xã Nghĩa Khánh',NULL,'40',NULL,1),(1625,NULL,NULL,NULL,'17029','Xã Nghĩa Lộc',NULL,'40',NULL,1),(1626,NULL,NULL,NULL,'17827','Xã Nghi Lộc',NULL,'40',NULL,1),(1627,NULL,NULL,NULL,'17857','Xã Phúc Lộc',NULL,'40',NULL,1),(1628,NULL,NULL,NULL,'17878','Xã Đông Lộc',NULL,'40',NULL,1),(1629,NULL,NULL,NULL,'17866','Xã Trung Lộc',NULL,'40',NULL,1),(1630,NULL,NULL,NULL,'17842','Xã Thần Lĩnh',NULL,'40',NULL,1),(1631,NULL,NULL,NULL,'17833','Xã Hải Lộc',NULL,'40',NULL,1),(1632,NULL,NULL,NULL,'17854','Xã Văn Kiều',NULL,'40',NULL,1),(1633,NULL,NULL,NULL,'16738','Xã Quế Phong',NULL,'40',NULL,1),(1634,NULL,NULL,NULL,'16750','Xã Tiền Phong',NULL,'40',NULL,1),(1635,NULL,NULL,NULL,'16756','Xã Tri Lễ',NULL,'40',NULL,1),(1636,NULL,NULL,NULL,'16774','Xã Mường Quàng',NULL,'40',NULL,1),(1637,NULL,NULL,NULL,'16744','Xã Thông Thụ',NULL,'40',NULL,1),(1638,NULL,NULL,NULL,'16777','Xã Quỳ Châu',NULL,'40',NULL,1),(1639,NULL,NULL,NULL,'16792','Xã Châu Tiến',NULL,'40',NULL,1),(1640,NULL,NULL,NULL,'16801','Xã Hùng Chân',NULL,'40',NULL,1),(1641,NULL,NULL,NULL,'16804','Xã Châu Bình',NULL,'40',NULL,1),(1642,NULL,NULL,NULL,'17035','Xã Quỳ Hợp',NULL,'40',NULL,1),(1643,NULL,NULL,NULL,'17059','Xã Tam Hợp',NULL,'40',NULL,1),(1644,NULL,NULL,NULL,'17056','Xã Châu Lộc',NULL,'40',NULL,1),(1645,NULL,NULL,NULL,'17044','Xã Châu Hồng',NULL,'40',NULL,1),(1646,NULL,NULL,NULL,'17077','Xã Mường Ham',NULL,'40',NULL,1),(1647,NULL,NULL,NULL,'17089','Xã Mường Chọng',NULL,'40',NULL,1),(1648,NULL,NULL,NULL,'17071','Xã Minh Hợp',NULL,'40',NULL,1),(1649,NULL,NULL,NULL,'17179','Xã Quỳnh Lưu',NULL,'40',NULL,1),(1650,NULL,NULL,NULL,'17143','Xã Quỳnh Văn',NULL,'40',NULL,1),(1651,NULL,NULL,NULL,'17176','Xã Quỳnh Anh',NULL,'40',NULL,1),(1652,NULL,NULL,NULL,'17149','Xã Quỳnh Tam',NULL,'40',NULL,1),(1653,NULL,NULL,NULL,'17212','Xã Quỳnh Phú',NULL,'40',NULL,1),(1654,NULL,NULL,NULL,'17152','Xã Quỳnh Sơn',NULL,'40',NULL,1),(1655,NULL,NULL,NULL,'17224','Xã Quỳnh Thắng',NULL,'40',NULL,1),(1656,NULL,NULL,NULL,'17266','Xã Tân Kỳ',NULL,'40',NULL,1),(1657,NULL,NULL,NULL,'17272','Xã Tân Phú',NULL,'40',NULL,1),(1658,NULL,NULL,NULL,'17305','Xã Tân An',NULL,'40',NULL,1),(1659,NULL,NULL,NULL,'17284','Xã Nghĩa Đồng',NULL,'40',NULL,1),(1660,NULL,NULL,NULL,'17278','Xã Giai Xuân',NULL,'40',NULL,1),(1661,NULL,NULL,NULL,'17326','Xã Nghĩa Hành',NULL,'40',NULL,1),(1662,NULL,NULL,NULL,'17287','Xã Tiên Đồng',NULL,'40',NULL,1),(1663,NULL,NULL,NULL,'16939','Phường Thái Hòa',NULL,'40',NULL,1),(1664,NULL,NULL,NULL,'16994','Phường Tây Hiếu',NULL,'40',NULL,1),(1665,NULL,NULL,NULL,'17017','Xã Đông Hiếu',NULL,'40',NULL,1),(1666,NULL,NULL,NULL,'17728','Xã Cát Ngạn',NULL,'40',NULL,1),(1667,NULL,NULL,NULL,'17743','Xã Tam Đồng',NULL,'40',NULL,1),(1668,NULL,NULL,NULL,'17722','Xã Hạnh Lâm',NULL,'40',NULL,1),(1669,NULL,NULL,NULL,'17759','Xã Sơn Lâm',NULL,'40',NULL,1),(1670,NULL,NULL,NULL,'17770','Xã Hoa Quân',NULL,'40',NULL,1),(1671,NULL,NULL,NULL,'17791','Xã Kim Bảng',NULL,'40',NULL,1),(1672,NULL,NULL,NULL,'17818','Xã Bích Hào',NULL,'40',NULL,1),(1673,NULL,NULL,NULL,'17713','Xã Đại Đồng',NULL,'40',NULL,1),(1674,NULL,NULL,NULL,'17779','Xã Xuân Lâm',NULL,'40',NULL,1),(1675,NULL,NULL,NULL,'16933','Xã Tam Quang',NULL,'40',NULL,1),(1676,NULL,NULL,NULL,'16936','Xã Tam Thái',NULL,'40',NULL,1),(1677,NULL,NULL,NULL,'16876','Xã Tương Dương',NULL,'40',NULL,1),(1678,NULL,NULL,NULL,'16906','Xã Lượng Minh',NULL,'40',NULL,1),(1679,NULL,NULL,NULL,'16912','Xã Yên Na',NULL,'40',NULL,1),(1680,NULL,NULL,NULL,'16909','Xã Yên Hòa',NULL,'40',NULL,1),(1681,NULL,NULL,NULL,'16903','Xã Nga My',NULL,'40',NULL,1),(1682,NULL,NULL,NULL,'16885','Xã Hữu Khuông',NULL,'40',NULL,1),(1683,NULL,NULL,NULL,'16882','Xã Nhôn Mai',NULL,'40',NULL,1),(1684,NULL,NULL,NULL,'16690','Phường Trường Vinh',NULL,'40',NULL,1),(1685,NULL,NULL,NULL,'16681','Phường Thành Vinh',NULL,'40',NULL,1),(1686,NULL,NULL,NULL,'17920','Phường Vinh Hưng',NULL,'40',NULL,1),(1687,NULL,NULL,NULL,'16702','Phường Vinh Phú',NULL,'40',NULL,1),(1688,NULL,NULL,NULL,'16708','Phường Vinh Lộc',NULL,'40',NULL,1),(1689,NULL,NULL,NULL,'16732','Phường Cửa Lò',NULL,'40',NULL,1),(1690,NULL,NULL,NULL,'17506','Xã Yên Thành',NULL,'40',NULL,1),(1691,NULL,NULL,NULL,'17569','Xã Quan Thành',NULL,'40',NULL,1),(1692,NULL,NULL,NULL,'17605','Xã Hợp Minh',NULL,'40',NULL,1),(1693,NULL,NULL,NULL,'17611','Xã Vân Tụ',NULL,'40',NULL,1),(1694,NULL,NULL,NULL,'17560','Xã Vân Du',NULL,'40',NULL,1),(1695,NULL,NULL,NULL,'17521','Xã Quang Đồng',NULL,'40',NULL,1),(1696,NULL,NULL,NULL,'17524','Xã Giai Lạc',NULL,'40',NULL,1),(1697,NULL,NULL,NULL,'17515','Xã Bình Minh',NULL,'40',NULL,1),(1698,NULL,NULL,NULL,'17530','Xã Đông Thành',NULL,'40',NULL,1),(1699,NULL,NULL,NULL,'18754','Phường Sông Trí',NULL,'42',NULL,1),(1700,NULL,NULL,NULL,'18781','Phường Hải Ninh',NULL,'42',NULL,1),(1701,NULL,NULL,NULL,'18832','Phường Hoành Sơn',NULL,'42',NULL,1),(1702,NULL,NULL,NULL,'18823','Phường Vũng Áng',NULL,'42',NULL,1),(1703,NULL,NULL,NULL,'18766','Xã Kỳ Xuân',NULL,'42',NULL,1),(1704,NULL,NULL,NULL,'18775','Xã Kỳ Anh',NULL,'42',NULL,1),(1705,NULL,NULL,NULL,'18814','Xã Kỳ Hoa',NULL,'42',NULL,1),(1706,NULL,NULL,NULL,'18787','Xã Kỳ Văn',NULL,'42',NULL,1),(1707,NULL,NULL,NULL,'18790','Xã Kỳ Khang',NULL,'42',NULL,1),(1708,NULL,NULL,NULL,'18838','Xã Kỳ Lạc',NULL,'42',NULL,1),(1709,NULL,NULL,NULL,'18844','Xã Kỳ Thượng',NULL,'42',NULL,1),(1710,NULL,NULL,NULL,'18673','Xã Cẩm Xuyên',NULL,'42',NULL,1),(1711,NULL,NULL,NULL,'18676','Xã Thiên Cầm',NULL,'42',NULL,1),(1712,NULL,NULL,NULL,'18739','Xã Cẩm Duệ',NULL,'42',NULL,1),(1713,NULL,NULL,NULL,'18736','Xã Cẩm Hưng',NULL,'42',NULL,1),(1714,NULL,NULL,NULL,'18748','Xã Cẩm Lạc',NULL,'42',NULL,1),(1715,NULL,NULL,NULL,'18742','Xã Cẩm Trung',NULL,'42',NULL,1),(1716,NULL,NULL,NULL,'18682','Xã Yên Hòa',NULL,'42',NULL,1),(1717,NULL,NULL,NULL,'18073','Phường Thành Sen',NULL,'42',NULL,1),(1718,NULL,NULL,NULL,'18100','Phường Trần Phú',NULL,'42',NULL,1),(1719,NULL,NULL,NULL,'18652','Phường Hà Huy Tập',NULL,'42',NULL,1),(1720,NULL,NULL,NULL,'18628','Xã Thạch Lạc',NULL,'42',NULL,1),(1721,NULL,NULL,NULL,'18619','Xã Đồng Tiến',NULL,'42',NULL,1),(1722,NULL,NULL,NULL,'18604','Xã Thạch Khê',NULL,'42',NULL,1),(1723,NULL,NULL,NULL,'18685','Xã Cẩm Bình',NULL,'42',NULL,1),(1724,NULL,NULL,NULL,'18562','Xã Thạch Hà',NULL,'42',NULL,1),(1725,NULL,NULL,NULL,'18634','Xã Toàn Lưu',NULL,'42',NULL,1),(1726,NULL,NULL,NULL,'18601','Xã Việt Xuyên',NULL,'42',NULL,1),(1727,NULL,NULL,NULL,'18586','Xã Đông Kinh',NULL,'42',NULL,1),(1728,NULL,NULL,NULL,'18667','Xã Thạch Xuân',NULL,'42',NULL,1),(1729,NULL,NULL,NULL,'18568','Xã Lộc Hà',NULL,'42',NULL,1),(1730,NULL,NULL,NULL,'18409','Xã Hồng Lộc',NULL,'42',NULL,1),(1731,NULL,NULL,NULL,'18583','Xã Mai Phụ',NULL,'42',NULL,1),(1732,NULL,NULL,NULL,'18406','Xã Can Lộc',NULL,'42',NULL,1),(1733,NULL,NULL,NULL,'18418','Xã Tùng Lộc',NULL,'42',NULL,1),(1734,NULL,NULL,NULL,'18466','Xã Gia Hanh',NULL,'42',NULL,1),(1735,NULL,NULL,NULL,'18436','Xã Trường Lưu',NULL,'42',NULL,1),(1736,NULL,NULL,NULL,'18481','Xã Xuân Lộc',NULL,'42',NULL,1),(1737,NULL,NULL,NULL,'18484','Xã Đồng Lộc',NULL,'42',NULL,1),(1738,NULL,NULL,NULL,'18115','Phường Bắc Hồng Lĩnh',NULL,'42',NULL,1),(1739,NULL,NULL,NULL,'18118','Phường Nam Hồng Lĩnh',NULL,'42',NULL,1),(1740,NULL,NULL,NULL,'18373','Xã Tiên Điền',NULL,'42',NULL,1),(1741,NULL,NULL,NULL,'18352','Xã Nghi Xuân',NULL,'42',NULL,1),(1742,NULL,NULL,NULL,'18394','Xã Cổ Đạm',NULL,'42',NULL,1),(1743,NULL,NULL,NULL,'18364','Xã Đan Hải',NULL,'42',NULL,1),(1744,NULL,NULL,NULL,'18229','Xã Đức Thọ',NULL,'42',NULL,1),(1745,NULL,NULL,NULL,'18262','Xã Đức Quang',NULL,'42',NULL,1),(1746,NULL,NULL,NULL,'18304','Xã Đức Đồng',NULL,'42',NULL,1),(1747,NULL,NULL,NULL,'18277','Xã Đức Thịnh',NULL,'42',NULL,1),(1748,NULL,NULL,NULL,'18244','Xã Đức Minh',NULL,'42',NULL,1),(1749,NULL,NULL,NULL,'18133','Xã Hương Sơn',NULL,'42',NULL,1),(1750,NULL,NULL,NULL,'18172','Xã Sơn Tây',NULL,'42',NULL,1),(1751,NULL,NULL,NULL,'18202','Xã Tứ Mỹ',NULL,'42',NULL,1),(1752,NULL,NULL,NULL,'18184','Xã Sơn Giang',NULL,'42',NULL,1),(1753,NULL,NULL,NULL,'18163','Xã Sơn Tiến',NULL,'42',NULL,1),(1754,NULL,NULL,NULL,'18160','Xã Sơn Hồng',NULL,'42',NULL,1),(1755,NULL,NULL,NULL,'18223','Xã Kim Hoa',NULL,'42',NULL,1),(1756,NULL,NULL,NULL,'18313','Xã Vũ Quang',NULL,'42',NULL,1),(1757,NULL,NULL,NULL,'18322','Xã Mai Hoa',NULL,'42',NULL,1),(1758,NULL,NULL,NULL,'18328','Xã Thượng Đức',NULL,'42',NULL,1),(1759,NULL,NULL,NULL,'18496','Xã Hương Khê',NULL,'42',NULL,1),(1760,NULL,NULL,NULL,'18532','Xã Hương Phố',NULL,'42',NULL,1),(1761,NULL,NULL,NULL,'18550','Xã Hương Đô',NULL,'42',NULL,1),(1762,NULL,NULL,NULL,'18502','Xã Hà Linh',NULL,'42',NULL,1),(1763,NULL,NULL,NULL,'18523','Xã Hương Bình',NULL,'42',NULL,1),(1764,NULL,NULL,NULL,'18547','Xã Phúc Trạch',NULL,'42',NULL,1),(1765,NULL,NULL,NULL,'18544','Xã Hương Xuân',NULL,'42',NULL,1),(1766,NULL,NULL,NULL,'18196','Xã Sơn Kim 1',NULL,'42',NULL,1),(1767,NULL,NULL,NULL,'18199','Xã Sơn Kim 2',NULL,'42',NULL,1),(1768,NULL,NULL,NULL,'18880','Phường Đồng Hới',NULL,'44',NULL,1),(1769,NULL,NULL,NULL,'18859','Phường Đồng Thuận',NULL,'44',NULL,1),(1770,NULL,NULL,NULL,'18871','Phường Đồng Sơn',NULL,'44',NULL,1),(1771,NULL,NULL,NULL,'19093','Xã Nam Gianh',NULL,'44',NULL,1),(1772,NULL,NULL,NULL,'19075','Xã Nam Ba Đồn',NULL,'44',NULL,1),(1773,NULL,NULL,NULL,'19009','Phường Ba Đồn',NULL,'44',NULL,1),(1774,NULL,NULL,NULL,'19066','Phường Bắc Gianh',NULL,'44',NULL,1),(1775,NULL,NULL,NULL,'18904','Xã Dân Hóa',NULL,'44',NULL,1),(1776,NULL,NULL,NULL,'18922','Xã Kim Điền',NULL,'44',NULL,1),(1777,NULL,NULL,NULL,'18943','Xã Kim Phú',NULL,'44',NULL,1),(1778,NULL,NULL,NULL,'18901','Xã Minh Hóa',NULL,'44',NULL,1),(1779,NULL,NULL,NULL,'18919','Xã Tân Thành',NULL,'44',NULL,1),(1780,NULL,NULL,NULL,'18958','Xã Tuyên Lâm',NULL,'44',NULL,1),(1781,NULL,NULL,NULL,'18952','Xã Tuyên Sơn',NULL,'44',NULL,1),(1782,NULL,NULL,NULL,'18949','Xã Đồng Lê',NULL,'44',NULL,1),(1783,NULL,NULL,NULL,'18985','Xã Tuyên Phú',NULL,'44',NULL,1),(1784,NULL,NULL,NULL,'18991','Xã Tuyên Bình',NULL,'44',NULL,1),(1785,NULL,NULL,NULL,'18997','Xã Tuyên Hóa',NULL,'44',NULL,1),(1786,NULL,NULL,NULL,'19051','Xã Tân Gianh',NULL,'44',NULL,1),(1787,NULL,NULL,NULL,'19030','Xã Trung Thuần',NULL,'44',NULL,1),(1788,NULL,NULL,NULL,'19057','Xã Quảng Trạch',NULL,'44',NULL,1),(1789,NULL,NULL,NULL,'19033','Xã Hòa Trạch',NULL,'44',NULL,1),(1790,NULL,NULL,NULL,'19021','Xã Phú Trạch',NULL,'44',NULL,1),(1791,NULL,NULL,NULL,'19147','Xã Thượng Trạch',NULL,'44',NULL,1),(1792,NULL,NULL,NULL,'19165','Xã Phong Nha',NULL,'44',NULL,1),(1793,NULL,NULL,NULL,'19126','Xã Bắc Trạch',NULL,'44',NULL,1),(1794,NULL,NULL,NULL,'19159','Xã Đông Trạch',NULL,'44',NULL,1),(1795,NULL,NULL,NULL,'19111','Xã Hoàn Lão',NULL,'44',NULL,1),(1796,NULL,NULL,NULL,'19141','Xã Bố Trạch',NULL,'44',NULL,1),(1797,NULL,NULL,NULL,'19198','Xã Nam Trạch',NULL,'44',NULL,1),(1798,NULL,NULL,NULL,'19207','Xã Quảng Ninh',NULL,'44',NULL,1),(1799,NULL,NULL,NULL,'19225','Xã Ninh Châu',NULL,'44',NULL,1),(1800,NULL,NULL,NULL,'19237','Xã Trường Ninh',NULL,'44',NULL,1),(1801,NULL,NULL,NULL,'19204','Xã Trường Sơn',NULL,'44',NULL,1),(1802,NULL,NULL,NULL,'19249','Xã Lệ Thủy',NULL,'44',NULL,1),(1803,NULL,NULL,NULL,'19255','Xã Cam Hồng',NULL,'44',NULL,1),(1804,NULL,NULL,NULL,'19288','Xã Sen Ngư',NULL,'44',NULL,1),(1805,NULL,NULL,NULL,'19291','Xã Tân Mỹ',NULL,'44',NULL,1),(1806,NULL,NULL,NULL,'19309','Xã Trường Phú',NULL,'44',NULL,1),(1807,NULL,NULL,NULL,'19246','Xã Lệ Ninh',NULL,'44',NULL,1),(1808,NULL,NULL,NULL,'19318','Xã Kim Ngân',NULL,'44',NULL,1),(1809,NULL,NULL,NULL,'19333','Phường Đông Hà',NULL,'44',NULL,1),(1810,NULL,NULL,NULL,'19351','Phường Nam Đông Hà',NULL,'44',NULL,1),(1811,NULL,NULL,NULL,'19360','Phường Quảng Trị',NULL,'44',NULL,1),(1812,NULL,NULL,NULL,'19363','Xã Vĩnh Linh',NULL,'44',NULL,1),(1813,NULL,NULL,NULL,'19414','Xã Cửa Tùng',NULL,'44',NULL,1),(1814,NULL,NULL,NULL,'19372','Xã Vĩnh Hoàng',NULL,'44',NULL,1),(1815,NULL,NULL,NULL,'19405','Xã Vĩnh Thủy',NULL,'44',NULL,1),(1816,NULL,NULL,NULL,'19366','Xã Bến Quan',NULL,'44',NULL,1),(1817,NULL,NULL,NULL,'19537','Xã Cồn Tiên',NULL,'44',NULL,1),(1818,NULL,NULL,NULL,'19496','Xã Cửa Việt',NULL,'44',NULL,1),(1819,NULL,NULL,NULL,'19495','Xã Gio Linh',NULL,'44',NULL,1),(1820,NULL,NULL,NULL,'19501','Xã Bến Hải',NULL,'44',NULL,1),(1821,NULL,NULL,NULL,'19435','Xã Hướng Lập',NULL,'44',NULL,1),(1822,NULL,NULL,NULL,'19441','Xã Hướng Phùng',NULL,'44',NULL,1),(1823,NULL,NULL,NULL,'19429','Xã Khe Sanh',NULL,'44',NULL,1),(1824,NULL,NULL,NULL,'19462','Xã Tân Lập',NULL,'44',NULL,1),(1825,NULL,NULL,NULL,'19432','Xã Lao Bảo',NULL,'44',NULL,1),(1826,NULL,NULL,NULL,'19489','Xã Lìa',NULL,'44',NULL,1),(1827,NULL,NULL,NULL,'19483','Xã A Dơi',NULL,'44',NULL,1),(1828,NULL,NULL,NULL,'19594','Xã La Lay',NULL,'44',NULL,1),(1829,NULL,NULL,NULL,'19588','Xã Tà Rụt',NULL,'44',NULL,1),(1830,NULL,NULL,NULL,'19564','Xã Đakrông',NULL,'44',NULL,1),(1831,NULL,NULL,NULL,'19567','Xã Ba Lòng',NULL,'44',NULL,1),(1832,NULL,NULL,NULL,'19555','Xã Hướng Hiệp',NULL,'44',NULL,1),(1833,NULL,NULL,NULL,'19597','Xã Cam Lộ',NULL,'44',NULL,1),(1834,NULL,NULL,NULL,'19603','Xã Hiếu Giang',NULL,'44',NULL,1),(1835,NULL,NULL,NULL,'19624','Xã Triệu Phong',NULL,'44',NULL,1),(1836,NULL,NULL,NULL,'19669','Xã Ái Tử',NULL,'44',NULL,1),(1837,NULL,NULL,NULL,'19645','Xã Triệu Bình',NULL,'44',NULL,1),(1838,NULL,NULL,NULL,'19654','Xã Triệu Cơ',NULL,'44',NULL,1),(1839,NULL,NULL,NULL,'19639','Xã Nam Cửa Việt',NULL,'44',NULL,1),(1840,NULL,NULL,NULL,'19681','Xã Diên Sanh',NULL,'44',NULL,1),(1841,NULL,NULL,NULL,'19741','Xã Mỹ Thủy',NULL,'44',NULL,1),(1842,NULL,NULL,NULL,'19702','Xã Hải Lăng',NULL,'44',NULL,1),(1843,NULL,NULL,NULL,'19699','Xã Vĩnh Định',NULL,'44',NULL,1),(1844,NULL,NULL,NULL,'19735','Xã Nam Hải Lăng',NULL,'44',NULL,1),(1845,NULL,NULL,NULL,'19742','Đặc khu Cồn Cỏ',NULL,'44',NULL,1),(1846,NULL,NULL,NULL,'19900','Phường Thuận An',NULL,'46',NULL,1),(1847,NULL,NULL,NULL,'20014','Phường Hóa Châu',NULL,'46',NULL,1),(1848,NULL,NULL,NULL,'19930','Phường Mỹ Thượng',NULL,'46',NULL,1),(1849,NULL,NULL,NULL,'19777','Phường Vỹ Dạ',NULL,'46',NULL,1),(1850,NULL,NULL,NULL,'19786','Phường Thuận Hóa',NULL,'46',NULL,1),(1851,NULL,NULL,NULL,'19815','Phường An Cựu',NULL,'46',NULL,1),(1852,NULL,NULL,NULL,'19813','Phường Thủy Xuân',NULL,'46',NULL,1),(1853,NULL,NULL,NULL,'19810','Phường Kim Long',NULL,'46',NULL,1),(1854,NULL,NULL,NULL,'20023','Phường Hương An',NULL,'46',NULL,1),(1855,NULL,NULL,NULL,'19768','Phường Phú Xuân',NULL,'46',NULL,1),(1856,NULL,NULL,NULL,'19996','Phường Hương Trà',NULL,'46',NULL,1),(1857,NULL,NULL,NULL,'20017','Phường Kim Trà',NULL,'46',NULL,1),(1858,NULL,NULL,NULL,'19969','Phường Thanh Thủy',NULL,'46',NULL,1),(1859,NULL,NULL,NULL,'19975','Phường Hương Thủy',NULL,'46',NULL,1),(1860,NULL,NULL,NULL,'19960','Phường Phú Bài',NULL,'46',NULL,1),(1861,NULL,NULL,NULL,'19819','Phường Phong Điền',NULL,'46',NULL,1),(1862,NULL,NULL,NULL,'19864','Phường Phong Thái',NULL,'46',NULL,1),(1863,NULL,NULL,NULL,'19831','Phường Phong Dinh',NULL,'46',NULL,1),(1864,NULL,NULL,NULL,'19828','Phường Phong Phú',NULL,'46',NULL,1),(1865,NULL,NULL,NULL,'19873','Phường Phong Quảng',NULL,'46',NULL,1),(1866,NULL,NULL,NULL,'19885','Xã Đan Điền',NULL,'46',NULL,1),(1867,NULL,NULL,NULL,'19867','Xã Quảng Điền',NULL,'46',NULL,1),(1868,NULL,NULL,NULL,'19945','Xã Phú Vinh',NULL,'46',NULL,1),(1869,NULL,NULL,NULL,'19918','Xã Phú Hồ',NULL,'46',NULL,1),(1870,NULL,NULL,NULL,'19942','Xã Phú Vang',NULL,'46',NULL,1),(1871,NULL,NULL,NULL,'20122','Xã Vinh Lộc',NULL,'46',NULL,1),(1872,NULL,NULL,NULL,'20131','Xã Hưng Lộc',NULL,'46',NULL,1),(1873,NULL,NULL,NULL,'20140','Xã Lộc An',NULL,'46',NULL,1),(1874,NULL,NULL,NULL,'20107','Xã Phú Lộc',NULL,'46',NULL,1),(1875,NULL,NULL,NULL,'20152','Xã Chân Mây – Lăng Cô',NULL,'46',NULL,1),(1876,NULL,NULL,NULL,'20182','Xã Long Quảng',NULL,'46',NULL,1),(1877,NULL,NULL,NULL,'20179','Xã Nam Đông',NULL,'46',NULL,1),(1878,NULL,NULL,NULL,'20161','Xã Khe Tre',NULL,'46',NULL,1),(1879,NULL,NULL,NULL,'20035','Xã Bình Điền',NULL,'46',NULL,1),(1880,NULL,NULL,NULL,'20056','Xã A Lưới 1',NULL,'46',NULL,1),(1881,NULL,NULL,NULL,'20044','Xã A Lưới 2',NULL,'46',NULL,1),(1882,NULL,NULL,NULL,'20071','Xã A Lưới 3',NULL,'46',NULL,1),(1883,NULL,NULL,NULL,'20101','Xã A Lưới 4',NULL,'46',NULL,1),(1884,NULL,NULL,NULL,'20050','Xã A Lưới 5',NULL,'46',NULL,1),(1885,NULL,NULL,NULL,'19909','Phường Dương Nỗ',NULL,'46',NULL,1),(1886,NULL,NULL,NULL,'20242','Phường Hải Châu',NULL,'48',NULL,1),(1887,NULL,NULL,NULL,'20257','Phường Hòa Cường',NULL,'48',NULL,1),(1888,NULL,NULL,NULL,'20209','Phường Thanh Khê',NULL,'48',NULL,1),(1889,NULL,NULL,NULL,'20224','Phường An Khê',NULL,'48',NULL,1),(1890,NULL,NULL,NULL,'20275','Phường An Hải',NULL,'48',NULL,1),(1891,NULL,NULL,NULL,'20263','Phường Sơn Trà',NULL,'48',NULL,1),(1892,NULL,NULL,NULL,'20285','Phường Ngũ Hành Sơn',NULL,'48',NULL,1),(1893,NULL,NULL,NULL,'20200','Phường Hòa Khánh',NULL,'48',NULL,1),(1894,NULL,NULL,NULL,'20195','Phường Hải Vân',NULL,'48',NULL,1),(1895,NULL,NULL,NULL,'20197','Phường Liên Chiểu',NULL,'48',NULL,1),(1896,NULL,NULL,NULL,'20260','Phường Cẩm Lệ',NULL,'48',NULL,1),(1897,NULL,NULL,NULL,'20314','Phường Hòa Xuân',NULL,'48',NULL,1),(1898,NULL,NULL,NULL,'20320','Xã Hòa Vang',NULL,'48',NULL,1),(1899,NULL,NULL,NULL,'20332','Xã Hòa Tiến',NULL,'48',NULL,1),(1900,NULL,NULL,NULL,'20308','Xã Bà Nà',NULL,'48',NULL,1),(1901,NULL,NULL,NULL,'20333','Đặc khu Hoàng Sa',NULL,'48',NULL,1),(1902,NULL,NULL,NULL,'20965','Xã Núi Thành',NULL,'48',NULL,1),(1903,NULL,NULL,NULL,'21004','Xã Tam Mỹ',NULL,'48',NULL,1),(1904,NULL,NULL,NULL,'20984','Xã Tam Anh',NULL,'48',NULL,1),(1905,NULL,NULL,NULL,'20977','Xã Đức Phú',NULL,'48',NULL,1),(1906,NULL,NULL,NULL,'20971','Xã Tam Xuân',NULL,'48',NULL,1),(1907,NULL,NULL,NULL,'20992','Xã Tam Hải',NULL,'48',NULL,1),(1908,NULL,NULL,NULL,'20341','Phường Tam Kỳ',NULL,'48',NULL,1),(1909,NULL,NULL,NULL,'20356','Phường Quảng Phú',NULL,'48',NULL,1),(1910,NULL,NULL,NULL,'20350','Phường Hương Trà',NULL,'48',NULL,1),(1911,NULL,NULL,NULL,'20335','Phường Bàn Thạch',NULL,'48',NULL,1),(1912,NULL,NULL,NULL,'20380','Xã Tây Hồ',NULL,'48',NULL,1),(1913,NULL,NULL,NULL,'20364','Xã Chiên Đàn',NULL,'48',NULL,1),(1914,NULL,NULL,NULL,'20392','Xã Phú Ninh',NULL,'48',NULL,1),(1915,NULL,NULL,NULL,'20872','Xã Lãnh Ngọc',NULL,'48',NULL,1),(1916,NULL,NULL,NULL,'20854','Xã Tiên Phước',NULL,'48',NULL,1),(1917,NULL,NULL,NULL,'20878','Xã Thạnh Bình',NULL,'48',NULL,1),(1918,NULL,NULL,NULL,'20857','Xã Sơn Cẩm Hà',NULL,'48',NULL,1),(1919,NULL,NULL,NULL,'20908','Xã Trà Liên',NULL,'48',NULL,1),(1920,NULL,NULL,NULL,'20929','Xã Trà Giáp',NULL,'48',NULL,1),(1921,NULL,NULL,NULL,'20923','Xã Trà Tân',NULL,'48',NULL,1),(1922,NULL,NULL,NULL,'20920','Xã Trà Đốc',NULL,'48',NULL,1),(1923,NULL,NULL,NULL,'20900','Xã Trà My',NULL,'48',NULL,1),(1924,NULL,NULL,NULL,'20944','Xã Nam Trà My',NULL,'48',NULL,1),(1925,NULL,NULL,NULL,'20941','Xã Trà Tập',NULL,'48',NULL,1),(1926,NULL,NULL,NULL,'20959','Xã Trà Vân',NULL,'48',NULL,1),(1927,NULL,NULL,NULL,'20950','Xã Trà Linh',NULL,'48',NULL,1),(1928,NULL,NULL,NULL,'20938','Xã Trà Leng',NULL,'48',NULL,1),(1929,NULL,NULL,NULL,'20791','Xã Thăng Bình',NULL,'48',NULL,1),(1930,NULL,NULL,NULL,'20794','Xã Thăng An',NULL,'48',NULL,1),(1931,NULL,NULL,NULL,'20836','Xã Thăng Trường',NULL,'48',NULL,1),(1932,NULL,NULL,NULL,'20848','Xã Thăng Điền',NULL,'48',NULL,1),(1933,NULL,NULL,NULL,'20827','Xã Thăng Phú',NULL,'48',NULL,1),(1934,NULL,NULL,NULL,'20818','Xã Đồng Dương',NULL,'48',NULL,1),(1935,NULL,NULL,NULL,'20662','Xã Quế Sơn Trung',NULL,'48',NULL,1),(1936,NULL,NULL,NULL,'20641','Xã Quế Sơn',NULL,'48',NULL,1),(1937,NULL,NULL,NULL,'20650','Xã Xuân Phú',NULL,'48',NULL,1),(1938,NULL,NULL,NULL,'20656','Xã Nông Sơn',NULL,'48',NULL,1),(1939,NULL,NULL,NULL,'20669','Xã Quế Phước',NULL,'48',NULL,1),(1940,NULL,NULL,NULL,'20635','Xã Duy Nghĩa',NULL,'48',NULL,1),(1941,NULL,NULL,NULL,'20599','Xã Nam Phước',NULL,'48',NULL,1),(1942,NULL,NULL,NULL,'20623','Xã Duy Xuyên',NULL,'48',NULL,1),(1943,NULL,NULL,NULL,'20611','Xã Thu Bồn',NULL,'48',NULL,1),(1944,NULL,NULL,NULL,'20551','Phường Điện Bàn',NULL,'48',NULL,1),(1945,NULL,NULL,NULL,'20579','Phường Điện Bàn Đông',NULL,'48',NULL,1),(1946,NULL,NULL,NULL,'20575','Phường An Thắng',NULL,'48',NULL,1),(1947,NULL,NULL,NULL,'20557','Phường Điện Bàn Bắc',NULL,'48',NULL,1),(1948,NULL,NULL,NULL,'20569','Xã Điện Bàn Tây',NULL,'48',NULL,1),(1949,NULL,NULL,NULL,'20587','Xã Gò Nổi',NULL,'48',NULL,1),(1950,NULL,NULL,NULL,'20410','Phường Hội An',NULL,'48',NULL,1),(1951,NULL,NULL,NULL,'20413','Phường Hội An Đông',NULL,'48',NULL,1),(1952,NULL,NULL,NULL,'20401','Phường Hội An Tây',NULL,'48',NULL,1),(1953,NULL,NULL,NULL,'20434','Xã Tân Hiệp',NULL,'48',NULL,1),(1954,NULL,NULL,NULL,'20500','Xã Đại Lộc',NULL,'48',NULL,1),(1955,NULL,NULL,NULL,'20515','Xã Hà Nha',NULL,'48',NULL,1),(1956,NULL,NULL,NULL,'20506','Xã Thượng Đức',NULL,'48',NULL,1),(1957,NULL,NULL,NULL,'20539','Xã Vu Gia',NULL,'48',NULL,1),(1958,NULL,NULL,NULL,'20542','Xã Phú Thuận',NULL,'48',NULL,1),(1959,NULL,NULL,NULL,'20695','Xã Thạnh Mỹ',NULL,'48',NULL,1),(1960,NULL,NULL,NULL,'20710','Xã Bến Giằng',NULL,'48',NULL,1),(1961,NULL,NULL,NULL,'20707','Xã Nam Giang',NULL,'48',NULL,1),(1962,NULL,NULL,NULL,'20716','Xã Đắc Pring',NULL,'48',NULL,1),(1963,NULL,NULL,NULL,'20704','Xã La Dêê',NULL,'48',NULL,1),(1964,NULL,NULL,NULL,'20698','Xã La Êê',NULL,'48',NULL,1),(1965,NULL,NULL,NULL,'20485','Xã Sông Vàng',NULL,'48',NULL,1),(1966,NULL,NULL,NULL,'20476','Xã Sông Kôn',NULL,'48',NULL,1),(1967,NULL,NULL,NULL,'20467','Xã Đông Giang',NULL,'48',NULL,1),(1968,NULL,NULL,NULL,'20494','Xã Bến Hiên',NULL,'48',NULL,1),(1969,NULL,NULL,NULL,'20458','Xã Avương',NULL,'48',NULL,1),(1970,NULL,NULL,NULL,'20455','Xã Tây Giang',NULL,'48',NULL,1),(1971,NULL,NULL,NULL,'20443','Xã Hùng Sơn',NULL,'48',NULL,1),(1972,NULL,NULL,NULL,'20779','Xã Hiệp Đức',NULL,'48',NULL,1),(1973,NULL,NULL,NULL,'20767','Xã Việt An',NULL,'48',NULL,1),(1974,NULL,NULL,NULL,'20770','Xã Phước Trà',NULL,'48',NULL,1),(1975,NULL,NULL,NULL,'20722','Xã Khâm Đức',NULL,'48',NULL,1),(1976,NULL,NULL,NULL,'20734','Xã Phước Năng',NULL,'48',NULL,1),(1977,NULL,NULL,NULL,'20740','Xã Phước Chánh',NULL,'48',NULL,1),(1978,NULL,NULL,NULL,'20752','Xã Phước Thành',NULL,'48',NULL,1),(1979,NULL,NULL,NULL,'20728','Xã Phước Hiệp',NULL,'48',NULL,1),(1980,NULL,NULL,NULL,'21211','Xã Tịnh Khê',NULL,'51',NULL,1),(1981,NULL,NULL,NULL,'21172','Phường Trương Quang Trọng',NULL,'51',NULL,1),(1982,NULL,NULL,NULL,'21034','Xã An Phú',NULL,'51',NULL,1),(1983,NULL,NULL,NULL,'21025','Phường Cẩm Thành',NULL,'51',NULL,1),(1984,NULL,NULL,NULL,'21028','Phường Nghĩa Lộ',NULL,'51',NULL,1),(1985,NULL,NULL,NULL,'21451','Phường Trà Câu',NULL,'51',NULL,1),(1986,NULL,NULL,NULL,'21457','Xã Nguyễn Nghiêm',NULL,'51',NULL,1),(1987,NULL,NULL,NULL,'21439','Phường Đức Phổ',NULL,'51',NULL,1),(1988,NULL,NULL,NULL,'21472','Xã Khánh Cường',NULL,'51',NULL,1),(1989,NULL,NULL,NULL,'21478','Phường Sa Huỳnh',NULL,'51',NULL,1),(1990,NULL,NULL,NULL,'21085','Xã Bình Minh',NULL,'51',NULL,1),(1991,NULL,NULL,NULL,'21100','Xã Bình Chương',NULL,'51',NULL,1),(1992,NULL,NULL,NULL,'21040','Xã Bình Sơn',NULL,'51',NULL,1),(1993,NULL,NULL,NULL,'21061','Xã Vạn Tường',NULL,'51',NULL,1),(1994,NULL,NULL,NULL,'21109','Xã Đông Sơn',NULL,'51',NULL,1),(1995,NULL,NULL,NULL,'21196','Xã Trường Giang',NULL,'51',NULL,1),(1996,NULL,NULL,NULL,'21205','Xã Ba Gia',NULL,'51',NULL,1),(1997,NULL,NULL,NULL,'21220','Xã Sơn Tịnh',NULL,'51',NULL,1),(1998,NULL,NULL,NULL,'21181','Xã Thọ Phong',NULL,'51',NULL,1),(1999,NULL,NULL,NULL,'21235','Xã Tư Nghĩa',NULL,'51',NULL,1),(2000,NULL,NULL,NULL,'21238','Xã Vệ Giang',NULL,'51',NULL,1),(2001,NULL,NULL,NULL,'21250','Xã Nghĩa Giang',NULL,'51',NULL,1),(2002,NULL,NULL,NULL,'21244','Xã Trà Giang',NULL,'51',NULL,1),(2003,NULL,NULL,NULL,'21364','Xã Nghĩa Hành',NULL,'51',NULL,1),(2004,NULL,NULL,NULL,'21385','Xã Đình Cương',NULL,'51',NULL,1),(2005,NULL,NULL,NULL,'21388','Xã Thiện Tín',NULL,'51',NULL,1),(2006,NULL,NULL,NULL,'21370','Xã Phước Giang',NULL,'51',NULL,1),(2007,NULL,NULL,NULL,'21409','Xã Long Phụng',NULL,'51',NULL,1),(2008,NULL,NULL,NULL,'21421','Xã Mỏ Cày',NULL,'51',NULL,1),(2009,NULL,NULL,NULL,'21400','Xã Mộ Đức',NULL,'51',NULL,1),(2010,NULL,NULL,NULL,'21433','Xã Lân Phong',NULL,'51',NULL,1),(2011,NULL,NULL,NULL,'21115','Xã Trà Bồng',NULL,'51',NULL,1),(2012,NULL,NULL,NULL,'21127','Xã Đông Trà Bồng',NULL,'51',NULL,1),(2013,NULL,NULL,NULL,'21154','Xã Tây Trà',NULL,'51',NULL,1),(2014,NULL,NULL,NULL,'21124','Xã Thanh Bồng',NULL,'51',NULL,1),(2015,NULL,NULL,NULL,'21136','Xã Cà Đam',NULL,'51',NULL,1),(2016,NULL,NULL,NULL,'21157','Xã Tây Trà Bồng',NULL,'51',NULL,1),(2017,NULL,NULL,NULL,'21292','Xã Sơn Hạ',NULL,'51',NULL,1),(2018,NULL,NULL,NULL,'21307','Xã Sơn Linh',NULL,'51',NULL,1),(2019,NULL,NULL,NULL,'21289','Xã Sơn Hà',NULL,'51',NULL,1),(2020,NULL,NULL,NULL,'21319','Xã Sơn Thủy',NULL,'51',NULL,1),(2021,NULL,NULL,NULL,'21325','Xã Sơn Kỳ',NULL,'51',NULL,1),(2022,NULL,NULL,NULL,'21340','Xã Sơn Tây',NULL,'51',NULL,1),(2023,NULL,NULL,NULL,'21334','Xã Sơn Tây Thượng',NULL,'51',NULL,1),(2024,NULL,NULL,NULL,'21343','Xã Sơn Tây Hạ',NULL,'51',NULL,1),(2025,NULL,NULL,NULL,'21361','Xã Minh Long',NULL,'51',NULL,1),(2026,NULL,NULL,NULL,'21349','Xã Sơn Mai',NULL,'51',NULL,1),(2027,NULL,NULL,NULL,'21529','Xã Ba Vì',NULL,'51',NULL,1),(2028,NULL,NULL,NULL,'21523','Xã Ba Tô',NULL,'51',NULL,1),(2029,NULL,NULL,NULL,'21499','Xã Ba Dinh',NULL,'51',NULL,1),(2030,NULL,NULL,NULL,'21484','Xã Ba Tơ',NULL,'51',NULL,1),(2031,NULL,NULL,NULL,'21490','Xã Ba Vinh',NULL,'51',NULL,1),(2032,NULL,NULL,NULL,'21496','Xã Ba Động',NULL,'51',NULL,1),(2033,NULL,NULL,NULL,'21520','Xã Đặng Thùy Trâm',NULL,'51',NULL,1),(2034,NULL,NULL,NULL,'21538','Xã Ba Xa',NULL,'51',NULL,1),(2035,NULL,NULL,NULL,'21548','Đặc khu Lý Sơn',NULL,'51',NULL,1),(2036,NULL,NULL,NULL,'23293','Phường Kon Tum',NULL,'51',NULL,1),(2037,NULL,NULL,NULL,'23284','Phường Đăk Cấm',NULL,'51',NULL,1),(2038,NULL,NULL,NULL,'23302','Phường Đăk BLa',NULL,'51',NULL,1),(2039,NULL,NULL,NULL,'23317','Xã Ngọk Bay',NULL,'51',NULL,1),(2040,NULL,NULL,NULL,'23326','Xã Ia Chim',NULL,'51',NULL,1),(2041,NULL,NULL,NULL,'23332','Xã Đăk Rơ Wa',NULL,'51',NULL,1),(2042,NULL,NULL,NULL,'23504','Xã Đăk Pxi',NULL,'51',NULL,1),(2043,NULL,NULL,NULL,'23512','Xã Đăk Mar',NULL,'51',NULL,1),(2044,NULL,NULL,NULL,'23510','Xã Đăk Ui',NULL,'51',NULL,1),(2045,NULL,NULL,NULL,'23515','Xã Ngọk Réo',NULL,'51',NULL,1),(2046,NULL,NULL,NULL,'23500','Xã Đăk Hà',NULL,'51',NULL,1),(2047,NULL,NULL,NULL,'23428','Xã Ngọk Tụ',NULL,'51',NULL,1),(2048,NULL,NULL,NULL,'23401','Xã Đăk Tô',NULL,'51',NULL,1),(2049,NULL,NULL,NULL,'23430','Xã Kon Đào',NULL,'51',NULL,1),(2050,NULL,NULL,NULL,'23416','Xã Đăk Sao',NULL,'51',NULL,1),(2051,NULL,NULL,NULL,'23419','Xã Đăk Tờ Kan',NULL,'51',NULL,1),(2052,NULL,NULL,NULL,'23425','Xã Tu Mơ Rông',NULL,'51',NULL,1),(2053,NULL,NULL,NULL,'23446','Xã Măng Ri',NULL,'51',NULL,1),(2054,NULL,NULL,NULL,'23377','Xã Bờ Y',NULL,'51',NULL,1),(2055,NULL,NULL,NULL,'23392','Xã Sa Loong',NULL,'51',NULL,1),(2056,NULL,NULL,NULL,'23383','Xã Dục Nông',NULL,'51',NULL,1),(2057,NULL,NULL,NULL,'23356','Xã Xốp',NULL,'51',NULL,1),(2058,NULL,NULL,NULL,'23365','Xã Ngọc Linh',NULL,'51',NULL,1),(2059,NULL,NULL,NULL,'23344','Xã Đăk Plô',NULL,'51',NULL,1),(2060,NULL,NULL,NULL,'23341','Xã Đăk Pék',NULL,'51',NULL,1),(2061,NULL,NULL,NULL,'23374','Xã Đăk Môn',NULL,'51',NULL,1),(2062,NULL,NULL,NULL,'23527','Xã Sa Thầy',NULL,'51',NULL,1),(2063,NULL,NULL,NULL,'23534','Xã Sa Bình',NULL,'51',NULL,1),(2064,NULL,NULL,NULL,'23548','Xã Ya Ly',NULL,'51',NULL,1),(2065,NULL,NULL,NULL,'23538','Xã Ia Tơi',NULL,'51',NULL,1),(2066,NULL,NULL,NULL,'23485','Xã Đăk Kôi',NULL,'51',NULL,1),(2067,NULL,NULL,NULL,'23497','Xã Kon Braih',NULL,'51',NULL,1),(2068,NULL,NULL,NULL,'23479','Xã Đăk Rve',NULL,'51',NULL,1),(2069,NULL,NULL,NULL,'23473','Xã Măng Đen',NULL,'51',NULL,1),(2070,NULL,NULL,NULL,'23455','Xã Măng Bút',NULL,'51',NULL,1),(2071,NULL,NULL,NULL,'23476','Xã Kon Plông',NULL,'51',NULL,1),(2072,NULL,NULL,NULL,'23368','Xã Đăk Long',NULL,'51',NULL,1),(2073,NULL,NULL,NULL,'23530','Xã Rờ Kơi',NULL,'51',NULL,1),(2074,NULL,NULL,NULL,'23536','Xã Mô Rai',NULL,'51',NULL,1),(2075,NULL,NULL,NULL,'23535','Xã Ia Đal',NULL,'51',NULL,1),(2076,NULL,NULL,NULL,'21583','Phường Quy Nhơn',NULL,'52',NULL,1),(2077,NULL,NULL,NULL,'21601','Phường Quy Nhơn Đông',NULL,'52',NULL,1),(2078,NULL,NULL,NULL,'21589','Phường Quy Nhơn Tây',NULL,'52',NULL,1),(2079,NULL,NULL,NULL,'21592','Phường Quy Nhơn Nam',NULL,'52',NULL,1),(2080,NULL,NULL,NULL,'21553','Phường Quy Nhơn Bắc',NULL,'52',NULL,1),(2081,NULL,NULL,NULL,'21907','Phường Bình Định',NULL,'52',NULL,1),(2082,NULL,NULL,NULL,'21910','Phường An Nhơn',NULL,'52',NULL,1),(2083,NULL,NULL,NULL,'21934','Phường An Nhơn Đông',NULL,'52',NULL,1),(2084,NULL,NULL,NULL,'21943','Phường An Nhơn Nam',NULL,'52',NULL,1),(2085,NULL,NULL,NULL,'21925','Phường An Nhơn Bắc',NULL,'52',NULL,1),(2086,NULL,NULL,NULL,'21940','Xã An Nhơn Tây',NULL,'52',NULL,1),(2087,NULL,NULL,NULL,'21640','Phường Bồng Sơn',NULL,'52',NULL,1),(2088,NULL,NULL,NULL,'21664','Phường Hoài Nhơn',NULL,'52',NULL,1),(2089,NULL,NULL,NULL,'21637','Phường Tam Quan',NULL,'52',NULL,1),(2090,NULL,NULL,NULL,'21670','Phường Hoài Nhơn Đông',NULL,'52',NULL,1),(2091,NULL,NULL,NULL,'21661','Phường Hoài Nhơn Tây',NULL,'52',NULL,1),(2092,NULL,NULL,NULL,'21673','Phường Hoài Nhơn Nam',NULL,'52',NULL,1),(2093,NULL,NULL,NULL,'21655','Phường Hoài Nhơn Bắc',NULL,'52',NULL,1),(2094,NULL,NULL,NULL,'21853','Xã Phù Cát',NULL,'52',NULL,1),(2095,NULL,NULL,NULL,'21892','Xã Xuân An',NULL,'52',NULL,1),(2096,NULL,NULL,NULL,'21889','Xã Ngô Mây',NULL,'52',NULL,1),(2097,NULL,NULL,NULL,'21898','Xã Cát Tiến',NULL,'52',NULL,1),(2098,NULL,NULL,NULL,'21862','Xã Đề Gi',NULL,'52',NULL,1),(2099,NULL,NULL,NULL,'21871','Xã Hòa Hội',NULL,'52',NULL,1),(2100,NULL,NULL,NULL,'21868','Xã Hội Sơn',NULL,'52',NULL,1),(2101,NULL,NULL,NULL,'21730','Xã Phù Mỹ',NULL,'52',NULL,1),(2102,NULL,NULL,NULL,'21769','Xã An Lương',NULL,'52',NULL,1),(2103,NULL,NULL,NULL,'21733','Xã Bình Dương',NULL,'52',NULL,1),(2104,NULL,NULL,NULL,'21751','Xã Phù Mỹ Đông',NULL,'52',NULL,1),(2105,NULL,NULL,NULL,'21757','Xã Phù Mỹ Tây',NULL,'52',NULL,1),(2106,NULL,NULL,NULL,'21775','Xã Phù Mỹ Nam',NULL,'52',NULL,1),(2107,NULL,NULL,NULL,'21739','Xã Phù Mỹ Bắc',NULL,'52',NULL,1),(2108,NULL,NULL,NULL,'21952','Xã Tuy Phước',NULL,'52',NULL,1),(2109,NULL,NULL,NULL,'21970','Xã Tuy Phước Đông',NULL,'52',NULL,1),(2110,NULL,NULL,NULL,'21985','Xã Tuy Phước Tây',NULL,'52',NULL,1),(2111,NULL,NULL,NULL,'21964','Xã Tuy Phước Bắc',NULL,'52',NULL,1),(2112,NULL,NULL,NULL,'21808','Xã Tây Sơn',NULL,'52',NULL,1),(2113,NULL,NULL,NULL,'21820','Xã Bình Khê',NULL,'52',NULL,1),(2114,NULL,NULL,NULL,'21835','Xã Bình Phú',NULL,'52',NULL,1),(2115,NULL,NULL,NULL,'21817','Xã Bình Hiệp',NULL,'52',NULL,1),(2116,NULL,NULL,NULL,'21829','Xã Bình An',NULL,'52',NULL,1),(2117,NULL,NULL,NULL,'21688','Xã Hoài Ân',NULL,'52',NULL,1),(2118,NULL,NULL,NULL,'21715','Xã Ân Tường',NULL,'52',NULL,1),(2119,NULL,NULL,NULL,'21727','Xã Kim Sơn',NULL,'52',NULL,1),(2120,NULL,NULL,NULL,'21703','Xã Vạn Đức',NULL,'52',NULL,1),(2121,NULL,NULL,NULL,'21697','Xã Ân Hảo',NULL,'52',NULL,1),(2122,NULL,NULL,NULL,'21994','Xã Vân Canh',NULL,'52',NULL,1),(2123,NULL,NULL,NULL,'22003','Xã Canh Vinh',NULL,'52',NULL,1),(2124,NULL,NULL,NULL,'21997','Xã Canh Liên',NULL,'52',NULL,1),(2125,NULL,NULL,NULL,'21786','Xã Vĩnh Thạnh',NULL,'52',NULL,1),(2126,NULL,NULL,NULL,'21796','Xã Vĩnh Thịnh',NULL,'52',NULL,1),(2127,NULL,NULL,NULL,'21805','Xã Vĩnh Quang',NULL,'52',NULL,1),(2128,NULL,NULL,NULL,'21787','Xã Vĩnh Sơn',NULL,'52',NULL,1),(2129,NULL,NULL,NULL,'21628','Xã An Hòa',NULL,'52',NULL,1),(2130,NULL,NULL,NULL,'21609','Xã An Lão',NULL,'52',NULL,1),(2131,NULL,NULL,NULL,'21616','Xã An Vinh',NULL,'52',NULL,1),(2132,NULL,NULL,NULL,'21622','Xã An Toàn',NULL,'52',NULL,1),(2133,NULL,NULL,NULL,'23575','Phường Pleiku',NULL,'52',NULL,1),(2134,NULL,NULL,NULL,'23586','Phường Hội Phú',NULL,'52',NULL,1),(2135,NULL,NULL,NULL,'23584','Phường Thống Nhất',NULL,'52',NULL,1),(2136,NULL,NULL,NULL,'23563','Phường Diên Hồng',NULL,'52',NULL,1),(2137,NULL,NULL,NULL,'23602','Phường An Phú',NULL,'52',NULL,1),(2138,NULL,NULL,NULL,'23590','Xã Biển Hồ',NULL,'52',NULL,1),(2139,NULL,NULL,NULL,'23611','Xã Gào',NULL,'52',NULL,1),(2140,NULL,NULL,NULL,'23734','Xã Ia Ly',NULL,'52',NULL,1),(2141,NULL,NULL,NULL,'23722','Xã Chư Păh',NULL,'52',NULL,1),(2142,NULL,NULL,NULL,'23728','Xã Ia Khươl',NULL,'52',NULL,1),(2143,NULL,NULL,NULL,'23749','Xã Ia Phí',NULL,'52',NULL,1),(2144,NULL,NULL,NULL,'23887','Xã Chư Prông',NULL,'52',NULL,1),(2145,NULL,NULL,NULL,'23896','Xã Bàu Cạn',NULL,'52',NULL,1),(2146,NULL,NULL,NULL,'23911','Xã Ia Boòng',NULL,'52',NULL,1),(2147,NULL,NULL,NULL,'23935','Xã Ia Lâu',NULL,'52',NULL,1),(2148,NULL,NULL,NULL,'23926','Xã Ia Pia',NULL,'52',NULL,1),(2149,NULL,NULL,NULL,'23908','Xã Ia Tôr',NULL,'52',NULL,1),(2150,NULL,NULL,NULL,'23941','Xã Chư Sê',NULL,'52',NULL,1),(2151,NULL,NULL,NULL,'23947','Xã Bờ Ngoong',NULL,'52',NULL,1),(2152,NULL,NULL,NULL,'23977','Xã Ia Ko',NULL,'52',NULL,1),(2153,NULL,NULL,NULL,'23954','Xã Albá',NULL,'52',NULL,1),(2154,NULL,NULL,NULL,'23942','Xã Chư Pưh',NULL,'52',NULL,1),(2155,NULL,NULL,NULL,'23986','Xã Ia Le',NULL,'52',NULL,1),(2156,NULL,NULL,NULL,'23971','Xã Ia Hrú',NULL,'52',NULL,1),(2157,NULL,NULL,NULL,'23617','Phường An Khê',NULL,'52',NULL,1),(2158,NULL,NULL,NULL,'23614','Phường An Bình',NULL,'52',NULL,1),(2159,NULL,NULL,NULL,'23629','Xã Cửu An',NULL,'52',NULL,1),(2160,NULL,NULL,NULL,'23995','Xã Đak Pơ',NULL,'52',NULL,1),(2161,NULL,NULL,NULL,'24007','Xã Ya Hội',NULL,'52',NULL,1),(2162,NULL,NULL,NULL,'23638','Xã Kbang',NULL,'52',NULL,1),(2163,NULL,NULL,NULL,'23674','Xã Kông Bơ La',NULL,'52',NULL,1),(2164,NULL,NULL,NULL,'23668','Xã Tơ Tung',NULL,'52',NULL,1),(2165,NULL,NULL,NULL,'23647','Xã Sơn Lang',NULL,'52',NULL,1),(2166,NULL,NULL,NULL,'23644','Xã Đak Rong',NULL,'52',NULL,1),(2167,NULL,NULL,NULL,'23824','Xã Kông Chro',NULL,'52',NULL,1),(2168,NULL,NULL,NULL,'23833','Xã Ya Ma',NULL,'52',NULL,1),(2169,NULL,NULL,NULL,'23830','Xã Chư Krey',NULL,'52',NULL,1),(2170,NULL,NULL,NULL,'23839','Xã SRó',NULL,'52',NULL,1),(2171,NULL,NULL,NULL,'23842','Xã Đăk Song',NULL,'52',NULL,1),(2172,NULL,NULL,NULL,'23851','Xã Chơ Long',NULL,'52',NULL,1),(2173,NULL,NULL,NULL,'24044','Phường Ayun Pa',NULL,'52',NULL,1),(2174,NULL,NULL,NULL,'24065','Xã Ia Rbol',NULL,'52',NULL,1),(2175,NULL,NULL,NULL,'24073','Xã Ia Sao',NULL,'52',NULL,1),(2176,NULL,NULL,NULL,'24043','Xã Phú Thiện',NULL,'52',NULL,1),(2177,NULL,NULL,NULL,'24049','Xã Chư A Thai',NULL,'52',NULL,1),(2178,NULL,NULL,NULL,'24061','Xã Ia Hiao',NULL,'52',NULL,1),(2179,NULL,NULL,NULL,'24013','Xã Pờ Tó',NULL,'52',NULL,1),(2180,NULL,NULL,NULL,'24022','Xã Ia Pa',NULL,'52',NULL,1),(2181,NULL,NULL,NULL,'24028','Xã Ia Tul',NULL,'52',NULL,1),(2182,NULL,NULL,NULL,'24076','Xã Phú Túc',NULL,'52',NULL,1),(2183,NULL,NULL,NULL,'24100','Xã Ia Dreh',NULL,'52',NULL,1),(2184,NULL,NULL,NULL,'24112','Xã Ia Rsai',NULL,'52',NULL,1),(2185,NULL,NULL,NULL,'24109','Xã Uar',NULL,'52',NULL,1),(2186,NULL,NULL,NULL,'23677','Xã Đak Đoa',NULL,'52',NULL,1),(2187,NULL,NULL,NULL,'23701','Xã Kon Gang',NULL,'52',NULL,1),(2188,NULL,NULL,NULL,'23710','Xã Ia Băng',NULL,'52',NULL,1),(2189,NULL,NULL,NULL,'23714','Xã KDang',NULL,'52',NULL,1),(2190,NULL,NULL,NULL,'23683','Xã Đak Sơmei',NULL,'52',NULL,1),(2191,NULL,NULL,NULL,'23794','Xã Mang Yang',NULL,'52',NULL,1),(2192,NULL,NULL,NULL,'23812','Xã Lơ Pang',NULL,'52',NULL,1),(2193,NULL,NULL,NULL,'23818','Xã Kon Chiêng',NULL,'52',NULL,1),(2194,NULL,NULL,NULL,'23799','Xã Hra',NULL,'52',NULL,1),(2195,NULL,NULL,NULL,'23798','Xã Ayun',NULL,'52',NULL,1),(2196,NULL,NULL,NULL,'23764','Xã Ia Grai',NULL,'52',NULL,1),(2197,NULL,NULL,NULL,'23776','Xã Ia Krái',NULL,'52',NULL,1),(2198,NULL,NULL,NULL,'23767','Xã Ia Hrung',NULL,'52',NULL,1),(2199,NULL,NULL,NULL,'23857','Xã Đức Cơ',NULL,'52',NULL,1),(2200,NULL,NULL,NULL,'23869','Xã Ia Dơk',NULL,'52',NULL,1),(2201,NULL,NULL,NULL,'23866','Xã Ia Krêl',NULL,'52',NULL,1),(2202,NULL,NULL,NULL,'21607','Xã Nhơn Châu',NULL,'52',NULL,1),(2203,NULL,NULL,NULL,'23917','Xã Ia Púch',NULL,'52',NULL,1),(2204,NULL,NULL,NULL,'23737','Xã Ia Mơ',NULL,'52',NULL,1),(2205,NULL,NULL,NULL,'23881','Xã Ia Pnôn',NULL,'52',NULL,1),(2206,NULL,NULL,NULL,'23884','Xã Ia Nan',NULL,'52',NULL,1),(2207,NULL,NULL,NULL,'23872','Xã Ia Dom',NULL,'52',NULL,1),(2208,NULL,NULL,NULL,'23788','Xã Ia Chia',NULL,'52',NULL,1),(2209,NULL,NULL,NULL,'23782','Xã Ia O',NULL,'52',NULL,1),(2210,NULL,NULL,NULL,'23650','Xã Krong',NULL,'52',NULL,1),(2211,NULL,NULL,NULL,'22366','Phường Nha Trang',NULL,'56',NULL,1),(2212,NULL,NULL,NULL,'22333','Phường Bắc Nha Trang',NULL,'56',NULL,1),(2213,NULL,NULL,NULL,'22390','Phường Tây Nha Trang',NULL,'56',NULL,1),(2214,NULL,NULL,NULL,'22402','Phường Nam Nha Trang',NULL,'56',NULL,1),(2215,NULL,NULL,NULL,'22408','Phường Bắc Cam Ranh',NULL,'56',NULL,1),(2216,NULL,NULL,NULL,'22420','Phường Cam Ranh',NULL,'56',NULL,1),(2217,NULL,NULL,NULL,'22432','Phường Cam Linh',NULL,'56',NULL,1),(2218,NULL,NULL,NULL,'22423','Phường Ba Ngòi',NULL,'56',NULL,1),(2219,NULL,NULL,NULL,'22480','Xã Nam Cam Ranh',NULL,'56',NULL,1),(2220,NULL,NULL,NULL,'22546','Xã Bắc Ninh Hòa',NULL,'56',NULL,1),(2221,NULL,NULL,NULL,'22528','Phường Ninh Hòa',NULL,'56',NULL,1),(2222,NULL,NULL,NULL,'22576','Xã Tân Định',NULL,'56',NULL,1),(2223,NULL,NULL,NULL,'22561','Phường Đông Ninh Hòa',NULL,'56',NULL,1),(2224,NULL,NULL,NULL,'22591','Phường Hòa Thắng',NULL,'56',NULL,1),(2225,NULL,NULL,NULL,'22597','Xã Nam Ninh Hòa',NULL,'56',NULL,1),(2226,NULL,NULL,NULL,'22552','Xã Tây Ninh Hòa',NULL,'56',NULL,1),(2227,NULL,NULL,NULL,'22558','Xã Hòa Trí',NULL,'56',NULL,1),(2228,NULL,NULL,NULL,'22504','Xã Đại Lãnh',NULL,'56',NULL,1),(2229,NULL,NULL,NULL,'22498','Xã Tu Bông',NULL,'56',NULL,1),(2230,NULL,NULL,NULL,'22516','Xã Vạn Thắng',NULL,'56',NULL,1),(2231,NULL,NULL,NULL,'22489','Xã Vạn Ninh',NULL,'56',NULL,1),(2232,NULL,NULL,NULL,'22525','Xã Vạn Hưng',NULL,'56',NULL,1),(2233,NULL,NULL,NULL,'22651','Xã Diên Khánh',NULL,'56',NULL,1),(2234,NULL,NULL,NULL,'22678','Xã Diên Lạc',NULL,'56',NULL,1),(2235,NULL,NULL,NULL,'22657','Xã Diên Điền',NULL,'56',NULL,1),(2236,NULL,NULL,NULL,'22660','Xã Diên Lâm',NULL,'56',NULL,1),(2237,NULL,NULL,NULL,'22672','Xã Diên Thọ',NULL,'56',NULL,1),(2238,NULL,NULL,NULL,'22702','Xã Suối Hiệp',NULL,'56',NULL,1),(2239,NULL,NULL,NULL,'22453','Xã Cam Lâm',NULL,'56',NULL,1),(2240,NULL,NULL,NULL,'22708','Xã Suối Dầu',NULL,'56',NULL,1),(2241,NULL,NULL,NULL,'22435','Xã Cam Hiệp',NULL,'56',NULL,1),(2242,NULL,NULL,NULL,'22465','Xã Cam An',NULL,'56',NULL,1),(2243,NULL,NULL,NULL,'22615','Xã Bắc Khánh Vĩnh',NULL,'56',NULL,1),(2244,NULL,NULL,NULL,'22612','Xã Trung Khánh Vĩnh',NULL,'56',NULL,1),(2245,NULL,NULL,NULL,'22624','Xã Tây Khánh Vĩnh',NULL,'56',NULL,1),(2246,NULL,NULL,NULL,'22648','Xã Nam Khánh Vĩnh',NULL,'56',NULL,1),(2247,NULL,NULL,NULL,'22609','Xã Khánh Vĩnh',NULL,'56',NULL,1),(2248,NULL,NULL,NULL,'22714','Xã Khánh Sơn',NULL,'56',NULL,1),(2249,NULL,NULL,NULL,'22720','Xã Tây Khánh Sơn',NULL,'56',NULL,1),(2250,NULL,NULL,NULL,'22732','Xã Đông Khánh Sơn',NULL,'56',NULL,1),(2251,NULL,NULL,NULL,'22736','Đặc khu Trường Sa',NULL,'56',NULL,1),(2252,NULL,NULL,NULL,'22759','Phường Phan Rang',NULL,'56',NULL,1),(2253,NULL,NULL,NULL,'22779','Phường Đông Hải',NULL,'56',NULL,1),(2254,NULL,NULL,NULL,'22834','Phường Ninh Chử',NULL,'56',NULL,1),(2255,NULL,NULL,NULL,'22741','Phường Bảo An',NULL,'56',NULL,1),(2256,NULL,NULL,NULL,'22738','Phường Đô Vinh',NULL,'56',NULL,1),(2257,NULL,NULL,NULL,'22870','Xã Ninh Phước',NULL,'56',NULL,1),(2258,NULL,NULL,NULL,'22891','Xã Phước Hữu',NULL,'56',NULL,1),(2259,NULL,NULL,NULL,'22873','Xã Phước Hậu',NULL,'56',NULL,1),(2260,NULL,NULL,NULL,'22897','Xã Thuận Nam',NULL,'56',NULL,1),(2261,NULL,NULL,NULL,'22910','Xã Cà Ná',NULL,'56',NULL,1),(2262,NULL,NULL,NULL,'22885','Xã Phước Hà',NULL,'56',NULL,1),(2263,NULL,NULL,NULL,'22903','Xã Phước Dinh',NULL,'56',NULL,1),(2264,NULL,NULL,NULL,'22852','Xã Ninh Hải',NULL,'56',NULL,1),(2265,NULL,NULL,NULL,'22858','Xã Xuân Hải',NULL,'56',NULL,1),(2266,NULL,NULL,NULL,'22868','Xã Vĩnh Hải',NULL,'56',NULL,1),(2267,NULL,NULL,NULL,'22849','Xã Thuận Bắc',NULL,'56',NULL,1),(2268,NULL,NULL,NULL,'22840','Xã Công Hải',NULL,'56',NULL,1),(2269,NULL,NULL,NULL,'22810','Xã Ninh Sơn',NULL,'56',NULL,1),(2270,NULL,NULL,NULL,'22813','Xã Lâm Sơn',NULL,'56',NULL,1),(2271,NULL,NULL,NULL,'22828','Xã Anh Dũng',NULL,'56',NULL,1),(2272,NULL,NULL,NULL,'22822','Xã Mỹ Sơn',NULL,'56',NULL,1),(2273,NULL,NULL,NULL,'22801','Xã Bác Ái Đông',NULL,'56',NULL,1),(2274,NULL,NULL,NULL,'22795','Xã Bác Ái',NULL,'56',NULL,1),(2275,NULL,NULL,NULL,'22786','Xã Bác Ái Tây',NULL,'56',NULL,1),(2276,NULL,NULL,NULL,'24175','Xã Hòa Phú',NULL,'66',NULL,1),(2277,NULL,NULL,NULL,'24133','Phường Buôn Ma Thuột',NULL,'66',NULL,1),(2278,NULL,NULL,NULL,'24163','Phường Tân An',NULL,'66',NULL,1),(2279,NULL,NULL,NULL,'24121','Phường Tân Lập',NULL,'66',NULL,1),(2280,NULL,NULL,NULL,'24154','Phường Thành Nhất',NULL,'66',NULL,1),(2281,NULL,NULL,NULL,'24169','Phường Ea Kao',NULL,'66',NULL,1),(2282,NULL,NULL,NULL,'24328','Xã Ea Drông',NULL,'66',NULL,1),(2283,NULL,NULL,NULL,'24305','Phường Buôn Hồ',NULL,'66',NULL,1),(2284,NULL,NULL,NULL,'24340','Phường Cư Bao',NULL,'66',NULL,1),(2285,NULL,NULL,NULL,'24211','Xã Ea Súp',NULL,'66',NULL,1),(2286,NULL,NULL,NULL,'24217','Xã Ea Rốk',NULL,'66',NULL,1),(2287,NULL,NULL,NULL,'24229','Xã Ea Bung',NULL,'66',NULL,1),(2288,NULL,NULL,NULL,'24221','Xã Ia Rvê',NULL,'66',NULL,1),(2289,NULL,NULL,NULL,'24214','Xã Ia Lốp',NULL,'66',NULL,1),(2290,NULL,NULL,NULL,'24241','Xã Ea Wer',NULL,'66',NULL,1),(2291,NULL,NULL,NULL,'24250','Xã Ea Nuôl',NULL,'66',NULL,1),(2292,NULL,NULL,NULL,'24235','Xã Buôn Đôn',NULL,'66',NULL,1),(2293,NULL,NULL,NULL,'24265','Xã Ea Kiết',NULL,'66',NULL,1),(2294,NULL,NULL,NULL,'24286','Xã Ea M’Droh',NULL,'66',NULL,1),(2295,NULL,NULL,NULL,'24259','Xã Quảng Phú',NULL,'66',NULL,1),(2296,NULL,NULL,NULL,'24301','Xã Cuôr Đăng',NULL,'66',NULL,1),(2297,NULL,NULL,NULL,'24280','Xã Cư M’gar',NULL,'66',NULL,1),(2298,NULL,NULL,NULL,'24277','Xã Ea Tul',NULL,'66',NULL,1),(2299,NULL,NULL,NULL,'24316','Xã Pơng Drang',NULL,'66',NULL,1),(2300,NULL,NULL,NULL,'24310','Xã Krông Búk',NULL,'66',NULL,1),(2301,NULL,NULL,NULL,'24313','Xã Cư Pơng',NULL,'66',NULL,1),(2302,NULL,NULL,NULL,'24208','Xã Ea Khăl',NULL,'66',NULL,1),(2303,NULL,NULL,NULL,'24181','Xã Ea Drăng',NULL,'66',NULL,1),(2304,NULL,NULL,NULL,'24193','Xã Ea Wy',NULL,'66',NULL,1),(2305,NULL,NULL,NULL,'24184','Xã Ea H’leo',NULL,'66',NULL,1),(2306,NULL,NULL,NULL,'24187','Xã Ea Hiao',NULL,'66',NULL,1),(2307,NULL,NULL,NULL,'24343','Xã Krông Năng',NULL,'66',NULL,1),(2308,NULL,NULL,NULL,'24346','Xã Dliê Ya',NULL,'66',NULL,1),(2309,NULL,NULL,NULL,'24352','Xã Tam Giang',NULL,'66',NULL,1),(2310,NULL,NULL,NULL,'24364','Xã Phú Xuân',NULL,'66',NULL,1),(2311,NULL,NULL,NULL,'24490','Xã Krông Pắc',NULL,'66',NULL,1),(2312,NULL,NULL,NULL,'24505','Xã Ea Knuếc',NULL,'66',NULL,1),(2313,NULL,NULL,NULL,'24526','Xã Tân Tiến',NULL,'66',NULL,1),(2314,NULL,NULL,NULL,'24502','Xã Ea Phê',NULL,'66',NULL,1),(2315,NULL,NULL,NULL,'24496','Xã Ea Kly',NULL,'66',NULL,1),(2316,NULL,NULL,NULL,'24529','Xã Vụ Bổn',NULL,'66',NULL,1),(2317,NULL,NULL,NULL,'24373','Xã Ea Kar',NULL,'66',NULL,1),(2318,NULL,NULL,NULL,'24403','Xã Ea Ô',NULL,'66',NULL,1),(2319,NULL,NULL,NULL,'24376','Xã Ea Knốp',NULL,'66',NULL,1),(2320,NULL,NULL,NULL,'24406','Xã Cư Yang',NULL,'66',NULL,1),(2321,NULL,NULL,NULL,'24400','Xã Ea Păl',NULL,'66',NULL,1),(2322,NULL,NULL,NULL,'24412','Xã M’Drắk',NULL,'66',NULL,1),(2323,NULL,NULL,NULL,'24433','Xã Ea Riêng',NULL,'66',NULL,1),(2324,NULL,NULL,NULL,'24436','Xã Cư M’ta',NULL,'66',NULL,1),(2325,NULL,NULL,NULL,'24444','Xã Krông Á',NULL,'66',NULL,1),(2326,NULL,NULL,NULL,'24415','Xã Cư Prao',NULL,'66',NULL,1),(2327,NULL,NULL,NULL,'24445','Xã Ea Trang',NULL,'66',NULL,1),(2328,NULL,NULL,NULL,'24481','Xã Hòa Sơn',NULL,'66',NULL,1),(2329,NULL,NULL,NULL,'24454','Xã Dang Kang',NULL,'66',NULL,1),(2330,NULL,NULL,NULL,'24448','Xã Krông Bông',NULL,'66',NULL,1),(2331,NULL,NULL,NULL,'24484','Xã Yang Mao',NULL,'66',NULL,1),(2332,NULL,NULL,NULL,'24478','Xã Cư Pui',NULL,'66',NULL,1),(2333,NULL,NULL,NULL,'24580','Xã Liên Sơn Lắk',NULL,'66',NULL,1),(2334,NULL,NULL,NULL,'24595','Xã Đắk Liêng',NULL,'66',NULL,1),(2335,NULL,NULL,NULL,'24607','Xã Nam Ka',NULL,'66',NULL,1),(2336,NULL,NULL,NULL,'24598','Xã Đắk Phơi',NULL,'66',NULL,1),(2337,NULL,NULL,NULL,'24604','Xã Krông Nô',NULL,'66',NULL,1),(2338,NULL,NULL,NULL,'24540','Xã Ea Ning',NULL,'66',NULL,1),(2339,NULL,NULL,NULL,'24561','Xã Dray Bhăng',NULL,'66',NULL,1),(2340,NULL,NULL,NULL,'24544','Xã Ea Ktur',NULL,'66',NULL,1),(2341,NULL,NULL,NULL,'24538','Xã Krông Ana',NULL,'66',NULL,1),(2342,NULL,NULL,NULL,'24568','Xã Dur Kmăl',NULL,'66',NULL,1),(2343,NULL,NULL,NULL,'24559','Xã Ea Na',NULL,'66',NULL,1),(2344,NULL,NULL,NULL,'22015','Phường Tuy Hòa',NULL,'66',NULL,1),(2345,NULL,NULL,NULL,'22240','Phường Phú Yên',NULL,'66',NULL,1),(2346,NULL,NULL,NULL,'22045','Phường Bình Kiến',NULL,'66',NULL,1),(2347,NULL,NULL,NULL,'22075','Xã Xuân Thọ',NULL,'66',NULL,1),(2348,NULL,NULL,NULL,'22066','Xã Xuân Cảnh',NULL,'66',NULL,1),(2349,NULL,NULL,NULL,'22057','Xã Xuân Lộc',NULL,'66',NULL,1),(2350,NULL,NULL,NULL,'22076','Phường Xuân Đài',NULL,'66',NULL,1),(2351,NULL,NULL,NULL,'22051','Phường Sông Cầu',NULL,'66',NULL,1),(2352,NULL,NULL,NULL,'22291','Xã Hòa Xuân',NULL,'66',NULL,1),(2353,NULL,NULL,NULL,'22258','Phường Đông Hòa',NULL,'66',NULL,1),(2354,NULL,NULL,NULL,'22261','Phường Hòa Hiệp',NULL,'66',NULL,1),(2355,NULL,NULL,NULL,'22114','Xã Tuy An Bắc',NULL,'66',NULL,1),(2356,NULL,NULL,NULL,'22120','Xã Tuy An Đông',NULL,'66',NULL,1),(2357,NULL,NULL,NULL,'22147','Xã Ô Loan',NULL,'66',NULL,1),(2358,NULL,NULL,NULL,'22153','Xã Tuy An Nam',NULL,'66',NULL,1),(2359,NULL,NULL,NULL,'22132','Xã Tuy An Tây',NULL,'66',NULL,1),(2360,NULL,NULL,NULL,'22319','Xã Phú Hòa 1',NULL,'66',NULL,1),(2361,NULL,NULL,NULL,'22306','Xã Phú Hòa 2',NULL,'66',NULL,1),(2362,NULL,NULL,NULL,'22255','Xã Tây Hòa',NULL,'66',NULL,1),(2363,NULL,NULL,NULL,'22276','Xã Hòa Thịnh',NULL,'66',NULL,1),(2364,NULL,NULL,NULL,'22285','Xã Hòa Mỹ',NULL,'66',NULL,1),(2365,NULL,NULL,NULL,'22250','Xã Sơn Thành',NULL,'66',NULL,1),(2366,NULL,NULL,NULL,'22165','Xã Sơn Hòa',NULL,'66',NULL,1),(2367,NULL,NULL,NULL,'22177','Xã Vân Hòa',NULL,'66',NULL,1),(2368,NULL,NULL,NULL,'22171','Xã Tây Sơn',NULL,'66',NULL,1),(2369,NULL,NULL,NULL,'22192','Xã Suối Trai',NULL,'66',NULL,1),(2370,NULL,NULL,NULL,'22237','Xã Ea Ly',NULL,'66',NULL,1),(2371,NULL,NULL,NULL,'22225','Xã Ea Bá',NULL,'66',NULL,1),(2372,NULL,NULL,NULL,'22222','Xã Đức Bình',NULL,'66',NULL,1),(2373,NULL,NULL,NULL,'22207','Xã Sông Hinh',NULL,'66',NULL,1),(2374,NULL,NULL,NULL,'22090','Xã Xuân Lãnh',NULL,'66',NULL,1),(2375,NULL,NULL,NULL,'22096','Xã Phú Mỡ',NULL,'66',NULL,1),(2376,NULL,NULL,NULL,'22111','Xã Xuân Phước',NULL,'66',NULL,1),(2377,NULL,NULL,NULL,'22081','Xã Đồng Xuân',NULL,'66',NULL,1),(2378,NULL,NULL,NULL,'24781','Phường Xuân Hương - Đà Lạt',NULL,'68',NULL,1),(2379,NULL,NULL,NULL,'24787','Phường Cam Ly - Đà Lạt',NULL,'68',NULL,1),(2380,NULL,NULL,NULL,'24778','Phường Lâm Viên - Đà Lạt',NULL,'68',NULL,1),(2381,NULL,NULL,NULL,'24805','Phường Xuân Trường - Đà Lạt',NULL,'68',NULL,1),(2382,NULL,NULL,NULL,'24846','Phường Lang Biang - Đà Lạt',NULL,'68',NULL,1),(2383,NULL,NULL,NULL,'24823','Phường 1 Bảo Lộc',NULL,'68',NULL,1),(2384,NULL,NULL,NULL,'24820','Phường 2 Bảo Lộc',NULL,'68',NULL,1),(2385,NULL,NULL,NULL,'24841','Phường 3 Bảo Lộc',NULL,'68',NULL,1),(2386,NULL,NULL,NULL,'24829','Phường B\'Lao',NULL,'68',NULL,1),(2387,NULL,NULL,NULL,'24848','Xã Lạc Dương',NULL,'68',NULL,1),(2388,NULL,NULL,NULL,'24931','Xã Đơn Dương',NULL,'68',NULL,1),(2389,NULL,NULL,NULL,'24943','Xã Ka Đô',NULL,'68',NULL,1),(2390,NULL,NULL,NULL,'24955','Xã Quảng Lập',NULL,'68',NULL,1),(2391,NULL,NULL,NULL,'24934','Xã D\'Ran',NULL,'68',NULL,1),(2392,NULL,NULL,NULL,'24967','Xã Hiệp Thạnh',NULL,'68',NULL,1),(2393,NULL,NULL,NULL,'24958','Xã Đức Trọng',NULL,'68',NULL,1),(2394,NULL,NULL,NULL,'24976','Xã Tân Hội',NULL,'68',NULL,1),(2395,NULL,NULL,NULL,'24991','Xã Tà Hine',NULL,'68',NULL,1),(2396,NULL,NULL,NULL,'24988','Xã Tà Năng',NULL,'68',NULL,1),(2397,NULL,NULL,NULL,'24871','Xã Đinh Văn Lâm Hà',NULL,'68',NULL,1),(2398,NULL,NULL,NULL,'24895','Xã Phú Sơn Lâm Hà',NULL,'68',NULL,1),(2399,NULL,NULL,NULL,'24883','Xã Nam Hà Lâm Hà',NULL,'68',NULL,1),(2400,NULL,NULL,NULL,'24868','Xã Nam Ban Lâm Hà',NULL,'68',NULL,1),(2401,NULL,NULL,NULL,'24916','Xã Tân Hà Lâm Hà',NULL,'68',NULL,1),(2402,NULL,NULL,NULL,'24907','Xã Phúc Thọ Lâm Hà',NULL,'68',NULL,1),(2403,NULL,NULL,NULL,'24886','Xã Đam Rông 1',NULL,'68',NULL,1),(2404,NULL,NULL,NULL,'24877','Xã Đam Rông 2',NULL,'68',NULL,1),(2405,NULL,NULL,NULL,'24875','Xã Đam Rông 3',NULL,'68',NULL,1),(2406,NULL,NULL,NULL,'24853','Xã Đam Rông 4',NULL,'68',NULL,1),(2407,NULL,NULL,NULL,'25000','Xã Di Linh',NULL,'68',NULL,1),(2408,NULL,NULL,NULL,'25036','Xã Hòa Ninh',NULL,'68',NULL,1),(2409,NULL,NULL,NULL,'25042','Xã Hòa Bắc',NULL,'68',NULL,1),(2410,NULL,NULL,NULL,'25007','Xã Đinh Trang Thượng',NULL,'68',NULL,1),(2411,NULL,NULL,NULL,'25018','Xã Bảo Thuận',NULL,'68',NULL,1),(2412,NULL,NULL,NULL,'25051','Xã Sơn Điền',NULL,'68',NULL,1),(2413,NULL,NULL,NULL,'25015','Xã Gia Hiệp',NULL,'68',NULL,1),(2414,NULL,NULL,NULL,'25054','Xã Bảo Lâm 1',NULL,'68',NULL,1),(2415,NULL,NULL,NULL,'25084','Xã Bảo Lâm 2',NULL,'68',NULL,1),(2416,NULL,NULL,NULL,'25093','Xã Bảo Lâm 3',NULL,'68',NULL,1),(2417,NULL,NULL,NULL,'25063','Xã Bảo Lâm 4',NULL,'68',NULL,1),(2418,NULL,NULL,NULL,'25057','Xã Bảo Lâm 5',NULL,'68',NULL,1),(2419,NULL,NULL,NULL,'25099','Xã Đạ Huoai',NULL,'68',NULL,1),(2420,NULL,NULL,NULL,'25105','Xã Đạ Huoai 2',NULL,'68',NULL,1),(2421,NULL,NULL,NULL,'25114','Xã Đạ Huoai 3',NULL,'68',NULL,1),(2422,NULL,NULL,NULL,'25126','Xã Đạ Tẻh',NULL,'68',NULL,1),(2423,NULL,NULL,NULL,'25138','Xã Đạ Tẻh 2',NULL,'68',NULL,1),(2424,NULL,NULL,NULL,'25135','Xã Đạ Tẻh 3',NULL,'68',NULL,1),(2425,NULL,NULL,NULL,'25159','Xã Cát Tiên',NULL,'68',NULL,1),(2426,NULL,NULL,NULL,'25180','Xã Cát Tiên 2',NULL,'68',NULL,1),(2427,NULL,NULL,NULL,'25162','Xã Cát Tiên 3',NULL,'68',NULL,1),(2428,NULL,NULL,NULL,'22933','Phường Hàm Thắng',NULL,'68',NULL,1),(2429,NULL,NULL,NULL,'22960','Phường Bình Thuận',NULL,'68',NULL,1),(2430,NULL,NULL,NULL,'22918','Phường Mũi Né',NULL,'68',NULL,1),(2431,NULL,NULL,NULL,'22924','Phường Phú Thuỷ',NULL,'68',NULL,1),(2432,NULL,NULL,NULL,'22945','Phường Phan Thiết',NULL,'68',NULL,1),(2433,NULL,NULL,NULL,'22954','Phường Tiến Thành',NULL,'68',NULL,1),(2434,NULL,NULL,NULL,'23235','Phường La Gi',NULL,'68',NULL,1),(2435,NULL,NULL,NULL,'23231','Phường Phước Hội',NULL,'68',NULL,1),(2436,NULL,NULL,NULL,'22963','Xã Tuyên Quang',NULL,'68',NULL,1),(2437,NULL,NULL,NULL,'23246','Xã Tân Hải',NULL,'68',NULL,1),(2438,NULL,NULL,NULL,'22981','Xã Vĩnh Hảo',NULL,'68',NULL,1),(2439,NULL,NULL,NULL,'22969','Xã Liên Hương',NULL,'68',NULL,1),(2440,NULL,NULL,NULL,'22978','Xã Tuy Phong',NULL,'68',NULL,1),(2441,NULL,NULL,NULL,'22972','Xã Phan Rí Cửa',NULL,'68',NULL,1),(2442,NULL,NULL,NULL,'23005','Xã Bắc Bình',NULL,'68',NULL,1),(2443,NULL,NULL,NULL,'23041','Xã Hồng Thái',NULL,'68',NULL,1),(2444,NULL,NULL,NULL,'23020','Xã Hải Ninh',NULL,'68',NULL,1),(2445,NULL,NULL,NULL,'23008','Xã Phan Sơn',NULL,'68',NULL,1),(2446,NULL,NULL,NULL,'23023','Xã Sông Lũy',NULL,'68',NULL,1),(2447,NULL,NULL,NULL,'23032','Xã Lương Sơn',NULL,'68',NULL,1),(2448,NULL,NULL,NULL,'23053','Xã Hòa Thắng',NULL,'68',NULL,1),(2449,NULL,NULL,NULL,'23074','Xã Đông Giang',NULL,'68',NULL,1),(2450,NULL,NULL,NULL,'23065','Xã La Dạ',NULL,'68',NULL,1),(2451,NULL,NULL,NULL,'23089','Xã Hàm Thuận Bắc',NULL,'68',NULL,1),(2452,NULL,NULL,NULL,'23059','Xã Hàm Thuận',NULL,'68',NULL,1),(2453,NULL,NULL,NULL,'23086','Xã Hồng Sơn',NULL,'68',NULL,1),(2454,NULL,NULL,NULL,'23098','Xã Hàm Liêm',NULL,'68',NULL,1),(2455,NULL,NULL,NULL,'23122','Xã Hàm Thạnh',NULL,'68',NULL,1),(2456,NULL,NULL,NULL,'23128','Xã Hàm Kiệm',NULL,'68',NULL,1),(2457,NULL,NULL,NULL,'23143','Xã Tân Thành',NULL,'68',NULL,1),(2458,NULL,NULL,NULL,'23110','Xã Hàm Thuận Nam',NULL,'68',NULL,1),(2459,NULL,NULL,NULL,'23134','Xã Tân Lập',NULL,'68',NULL,1),(2460,NULL,NULL,NULL,'23230','Xã Tân Minh',NULL,'68',NULL,1),(2461,NULL,NULL,NULL,'23236','Xã Hàm Tân',NULL,'68',NULL,1),(2462,NULL,NULL,NULL,'23266','Xã Sơn Mỹ',NULL,'68',NULL,1),(2463,NULL,NULL,NULL,'23152','Xã Bắc Ruộng',NULL,'68',NULL,1),(2464,NULL,NULL,NULL,'23158','Xã Nghị Đức',NULL,'68',NULL,1),(2465,NULL,NULL,NULL,'23173','Xã Đồng Kho',NULL,'68',NULL,1),(2466,NULL,NULL,NULL,'23149','Xã Tánh Linh',NULL,'68',NULL,1),(2467,NULL,NULL,NULL,'23188','Xã Suối Kiết',NULL,'68',NULL,1),(2468,NULL,NULL,NULL,'23200','Xã Nam Thành',NULL,'68',NULL,1),(2469,NULL,NULL,NULL,'23191','Xã Đức Linh',NULL,'68',NULL,1),(2470,NULL,NULL,NULL,'23194','Xã Hoài Đức',NULL,'68',NULL,1),(2471,NULL,NULL,NULL,'23227','Xã Trà Tân',NULL,'68',NULL,1),(2472,NULL,NULL,NULL,'23272','Đặc khu Phú Quý',NULL,'68',NULL,1),(2473,NULL,NULL,NULL,'24611','Phường Bắc Gia Nghĩa',NULL,'68',NULL,1),(2474,NULL,NULL,NULL,'24615','Phường Nam Gia Nghĩa',NULL,'68',NULL,1),(2475,NULL,NULL,NULL,'24617','Phường Đông Gia Nghĩa',NULL,'68',NULL,1),(2476,NULL,NULL,NULL,'24646','Xã Đắk Wil',NULL,'68',NULL,1),(2477,NULL,NULL,NULL,'24649','Xã Nam Dong',NULL,'68',NULL,1),(2478,NULL,NULL,NULL,'24640','Xã Cư Jút',NULL,'68',NULL,1),(2479,NULL,NULL,NULL,'24682','Xã Thuận An',NULL,'68',NULL,1),(2480,NULL,NULL,NULL,'24664','Xã Đức Lập',NULL,'68',NULL,1),(2481,NULL,NULL,NULL,'24670','Xã Đắk Mil',NULL,'68',NULL,1),(2482,NULL,NULL,NULL,'24678','Xã Đắk Sắk',NULL,'68',NULL,1),(2483,NULL,NULL,NULL,'24697','Xã Nam Đà',NULL,'68',NULL,1),(2484,NULL,NULL,NULL,'24688','Xã Krông Nô',NULL,'68',NULL,1),(2485,NULL,NULL,NULL,'24703','Xã Nâm Nung',NULL,'68',NULL,1),(2486,NULL,NULL,NULL,'24712','Xã Quảng Phú',NULL,'68',NULL,1),(2487,NULL,NULL,NULL,'24718','Xã Đắk song',NULL,'68',NULL,1),(2488,NULL,NULL,NULL,'24717','Xã Đức An',NULL,'68',NULL,1),(2489,NULL,NULL,NULL,'24722','Xã Thuận Hạnh',NULL,'68',NULL,1),(2490,NULL,NULL,NULL,'24730','Xã Trường Xuân',NULL,'68',NULL,1),(2491,NULL,NULL,NULL,'24637','Xã Tà Đùng',NULL,'68',NULL,1),(2492,NULL,NULL,NULL,'24631','Xã Quảng Khê',NULL,'68',NULL,1),(2493,NULL,NULL,NULL,'24748','Xã Quảng Tân',NULL,'68',NULL,1),(2494,NULL,NULL,NULL,'24739','Xã Tuy Đức',NULL,'68',NULL,1),(2495,NULL,NULL,NULL,'24733','Xã Kiến Đức',NULL,'68',NULL,1),(2496,NULL,NULL,NULL,'24751','Xã Nhân Cơ',NULL,'68',NULL,1),(2497,NULL,NULL,NULL,'24760','Xã Quảng Tín',NULL,'68',NULL,1),(2498,NULL,NULL,NULL,'24985','Xã Ninh Gia',NULL,'68',NULL,1),(2499,NULL,NULL,NULL,'24620','Xã Quảng Hòa',NULL,'68',NULL,1),(2500,NULL,NULL,NULL,'24616','Xã Quảng Sơn',NULL,'68',NULL,1),(2501,NULL,NULL,NULL,'24736','Xã Quảng Trực',NULL,'68',NULL,1),(2502,NULL,NULL,NULL,'26068','Phường Biên Hòa',NULL,'75',NULL,1),(2503,NULL,NULL,NULL,'26041','Phường Trấn Biên',NULL,'75',NULL,1),(2504,NULL,NULL,NULL,'26017','Phường Tam Hiệp',NULL,'75',NULL,1),(2505,NULL,NULL,NULL,'26020','Phường Long Bình',NULL,'75',NULL,1),(2506,NULL,NULL,NULL,'25993','Phường Trảng Dài',NULL,'75',NULL,1),(2507,NULL,NULL,NULL,'26005','Phường Hố Nai',NULL,'75',NULL,1),(2508,NULL,NULL,NULL,'26380','Phường Long Hưng',NULL,'75',NULL,1),(2509,NULL,NULL,NULL,'26491','Xã Đại Phước',NULL,'75',NULL,1),(2510,NULL,NULL,NULL,'26485','Xã Nhơn Trạch',NULL,'75',NULL,1),(2511,NULL,NULL,NULL,'26503','Xã Phước An',NULL,'75',NULL,1),(2512,NULL,NULL,NULL,'26422','Xã Phước Thái',NULL,'75',NULL,1),(2513,NULL,NULL,NULL,'26413','Xã Long Phước',NULL,'75',NULL,1),(2514,NULL,NULL,NULL,'26389','Xã Bình An',NULL,'75',NULL,1),(2515,NULL,NULL,NULL,'26368','Xã Long Thành',NULL,'75',NULL,1),(2516,NULL,NULL,NULL,'26383','Xã An Phước',NULL,'75',NULL,1),(2517,NULL,NULL,NULL,'26296','Xã An Viễn',NULL,'75',NULL,1),(2518,NULL,NULL,NULL,'26278','Xã Bình Minh',NULL,'75',NULL,1),(2519,NULL,NULL,NULL,'26248','Xã Trảng Bom',NULL,'75',NULL,1),(2520,NULL,NULL,NULL,'26254','Xã Bàu Hàm',NULL,'75',NULL,1),(2521,NULL,NULL,NULL,'26281','Xã Hưng Thịnh',NULL,'75',NULL,1),(2522,NULL,NULL,NULL,'26326','Xã Dầu Giây',NULL,'75',NULL,1),(2523,NULL,NULL,NULL,'26311','Xã Gia Kiệm',NULL,'75',NULL,1),(2524,NULL,NULL,NULL,'26299','Xã Thống Nhất',NULL,'75',NULL,1),(2525,NULL,NULL,NULL,'26089','Phường Bình Lộc',NULL,'75',NULL,1),(2526,NULL,NULL,NULL,'26098','Phường Bảo Vinh',NULL,'75',NULL,1),(2527,NULL,NULL,NULL,'26104','Phường Xuân Lập',NULL,'75',NULL,1),(2528,NULL,NULL,NULL,'26080','Phường Long Khánh',NULL,'75',NULL,1),(2529,NULL,NULL,NULL,'26113','Phường Hàng Gòn',NULL,'75',NULL,1),(2530,NULL,NULL,NULL,'26329','Xã Xuân Quế',NULL,'75',NULL,1),(2531,NULL,NULL,NULL,'26347','Xã Xuân Đường',NULL,'75',NULL,1),(2532,NULL,NULL,NULL,'26341','Xã Cẩm Mỹ',NULL,'75',NULL,1),(2533,NULL,NULL,NULL,'26362','Xã Sông Ray',NULL,'75',NULL,1),(2534,NULL,NULL,NULL,'26359','Xã Xuân Đông',NULL,'75',NULL,1),(2535,NULL,NULL,NULL,'26461','Xã Xuân Định',NULL,'75',NULL,1),(2536,NULL,NULL,NULL,'26458','Xã Xuân Phú',NULL,'75',NULL,1),(2537,NULL,NULL,NULL,'26425','Xã Xuân Lộc',NULL,'75',NULL,1),(2538,NULL,NULL,NULL,'26446','Xã Xuân Hòa',NULL,'75',NULL,1),(2539,NULL,NULL,NULL,'26434','Xã Xuân Thành',NULL,'75',NULL,1),(2540,NULL,NULL,NULL,'26428','Xã Xuân Bắc',NULL,'75',NULL,1),(2541,NULL,NULL,NULL,'26227','Xã La Ngà',NULL,'75',NULL,1),(2542,NULL,NULL,NULL,'26206','Xã Định Quán',NULL,'75',NULL,1),(2543,NULL,NULL,NULL,'26215','Xã Phú Vinh',NULL,'75',NULL,1),(2544,NULL,NULL,NULL,'26221','Xã Phú Hòa',NULL,'75',NULL,1),(2545,NULL,NULL,NULL,'26134','Xã Tà Lài',NULL,'75',NULL,1),(2546,NULL,NULL,NULL,'26122','Xã Nam Cát Tiên',NULL,'75',NULL,1),(2547,NULL,NULL,NULL,'26116','Xã Tân Phú',NULL,'75',NULL,1),(2548,NULL,NULL,NULL,'26158','Xã Phú Lâm',NULL,'75',NULL,1),(2549,NULL,NULL,NULL,'26170','Xã Trị An',NULL,'75',NULL,1),(2550,NULL,NULL,NULL,'26179','Xã Tân An',NULL,'75',NULL,1),(2551,NULL,NULL,NULL,'26188','Phường Tân Triều',NULL,'75',NULL,1),(2552,NULL,NULL,NULL,'25441','Phường Minh Hưng',NULL,'75',NULL,1),(2553,NULL,NULL,NULL,'25432','Phường Chơn Thành',NULL,'75',NULL,1),(2554,NULL,NULL,NULL,'25453','Xã Nha Bích',NULL,'75',NULL,1),(2555,NULL,NULL,NULL,'25351','Xã Tân Quan',NULL,'75',NULL,1),(2556,NULL,NULL,NULL,'25345','Xã Tân Hưng',NULL,'75',NULL,1),(2557,NULL,NULL,NULL,'25357','Xã Tân Khai',NULL,'75',NULL,1),(2558,NULL,NULL,NULL,'25349','Xã Minh Đức',NULL,'75',NULL,1),(2559,NULL,NULL,NULL,'25326','Phường Bình Long',NULL,'75',NULL,1),(2560,NULL,NULL,NULL,'25336','Phường An Lộc',NULL,'75',NULL,1),(2561,NULL,NULL,NULL,'25294','Xã Lộc Thành',NULL,'75',NULL,1),(2562,NULL,NULL,NULL,'25270','Xã Lộc Ninh',NULL,'75',NULL,1),(2563,NULL,NULL,NULL,'25303','Xã Lộc Hưng',NULL,'75',NULL,1),(2564,NULL,NULL,NULL,'25279','Xã Lộc Tấn',NULL,'75',NULL,1),(2565,NULL,NULL,NULL,'25280','Xã Lộc Thạnh',NULL,'75',NULL,1),(2566,NULL,NULL,NULL,'25292','Xã Lộc Quang',NULL,'75',NULL,1),(2567,NULL,NULL,NULL,'25318','Xã Tân Tiến',NULL,'75',NULL,1),(2568,NULL,NULL,NULL,'25308','Xã Thiện Hưng',NULL,'75',NULL,1),(2569,NULL,NULL,NULL,'25309','Xã Hưng Phước',NULL,'75',NULL,1),(2570,NULL,NULL,NULL,'25267','Xã Phú Nghĩa',NULL,'75',NULL,1),(2571,NULL,NULL,NULL,'25231','Xã Đa Kia',NULL,'75',NULL,1),(2572,NULL,NULL,NULL,'25220','Phường Phước Bình',NULL,'75',NULL,1),(2573,NULL,NULL,NULL,'25217','Phường Phước Long',NULL,'75',NULL,1),(2574,NULL,NULL,NULL,'25246','Xã Bình Tân',NULL,'75',NULL,1),(2575,NULL,NULL,NULL,'25255','Xã Long Hà',NULL,'75',NULL,1),(2576,NULL,NULL,NULL,'25264','Xã Phú Riềng',NULL,'75',NULL,1),(2577,NULL,NULL,NULL,'25261','Xã Phú Trung',NULL,'75',NULL,1),(2578,NULL,NULL,NULL,'25210','Phường Đồng Xoài',NULL,'75',NULL,1),(2579,NULL,NULL,NULL,'25195','Phường Bình Phước',NULL,'75',NULL,1),(2580,NULL,NULL,NULL,'25387','Xã Thuận Lợi',NULL,'75',NULL,1),(2581,NULL,NULL,NULL,'25390','Xã Đồng Tâm',NULL,'75',NULL,1),(2582,NULL,NULL,NULL,'25378','Xã Tân Lợi',NULL,'75',NULL,1),(2583,NULL,NULL,NULL,'25363','Xã Đồng Phú',NULL,'75',NULL,1),(2584,NULL,NULL,NULL,'25420','Xã Phước Sơn',NULL,'75',NULL,1),(2585,NULL,NULL,NULL,'25417','Xã Nghĩa Trung',NULL,'75',NULL,1),(2586,NULL,NULL,NULL,'25396','Xã Bù Đăng',NULL,'75',NULL,1),(2587,NULL,NULL,NULL,'25402','Xã Thọ Sơn',NULL,'75',NULL,1),(2588,NULL,NULL,NULL,'25399','Xã Đak Nhau',NULL,'75',NULL,1),(2589,NULL,NULL,NULL,'25405','Xã Bom Bo',NULL,'75',NULL,1),(2590,NULL,NULL,NULL,'26374','Phường Tam Phước',NULL,'75',NULL,1),(2591,NULL,NULL,NULL,'26377','Phường Phước Tân',NULL,'75',NULL,1),(2592,NULL,NULL,NULL,'26209','Xã Thanh Sơn',NULL,'75',NULL,1),(2593,NULL,NULL,NULL,'26119','Xã Đak Lua',NULL,'75',NULL,1),(2594,NULL,NULL,NULL,'26173','Xã Phú Lý',NULL,'75',NULL,1),(2595,NULL,NULL,NULL,'25222','Xã Bù Gia Mập',NULL,'75',NULL,1),(2596,NULL,NULL,NULL,'25225','Xã Đăk Ơ',NULL,'75',NULL,1),(2597,NULL,NULL,NULL,'26506','Phường Vũng Tàu',NULL,'79',NULL,1),(2598,NULL,NULL,NULL,'26526','Phường Tam Thắng',NULL,'79',NULL,1),(2599,NULL,NULL,NULL,'26536','Phường Rạch Dừa',NULL,'79',NULL,1),(2600,NULL,NULL,NULL,'26542','Phường Phước Thắng',NULL,'79',NULL,1),(2601,NULL,NULL,NULL,'26560','Phường Bà Rịa',NULL,'79',NULL,1),(2602,NULL,NULL,NULL,'26566','Phường Long Hương',NULL,'79',NULL,1),(2603,NULL,NULL,NULL,'26704','Phường Phú Mỹ',NULL,'79',NULL,1),(2604,NULL,NULL,NULL,'26572','Phường Tam Long',NULL,'79',NULL,1),(2605,NULL,NULL,NULL,'26725','Phường Tân Thành',NULL,'79',NULL,1),(2606,NULL,NULL,NULL,'26713','Phường Tân Phước',NULL,'79',NULL,1),(2607,NULL,NULL,NULL,'26710','Phường Tân Hải',NULL,'79',NULL,1),(2608,NULL,NULL,NULL,'26728','Xã Châu Pha',NULL,'79',NULL,1),(2609,NULL,NULL,NULL,'26575','Xã Ngãi Giao',NULL,'79',NULL,1),(2610,NULL,NULL,NULL,'26590','Xã Bình Giã',NULL,'79',NULL,1),(2611,NULL,NULL,NULL,'26608','Xã Kim Long',NULL,'79',NULL,1),(2612,NULL,NULL,NULL,'26596','Xã Châu Đức',NULL,'79',NULL,1),(2613,NULL,NULL,NULL,'26584','Xã Xuân Sơn',NULL,'79',NULL,1),(2614,NULL,NULL,NULL,'26617','Xã Nghĩa Thành',NULL,'79',NULL,1),(2615,NULL,NULL,NULL,'26620','Xã Hồ Tràm',NULL,'79',NULL,1),(2616,NULL,NULL,NULL,'26632','Xã Xuyên Mộc',NULL,'79',NULL,1),(2617,NULL,NULL,NULL,'26641','Xã Hòa Hội',NULL,'79',NULL,1),(2618,NULL,NULL,NULL,'26638','Xã Bàu Lâm',NULL,'79',NULL,1),(2619,NULL,NULL,NULL,'26686','Xã Phước Hải',NULL,'79',NULL,1),(2620,NULL,NULL,NULL,'26662','Xã Long Hải',NULL,'79',NULL,1),(2621,NULL,NULL,NULL,'26680','Xã Đất Đỏ',NULL,'79',NULL,1),(2622,NULL,NULL,NULL,'26659','Xã Long Điền',NULL,'79',NULL,1),(2623,NULL,NULL,NULL,'26732','Đặc khu Côn Đảo',NULL,'79',NULL,1),(2624,NULL,NULL,NULL,'25951','Phường Đông Hòa',NULL,'79',NULL,1),(2625,NULL,NULL,NULL,'25942','Phường Dĩ An',NULL,'79',NULL,1),(2626,NULL,NULL,NULL,'25945','Phường Tân Đông Hiệp',NULL,'79',NULL,1),(2627,NULL,NULL,NULL,'25978','Phường Thuận An',NULL,'79',NULL,1),(2628,NULL,NULL,NULL,'25969','Phường Thuận Giao',NULL,'79',NULL,1),(2629,NULL,NULL,NULL,'25987','Phường Bình Hòa',NULL,'79',NULL,1),(2630,NULL,NULL,NULL,'25966','Phường Lái Thiêu',NULL,'79',NULL,1),(2631,NULL,NULL,NULL,'25975','Phường An Phú',NULL,'79',NULL,1),(2632,NULL,NULL,NULL,'25760','Phường Bình Dương',NULL,'79',NULL,1),(2633,NULL,NULL,NULL,'25771','Phường Chánh Hiệp',NULL,'79',NULL,1),(2634,NULL,NULL,NULL,'25747','Phường Thủ Dầu Một',NULL,'79',NULL,1),(2635,NULL,NULL,NULL,'25750','Phường Phú Lợi',NULL,'79',NULL,1),(2636,NULL,NULL,NULL,'25912','Phường Vĩnh Tân',NULL,'79',NULL,1),(2637,NULL,NULL,NULL,'25915','Phường Bình Cơ',NULL,'79',NULL,1),(2638,NULL,NULL,NULL,'25888','Phường Tân Uyên',NULL,'79',NULL,1),(2639,NULL,NULL,NULL,'25920','Phường Tân Hiệp',NULL,'79',NULL,1),(2640,NULL,NULL,NULL,'25891','Phường Tân Khánh',NULL,'79',NULL,1),(2641,NULL,NULL,NULL,'25849','Phường Hòa Lợi',NULL,'79',NULL,1),(2642,NULL,NULL,NULL,'25768','Phường Phú An',NULL,'79',NULL,1),(2643,NULL,NULL,NULL,'25843','Phường Tây Nam',NULL,'79',NULL,1),(2644,NULL,NULL,NULL,'25840','Phường Long Nguyên',NULL,'79',NULL,1),(2645,NULL,NULL,NULL,'25813','Phường Bến Cát',NULL,'79',NULL,1),(2646,NULL,NULL,NULL,'25837','Phường Chánh Phú Hòa',NULL,'79',NULL,1),(2647,NULL,NULL,NULL,'25906','Xã Bắc Tân Uyên',NULL,'79',NULL,1),(2648,NULL,NULL,NULL,'25909','Xã Thường Tân',NULL,'79',NULL,1),(2649,NULL,NULL,NULL,'25867','Xã An Long',NULL,'79',NULL,1),(2650,NULL,NULL,NULL,'25864','Xã Phước Thành',NULL,'79',NULL,1),(2651,NULL,NULL,NULL,'25882','Xã Phước Hòa',NULL,'79',NULL,1),(2652,NULL,NULL,NULL,'25858','Xã Phú Giáo',NULL,'79',NULL,1),(2653,NULL,NULL,NULL,'25819','Xã Trừ Văn Thố',NULL,'79',NULL,1),(2654,NULL,NULL,NULL,'25822','Xã Bàu Bàng',NULL,'79',NULL,1),(2655,NULL,NULL,NULL,'25780','Xã Minh Thạnh',NULL,'79',NULL,1),(2656,NULL,NULL,NULL,'25792','Xã Long Hòa',NULL,'79',NULL,1),(2657,NULL,NULL,NULL,'25777','Xã Dầu Tiếng',NULL,'79',NULL,1),(2658,NULL,NULL,NULL,'25807','Xã Thanh An',NULL,'79',NULL,1),(2659,NULL,NULL,NULL,'26740','Phường Sài Gòn',NULL,'79',NULL,1),(2660,NULL,NULL,NULL,'26737','Phường Tân Định',NULL,'79',NULL,1),(2661,NULL,NULL,NULL,'26743','Phường Bến Thành',NULL,'79',NULL,1),(2662,NULL,NULL,NULL,'26758','Phường Cầu Ông Lãnh',NULL,'79',NULL,1),(2663,NULL,NULL,NULL,'27160','Phường Bàn Cờ',NULL,'79',NULL,1),(2664,NULL,NULL,NULL,'27139','Phường Xuân Hòa',NULL,'79',NULL,1),(2665,NULL,NULL,NULL,'27142','Phường Nhiêu Lộc',NULL,'79',NULL,1),(2666,NULL,NULL,NULL,'27259','Phường Xóm Chiếu',NULL,'79',NULL,1),(2667,NULL,NULL,NULL,'27265','Phường Khánh Hội',NULL,'79',NULL,1),(2668,NULL,NULL,NULL,'27286','Phường Vĩnh Hội',NULL,'79',NULL,1),(2669,NULL,NULL,NULL,'27301','Phường Chợ Quán',NULL,'79',NULL,1),(2670,NULL,NULL,NULL,'27316','Phường An Đông',NULL,'79',NULL,1),(2671,NULL,NULL,NULL,'27343','Phường Chợ Lớn',NULL,'79',NULL,1),(2672,NULL,NULL,NULL,'27367','Phường Bình Tây',NULL,'79',NULL,1),(2673,NULL,NULL,NULL,'27373','Phường Bình Tiên',NULL,'79',NULL,1),(2674,NULL,NULL,NULL,'27385','Phường Bình Phú',NULL,'79',NULL,1),(2675,NULL,NULL,NULL,'27349','Phường Phú Lâm',NULL,'79',NULL,1),(2676,NULL,NULL,NULL,'27478','Phường Tân Thuận',NULL,'79',NULL,1),(2677,NULL,NULL,NULL,'27484','Phường Phú Thuận',NULL,'79',NULL,1),(2678,NULL,NULL,NULL,'27487','Phường Tân Mỹ',NULL,'79',NULL,1),(2679,NULL,NULL,NULL,'27475','Phường Tân Hưng',NULL,'79',NULL,1),(2680,NULL,NULL,NULL,'27418','Phường Chánh Hưng',NULL,'79',NULL,1),(2681,NULL,NULL,NULL,'27427','Phường Phú Định',NULL,'79',NULL,1),(2682,NULL,NULL,NULL,'27424','Phường Bình Đông',NULL,'79',NULL,1),(2683,NULL,NULL,NULL,'27169','Phường Diên Hồng',NULL,'79',NULL,1),(2684,NULL,NULL,NULL,'27190','Phường Vườn Lài',NULL,'79',NULL,1),(2685,NULL,NULL,NULL,'27163','Phường Hòa Hưng',NULL,'79',NULL,1),(2686,NULL,NULL,NULL,'27238','Phường Minh Phụng',NULL,'79',NULL,1),(2687,NULL,NULL,NULL,'27232','Phường Bình Thới',NULL,'79',NULL,1),(2688,NULL,NULL,NULL,'27211','Phường Hòa Bình',NULL,'79',NULL,1),(2689,NULL,NULL,NULL,'27226','Phường Phú Thọ',NULL,'79',NULL,1),(2690,NULL,NULL,NULL,'26791','Phường Đông Hưng Thuận',NULL,'79',NULL,1),(2691,NULL,NULL,NULL,'26785','Phường Trung Mỹ Tây',NULL,'79',NULL,1),(2692,NULL,NULL,NULL,'26782','Phường Tân Thới Hiệp',NULL,'79',NULL,1),(2693,NULL,NULL,NULL,'26773','Phường Thới An',NULL,'79',NULL,1),(2694,NULL,NULL,NULL,'26767','Phường An Phú Đông',NULL,'79',NULL,1),(2695,NULL,NULL,NULL,'27460','Phường An Lạc',NULL,'79',NULL,1),(2696,NULL,NULL,NULL,'27457','Phường Tân Tạo',NULL,'79',NULL,1),(2697,NULL,NULL,NULL,'27442','Phường Bình Tân',NULL,'79',NULL,1),(2698,NULL,NULL,NULL,'27448','Phường Bình Trị Đông',NULL,'79',NULL,1),(2699,NULL,NULL,NULL,'27439','Phường Bình Hưng Hòa',NULL,'79',NULL,1),(2700,NULL,NULL,NULL,'26944','Phường Gia Định',NULL,'79',NULL,1),(2701,NULL,NULL,NULL,'26929','Phường Bình Thạnh',NULL,'79',NULL,1),(2702,NULL,NULL,NULL,'26905','Phường Bình Lợi Trung',NULL,'79',NULL,1),(2703,NULL,NULL,NULL,'26956','Phường Thạnh Mỹ Tây',NULL,'79',NULL,1),(2704,NULL,NULL,NULL,'26911','Phường Bình Quới',NULL,'79',NULL,1),(2705,NULL,NULL,NULL,'26902','Phường Hạnh Thông',NULL,'79',NULL,1),(2706,NULL,NULL,NULL,'26887','Phường An Nhơn',NULL,'79',NULL,1),(2707,NULL,NULL,NULL,'26884','Phường Gò Vấp',NULL,'79',NULL,1),(2708,NULL,NULL,NULL,'26878','Phường An Hội Đông',NULL,'79',NULL,1),(2709,NULL,NULL,NULL,'26899','Phường Thông Tây Hội',NULL,'79',NULL,1),(2710,NULL,NULL,NULL,'26882','Phường An Hội Tây',NULL,'79',NULL,1),(2711,NULL,NULL,NULL,'27043','Phường Đức Nhuận',NULL,'79',NULL,1),(2712,NULL,NULL,NULL,'27058','Phường Cầu Kiệu',NULL,'79',NULL,1),(2713,NULL,NULL,NULL,'27073','Phường Phú Nhuận',NULL,'79',NULL,1),(2714,NULL,NULL,NULL,'26977','Phường Tân Sơn Hòa',NULL,'79',NULL,1),(2715,NULL,NULL,NULL,'26968','Phường Tân Sơn Nhất',NULL,'79',NULL,1),(2716,NULL,NULL,NULL,'26995','Phường Tân Hòa',NULL,'79',NULL,1),(2717,NULL,NULL,NULL,'26983','Phường Bảy Hiền',NULL,'79',NULL,1),(2718,NULL,NULL,NULL,'27004','Phường Tân Bình',NULL,'79',NULL,1),(2719,NULL,NULL,NULL,'27007','Phường Tân Sơn',NULL,'79',NULL,1),(2720,NULL,NULL,NULL,'27013','Phường Tây Thạnh',NULL,'79',NULL,1),(2721,NULL,NULL,NULL,'27010','Phường Tân Sơn Nhì',NULL,'79',NULL,1),(2722,NULL,NULL,NULL,'27022','Phường Phú Thọ Hòa',NULL,'79',NULL,1),(2723,NULL,NULL,NULL,'27031','Phường Tân Phú',NULL,'79',NULL,1),(2724,NULL,NULL,NULL,'27028','Phường Phú Thạnh',NULL,'79',NULL,1),(2725,NULL,NULL,NULL,'26812','Phường Hiệp Bình',NULL,'79',NULL,1),(2726,NULL,NULL,NULL,'26824','Phường Thủ Đức',NULL,'79',NULL,1),(2727,NULL,NULL,NULL,'26797','Phường Tam Bình',NULL,'79',NULL,1),(2728,NULL,NULL,NULL,'26794','Phường Linh Xuân',NULL,'79',NULL,1),(2729,NULL,NULL,NULL,'26842','Phường Tăng Nhơn Phú',NULL,'79',NULL,1),(2730,NULL,NULL,NULL,'26833','Phường Long Bình',NULL,'79',NULL,1),(2731,NULL,NULL,NULL,'26857','Phường Long Phước',NULL,'79',NULL,1),(2732,NULL,NULL,NULL,'26860','Phường Long Trường',NULL,'79',NULL,1),(2733,NULL,NULL,NULL,'27112','Phường Cát Lái',NULL,'79',NULL,1),(2734,NULL,NULL,NULL,'27097','Phường Bình Trưng',NULL,'79',NULL,1),(2735,NULL,NULL,NULL,'26848','Phường Phước Long',NULL,'79',NULL,1),(2736,NULL,NULL,NULL,'27118','Phường An Khánh',NULL,'79',NULL,1),(2737,NULL,NULL,NULL,'27601','Xã Vĩnh Lộc',NULL,'79',NULL,1),(2738,NULL,NULL,NULL,'27604','Xã Tân Vĩnh Lộc',NULL,'79',NULL,1),(2739,NULL,NULL,NULL,'27610','Xã Bình Lợi',NULL,'79',NULL,1),(2740,NULL,NULL,NULL,'27595','Xã Tân Nhựt',NULL,'79',NULL,1),(2741,NULL,NULL,NULL,'27637','Xã Bình Chánh',NULL,'79',NULL,1),(2742,NULL,NULL,NULL,'27628','Xã Hưng Long',NULL,'79',NULL,1),(2743,NULL,NULL,NULL,'27619','Xã Bình Hưng',NULL,'79',NULL,1),(2744,NULL,NULL,NULL,'27667','Xã Bình Khánh',NULL,'79',NULL,1),(2745,NULL,NULL,NULL,'27673','Xã An Thới Đông',NULL,'79',NULL,1),(2746,NULL,NULL,NULL,'27664','Xã Cần Giờ',NULL,'79',NULL,1),(2747,NULL,NULL,NULL,'27553','Xã Củ Chi',NULL,'79',NULL,1),(2748,NULL,NULL,NULL,'27496','Xã Tân An Hội',NULL,'79',NULL,1),(2749,NULL,NULL,NULL,'27526','Xã Thái Mỹ',NULL,'79',NULL,1),(2750,NULL,NULL,NULL,'27508','Xã An Nhơn Tây',NULL,'79',NULL,1),(2751,NULL,NULL,NULL,'27511','Xã Nhuận Đức',NULL,'79',NULL,1),(2752,NULL,NULL,NULL,'27541','Xã Phú Hòa Đông',NULL,'79',NULL,1),(2753,NULL,NULL,NULL,'27544','Xã Bình Mỹ',NULL,'79',NULL,1),(2754,NULL,NULL,NULL,'27568','Xã Đông Thạnh',NULL,'79',NULL,1),(2755,NULL,NULL,NULL,'27559','Xã Hóc Môn',NULL,'79',NULL,1),(2756,NULL,NULL,NULL,'27577','Xã Xuân Thới Sơn',NULL,'79',NULL,1),(2757,NULL,NULL,NULL,'27592','Xã Bà Điểm',NULL,'79',NULL,1),(2758,NULL,NULL,NULL,'27655','Xã Nhà Bè',NULL,'79',NULL,1),(2759,NULL,NULL,NULL,'27658','Xã Hiệp Phước',NULL,'79',NULL,1),(2760,NULL,NULL,NULL,'26545','Xã Long Sơn',NULL,'79',NULL,1),(2761,NULL,NULL,NULL,'26647','Xã Hòa Hiệp',NULL,'79',NULL,1),(2762,NULL,NULL,NULL,'26656','Xã Bình Châu',NULL,'79',NULL,1),(2763,NULL,NULL,NULL,'25846','Phường Thới Hòa',NULL,'79',NULL,1),(2764,NULL,NULL,NULL,'27676','Xã Thạnh An',NULL,'79',NULL,1),(2765,NULL,NULL,NULL,'27727','Xã Hưng Điền',NULL,'80',NULL,1),(2766,NULL,NULL,NULL,'27736','Xã Vĩnh Thạnh',NULL,'80',NULL,1),(2767,NULL,NULL,NULL,'27721','Xã Tân Hưng',NULL,'80',NULL,1),(2768,NULL,NULL,NULL,'27748','Xã Vĩnh Châu',NULL,'80',NULL,1),(2769,NULL,NULL,NULL,'27775','Xã Tuyên Bình',NULL,'80',NULL,1),(2770,NULL,NULL,NULL,'27757','Xã Vĩnh Hưng',NULL,'80',NULL,1),(2771,NULL,NULL,NULL,'27763','Xã Khánh Hưng',NULL,'80',NULL,1),(2772,NULL,NULL,NULL,'27817','Xã Tuyên Thạnh',NULL,'80',NULL,1),(2773,NULL,NULL,NULL,'27793','Xã Bình Hiệp',NULL,'80',NULL,1),(2774,NULL,NULL,NULL,'27787','Phường Kiến Tường',NULL,'80',NULL,1),(2775,NULL,NULL,NULL,'27811','Xã Bình Hoà',NULL,'80',NULL,1),(2776,NULL,NULL,NULL,'27823','Xã Mộc Hoá',NULL,'80',NULL,1),(2777,NULL,NULL,NULL,'27841','Xã Hậu Thạnh',NULL,'80',NULL,1),(2778,NULL,NULL,NULL,'27838','Xã Nhơn Hòa Lập',NULL,'80',NULL,1),(2779,NULL,NULL,NULL,'27856','Xã Nhơn Ninh',NULL,'80',NULL,1),(2780,NULL,NULL,NULL,'27826','Xã Tân Thạnh',NULL,'80',NULL,1),(2781,NULL,NULL,NULL,'27868','Xã Bình Thành',NULL,'80',NULL,1),(2782,NULL,NULL,NULL,'27877','Xã Thạnh Phước',NULL,'80',NULL,1),(2783,NULL,NULL,NULL,'27865','Xã Thạnh Hóa',NULL,'80',NULL,1),(2784,NULL,NULL,NULL,'27889','Xã Tân Tây',NULL,'80',NULL,1),(2785,NULL,NULL,NULL,'28036','Xã Thủ Thừa',NULL,'80',NULL,1),(2786,NULL,NULL,NULL,'28066','Xã Mỹ An',NULL,'80',NULL,1),(2787,NULL,NULL,NULL,'28051','Xã Mỹ Thạnh',NULL,'80',NULL,1),(2788,NULL,NULL,NULL,'28072','Xã Tân Long',NULL,'80',NULL,1),(2789,NULL,NULL,NULL,'27907','Xã Mỹ Quý',NULL,'80',NULL,1),(2790,NULL,NULL,NULL,'27898','Xã Đông Thành',NULL,'80',NULL,1),(2791,NULL,NULL,NULL,'27925','Xã Đức Huệ',NULL,'80',NULL,1),(2792,NULL,NULL,NULL,'27943','Xã An Ninh',NULL,'80',NULL,1),(2793,NULL,NULL,NULL,'27952','Xã Hiệp Hoà',NULL,'80',NULL,1),(2794,NULL,NULL,NULL,'27931','Xã Hậu Nghĩa',NULL,'80',NULL,1),(2795,NULL,NULL,NULL,'27979','Xã Hoà Khánh',NULL,'80',NULL,1),(2796,NULL,NULL,NULL,'27964','Xã Đức Lập',NULL,'80',NULL,1),(2797,NULL,NULL,NULL,'27976','Xã Mỹ Hạnh',NULL,'80',NULL,1),(2798,NULL,NULL,NULL,'27937','Xã Đức Hòa',NULL,'80',NULL,1),(2799,NULL,NULL,NULL,'27994','Xã Thạnh Lợi',NULL,'80',NULL,1),(2800,NULL,NULL,NULL,'28015','Xã Bình Đức',NULL,'80',NULL,1),(2801,NULL,NULL,NULL,'28003','Xã Lương Hoà',NULL,'80',NULL,1),(2802,NULL,NULL,NULL,'27991','Xã Bến Lức',NULL,'80',NULL,1),(2803,NULL,NULL,NULL,'28018','Xã Mỹ Yên',NULL,'80',NULL,1),(2804,NULL,NULL,NULL,'28126','Xã Long Cang',NULL,'80',NULL,1),(2805,NULL,NULL,NULL,'28114','Xã Rạch Kiến',NULL,'80',NULL,1),(2806,NULL,NULL,NULL,'28132','Xã Mỹ Lệ',NULL,'80',NULL,1),(2807,NULL,NULL,NULL,'28138','Xã Tân Lân',NULL,'80',NULL,1),(2808,NULL,NULL,NULL,'28108','Xã Cần Đước',NULL,'80',NULL,1),(2809,NULL,NULL,NULL,'28144','Xã Long Hựu',NULL,'80',NULL,1),(2810,NULL,NULL,NULL,'28165','Xã Phước Lý',NULL,'80',NULL,1),(2811,NULL,NULL,NULL,'28177','Xã Mỹ Lộc',NULL,'80',NULL,1),(2812,NULL,NULL,NULL,'28159','Xã Cần Giuộc',NULL,'80',NULL,1),(2813,NULL,NULL,NULL,'28201','Xã Phước Vĩnh Tây',NULL,'80',NULL,1),(2814,NULL,NULL,NULL,'28207','Xã Tân Tập',NULL,'80',NULL,1),(2815,NULL,NULL,NULL,'28093','Xã Vàm Cỏ',NULL,'80',NULL,1),(2816,NULL,NULL,NULL,'28075','Xã Tân Trụ',NULL,'80',NULL,1),(2817,NULL,NULL,NULL,'28087','Xã Nhựt Tảo',NULL,'80',NULL,1),(2818,NULL,NULL,NULL,'28225','Xã Thuận Mỹ',NULL,'80',NULL,1),(2819,NULL,NULL,NULL,'28243','Xã An Lục Long',NULL,'80',NULL,1),(2820,NULL,NULL,NULL,'28210','Xã Tầm Vu',NULL,'80',NULL,1),(2821,NULL,NULL,NULL,'28222','Xã Vĩnh Công',NULL,'80',NULL,1),(2822,NULL,NULL,NULL,'27694','Phường Long An',NULL,'80',NULL,1),(2823,NULL,NULL,NULL,'27712','Phường Tân An',NULL,'80',NULL,1),(2824,NULL,NULL,NULL,'27715','Phường Khánh Hậu',NULL,'80',NULL,1),(2825,NULL,NULL,NULL,'25459','Phường Tân Ninh',NULL,'80',NULL,1),(2826,NULL,NULL,NULL,'25480','Phường Bình Minh',NULL,'80',NULL,1),(2827,NULL,NULL,NULL,'25567','Phường Ninh Thạnh',NULL,'80',NULL,1),(2828,NULL,NULL,NULL,'25630','Phường Long Hoa',NULL,'80',NULL,1),(2829,NULL,NULL,NULL,'25645','Phường Hoà Thành',NULL,'80',NULL,1),(2830,NULL,NULL,NULL,'25633','Phường Thanh Điền',NULL,'80',NULL,1),(2831,NULL,NULL,NULL,'25708','Phường Trảng Bàng',NULL,'80',NULL,1),(2832,NULL,NULL,NULL,'25732','Phường An Tịnh',NULL,'80',NULL,1),(2833,NULL,NULL,NULL,'25654','Phường Gò Dầu',NULL,'80',NULL,1),(2834,NULL,NULL,NULL,'25672','Phường Gia Lộc',NULL,'80',NULL,1),(2835,NULL,NULL,NULL,'25711','Xã Hưng Thuận',NULL,'80',NULL,1),(2836,NULL,NULL,NULL,'25729','Xã Phước Chỉ',NULL,'80',NULL,1),(2837,NULL,NULL,NULL,'25657','Xã Thạnh Đức',NULL,'80',NULL,1),(2838,NULL,NULL,NULL,'25663','Xã Phước Thạnh',NULL,'80',NULL,1),(2839,NULL,NULL,NULL,'25666','Xã Truông Mít',NULL,'80',NULL,1),(2840,NULL,NULL,NULL,'25579','Xã Lộc Ninh',NULL,'80',NULL,1),(2841,NULL,NULL,NULL,'25573','Xã Cầu Khởi',NULL,'80',NULL,1),(2842,NULL,NULL,NULL,'25552','Xã Dương Minh Châu',NULL,'80',NULL,1),(2843,NULL,NULL,NULL,'25522','Xã Tân Đông',NULL,'80',NULL,1),(2844,NULL,NULL,NULL,'25516','Xã Tân Châu',NULL,'80',NULL,1),(2845,NULL,NULL,NULL,'25549','Xã Tân Phú',NULL,'80',NULL,1),(2846,NULL,NULL,NULL,'25525','Xã Tân Hội',NULL,'80',NULL,1),(2847,NULL,NULL,NULL,'25534','Xã Tân Thành',NULL,'80',NULL,1),(2848,NULL,NULL,NULL,'25531','Xã Tân Hòa',NULL,'80',NULL,1),(2849,NULL,NULL,NULL,'25489','Xã Tân Lập',NULL,'80',NULL,1),(2850,NULL,NULL,NULL,'25486','Xã Tân Biên',NULL,'80',NULL,1),(2851,NULL,NULL,NULL,'25498','Xã Thạnh Bình',NULL,'80',NULL,1),(2852,NULL,NULL,NULL,'25510','Xã Trà Vong',NULL,'80',NULL,1),(2853,NULL,NULL,NULL,'25591','Xã Phước Vinh',NULL,'80',NULL,1),(2854,NULL,NULL,NULL,'25606','Xã Hoà Hội',NULL,'80',NULL,1),(2855,NULL,NULL,NULL,'25621','Xã Ninh Điền',NULL,'80',NULL,1),(2856,NULL,NULL,NULL,'25585','Xã Châu Thành',NULL,'80',NULL,1),(2857,NULL,NULL,NULL,'25588','Xã Hảo Đước',NULL,'80',NULL,1),(2858,NULL,NULL,NULL,'25684','Xã Long Chữ',NULL,'80',NULL,1),(2859,NULL,NULL,NULL,'25702','Xã Long Thuận',NULL,'80',NULL,1),(2860,NULL,NULL,NULL,'25681','Xã Bến Cầu',NULL,'80',NULL,1),(2861,NULL,NULL,NULL,'28261','Phường Mỹ Tho',NULL,'82',NULL,1),(2862,NULL,NULL,NULL,'28249','Phường Đạo Thạnh',NULL,'82',NULL,1),(2863,NULL,NULL,NULL,'28273','Phường Mỹ Phong',NULL,'82',NULL,1),(2864,NULL,NULL,NULL,'28270','Phường Thới Sơn',NULL,'82',NULL,1),(2865,NULL,NULL,NULL,'28285','Phường Trung An',NULL,'82',NULL,1),(2866,NULL,NULL,NULL,'28306','Phường Gò Công',NULL,'82',NULL,1),(2867,NULL,NULL,NULL,'28297','Phường Long Thuận',NULL,'82',NULL,1),(2868,NULL,NULL,NULL,'28729','Phường Sơn Qui',NULL,'82',NULL,1),(2869,NULL,NULL,NULL,'28315','Phường Bình Xuân',NULL,'82',NULL,1),(2870,NULL,NULL,NULL,'28435','Phường Mỹ Phước Tây',NULL,'82',NULL,1),(2871,NULL,NULL,NULL,'28436','Phường Thanh Hòa',NULL,'82',NULL,1),(2872,NULL,NULL,NULL,'28439','Phường Cai Lậy',NULL,'82',NULL,1),(2873,NULL,NULL,NULL,'28477','Phường Nhị Quý',NULL,'82',NULL,1),(2874,NULL,NULL,NULL,'28468','Xã Tân Phú',NULL,'82',NULL,1),(2875,NULL,NULL,NULL,'28426','Xã Thanh Hưng',NULL,'82',NULL,1),(2876,NULL,NULL,NULL,'28429','Xã An Hữu',NULL,'82',NULL,1),(2877,NULL,NULL,NULL,'28414','Xã Mỹ Lợi',NULL,'82',NULL,1),(2878,NULL,NULL,NULL,'28405','Xã Mỹ Đức Tây',NULL,'82',NULL,1),(2879,NULL,NULL,NULL,'28378','Xã Mỹ Thiện',NULL,'82',NULL,1),(2880,NULL,NULL,NULL,'28366','Xã Hậu Mỹ',NULL,'82',NULL,1),(2881,NULL,NULL,NULL,'28393','Xã Hội Cư',NULL,'82',NULL,1),(2882,NULL,NULL,NULL,'28360','Xã Cái Bè',NULL,'82',NULL,1),(2883,NULL,NULL,NULL,'28471','Xã Bình Phú',NULL,'82',NULL,1),(2884,NULL,NULL,NULL,'28501','Xã Hiệp Đức',NULL,'82',NULL,1),(2885,NULL,NULL,NULL,'28516','Xã Ngũ Hiệp',NULL,'82',NULL,1),(2886,NULL,NULL,NULL,'28504','Xã Long Tiên',NULL,'82',NULL,1),(2887,NULL,NULL,NULL,'28456','Xã Mỹ Thành',NULL,'82',NULL,1),(2888,NULL,NULL,NULL,'28444','Xã Thạnh Phú',NULL,'82',NULL,1),(2889,NULL,NULL,NULL,'28321','Xã Tân Phước 1',NULL,'82',NULL,1),(2890,NULL,NULL,NULL,'28327','Xã Tân Phước 2',NULL,'82',NULL,1),(2891,NULL,NULL,NULL,'28345','Xã Tân Phước 3',NULL,'82',NULL,1),(2892,NULL,NULL,NULL,'28336','Xã Hưng Thạnh',NULL,'82',NULL,1),(2893,NULL,NULL,NULL,'28525','Xã Tân Hương',NULL,'82',NULL,1),(2894,NULL,NULL,NULL,'28519','Xã Châu Thành',NULL,'82',NULL,1),(2895,NULL,NULL,NULL,'28537','Xã Long Hưng',NULL,'82',NULL,1),(2896,NULL,NULL,NULL,'28543','Xã Long Định',NULL,'82',NULL,1),(2897,NULL,NULL,NULL,'28576','Xã Vĩnh Kim',NULL,'82',NULL,1),(2898,NULL,NULL,NULL,'28582','Xã Kim Sơn',NULL,'82',NULL,1),(2899,NULL,NULL,NULL,'28564','Xã Bình Trưng',NULL,'82',NULL,1),(2900,NULL,NULL,NULL,'28603','Xã Mỹ Tịnh An',NULL,'82',NULL,1),(2901,NULL,NULL,NULL,'28615','Xã Lương Hòa Lạc',NULL,'82',NULL,1),(2902,NULL,NULL,NULL,'28627','Xã Tân Thuận Bình',NULL,'82',NULL,1),(2903,NULL,NULL,NULL,'28594','Xã Chợ Gạo',NULL,'82',NULL,1),(2904,NULL,NULL,NULL,'28633','Xã An Thạnh Thủy',NULL,'82',NULL,1),(2905,NULL,NULL,NULL,'28648','Xã Bình Ninh',NULL,'82',NULL,1),(2906,NULL,NULL,NULL,'28651','Xã Vĩnh Bình',NULL,'82',NULL,1),(2907,NULL,NULL,NULL,'28660','Xã Đồng Sơn',NULL,'82',NULL,1),(2908,NULL,NULL,NULL,'28663','Xã Phú Thành',NULL,'82',NULL,1),(2909,NULL,NULL,NULL,'28687','Xã Long Bình',NULL,'82',NULL,1),(2910,NULL,NULL,NULL,'28678','Xã Vĩnh Hựu',NULL,'82',NULL,1),(2911,NULL,NULL,NULL,'28747','Xã Gò Công Đông',NULL,'82',NULL,1),(2912,NULL,NULL,NULL,'28738','Xã Tân Điền',NULL,'82',NULL,1),(2913,NULL,NULL,NULL,'28702','Xã Tân Hòa',NULL,'82',NULL,1),(2914,NULL,NULL,NULL,'28723','Xã Tân Đông',NULL,'82',NULL,1),(2915,NULL,NULL,NULL,'28720','Xã Gia Thuận',NULL,'82',NULL,1),(2916,NULL,NULL,NULL,'28693','Xã Tân Thới',NULL,'82',NULL,1),(2917,NULL,NULL,NULL,'28696','Xã Tân Phú Đông',NULL,'82',NULL,1),(2918,NULL,NULL,NULL,'29926','Xã Tân Hồng',NULL,'82',NULL,1),(2919,NULL,NULL,NULL,'29938','Xã Tân Thành',NULL,'82',NULL,1),(2920,NULL,NULL,NULL,'29929','Xã Tân Hộ Cơ',NULL,'82',NULL,1),(2921,NULL,NULL,NULL,'29944','Xã An Phước',NULL,'82',NULL,1),(2922,NULL,NULL,NULL,'29954','Phường An Bình',NULL,'82',NULL,1),(2923,NULL,NULL,NULL,'29955','Phường Hồng Ngự',NULL,'82',NULL,1),(2924,NULL,NULL,NULL,'29978','Phường Thường Lạc',NULL,'82',NULL,1),(2925,NULL,NULL,NULL,'29971','Xã Thường Phước',NULL,'82',NULL,1),(2926,NULL,NULL,NULL,'29983','Xã Long Khánh',NULL,'82',NULL,1),(2927,NULL,NULL,NULL,'29992','Xã Long Phú Thuận',NULL,'82',NULL,1),(2928,NULL,NULL,NULL,'30019','Xã An Hòa',NULL,'82',NULL,1),(2929,NULL,NULL,NULL,'30010','Xã Tam Nông',NULL,'82',NULL,1),(2930,NULL,NULL,NULL,'30034','Xã Phú Thọ',NULL,'82',NULL,1),(2931,NULL,NULL,NULL,'30001','Xã Tràm Chim',NULL,'82',NULL,1),(2932,NULL,NULL,NULL,'30025','Xã Phú Cường',NULL,'82',NULL,1),(2933,NULL,NULL,NULL,'30028','Xã An Long',NULL,'82',NULL,1),(2934,NULL,NULL,NULL,'30130','Xã Thanh Bình',NULL,'82',NULL,1),(2935,NULL,NULL,NULL,'30157','Xã Tân Thạnh',NULL,'82',NULL,1),(2936,NULL,NULL,NULL,'30163','Xã Bình Thành',NULL,'82',NULL,1),(2937,NULL,NULL,NULL,'30154','Xã Tân Long',NULL,'82',NULL,1),(2938,NULL,NULL,NULL,'30037','Xã Tháp Mười',NULL,'82',NULL,1),(2939,NULL,NULL,NULL,'30073','Xã Thanh Mỹ',NULL,'82',NULL,1),(2940,NULL,NULL,NULL,'30055','Xã Mỹ Quí',NULL,'82',NULL,1),(2941,NULL,NULL,NULL,'30061','Xã Đốc Binh Kiều',NULL,'82',NULL,1),(2942,NULL,NULL,NULL,'30046','Xã Trường Xuân',NULL,'82',NULL,1),(2943,NULL,NULL,NULL,'30043','Xã Phương Thịnh',NULL,'82',NULL,1),(2944,NULL,NULL,NULL,'30088','Xã Phong Mỹ',NULL,'82',NULL,1),(2945,NULL,NULL,NULL,'30085','Xã Ba Sao',NULL,'82',NULL,1),(2946,NULL,NULL,NULL,'30076','Xã Mỹ Thọ',NULL,'82',NULL,1),(2947,NULL,NULL,NULL,'30118','Xã Bình Hàng Trung',NULL,'82',NULL,1),(2948,NULL,NULL,NULL,'30112','Xã Mỹ Hiệp',NULL,'82',NULL,1),(2949,NULL,NULL,NULL,'29869','Phường Cao Lãnh',NULL,'82',NULL,1),(2950,NULL,NULL,NULL,'29884','Phường Mỹ Ngãi',NULL,'82',NULL,1),(2951,NULL,NULL,NULL,'29888','Phường Mỹ Trà',NULL,'82',NULL,1),(2952,NULL,NULL,NULL,'30178','Xã Mỹ An Hưng',NULL,'82',NULL,1),(2953,NULL,NULL,NULL,'30184','Xã Tân Khánh Trung',NULL,'82',NULL,1),(2954,NULL,NULL,NULL,'30169','Xã Lấp Vò',NULL,'82',NULL,1),(2955,NULL,NULL,NULL,'30226','Xã Lai Vung',NULL,'82',NULL,1),(2956,NULL,NULL,NULL,'30208','Xã Hòa Long',NULL,'82',NULL,1),(2957,NULL,NULL,NULL,'30235','Xã Phong Hòa',NULL,'82',NULL,1),(2958,NULL,NULL,NULL,'29905','Phường Sa Đéc',NULL,'82',NULL,1),(2959,NULL,NULL,NULL,'30214','Xã Tân Dương',NULL,'82',NULL,1),(2960,NULL,NULL,NULL,'30244','Xã Phú Hựu',NULL,'82',NULL,1),(2961,NULL,NULL,NULL,'30253','Xã Tân Nhuận Đông',NULL,'82',NULL,1),(2962,NULL,NULL,NULL,'30259','Xã Tân Phú Trung',NULL,'82',NULL,1),(2963,NULL,NULL,NULL,'29641','Xã Cái Nhum',NULL,'86',NULL,1),(2964,NULL,NULL,NULL,'29653','Xã Tân Long Hội',NULL,'86',NULL,1),(2965,NULL,NULL,NULL,'29623','Xã Nhơn Phú',NULL,'86',NULL,1),(2966,NULL,NULL,NULL,'29638','Xã Bình Phước',NULL,'86',NULL,1),(2967,NULL,NULL,NULL,'29584','Xã An Bình',NULL,'86',NULL,1),(2968,NULL,NULL,NULL,'29602','Xã Long Hồ',NULL,'86',NULL,1),(2969,NULL,NULL,NULL,'29611','Xã Phú Quới',NULL,'86',NULL,1),(2970,NULL,NULL,NULL,'29590','Phường Thanh Đức',NULL,'86',NULL,1),(2971,NULL,NULL,NULL,'29551','Phường Long Châu',NULL,'86',NULL,1),(2972,NULL,NULL,NULL,'29557','Phường Phước Hậu',NULL,'86',NULL,1),(2973,NULL,NULL,NULL,'29593','Phường Tân Hạnh',NULL,'86',NULL,1),(2974,NULL,NULL,NULL,'29566','Phường Tân Ngãi',NULL,'86',NULL,1),(2975,NULL,NULL,NULL,'29677','Xã Quới Thiện',NULL,'86',NULL,1),(2976,NULL,NULL,NULL,'29659','Xã Trung Thành',NULL,'86',NULL,1),(2977,NULL,NULL,NULL,'29698','Xã Trung Ngãi',NULL,'86',NULL,1),(2978,NULL,NULL,NULL,'29668','Xã Quới An',NULL,'86',NULL,1),(2979,NULL,NULL,NULL,'29683','Xã Trung Hiệp',NULL,'86',NULL,1),(2980,NULL,NULL,NULL,'29701','Xã Hiếu Phụng',NULL,'86',NULL,1),(2981,NULL,NULL,NULL,'29713','Xã Hiếu Thành',NULL,'86',NULL,1),(2982,NULL,NULL,NULL,'29857','Xã Lục Sỹ Thành',NULL,'86',NULL,1),(2983,NULL,NULL,NULL,'29821','Xã Trà Ôn',NULL,'86',NULL,1),(2984,NULL,NULL,NULL,'29836','Xã Trà Côn',NULL,'86',NULL,1),(2985,NULL,NULL,NULL,'29845','Xã Vĩnh Xuân',NULL,'86',NULL,1),(2986,NULL,NULL,NULL,'29830','Xã Hòa Bình',NULL,'86',NULL,1),(2987,NULL,NULL,NULL,'29734','Xã Hòa Hiệp',NULL,'86',NULL,1),(2988,NULL,NULL,NULL,'29719','Xã Tam Bình',NULL,'86',NULL,1),(2989,NULL,NULL,NULL,'29767','Xã Ngãi Tứ',NULL,'86',NULL,1),(2990,NULL,NULL,NULL,'29752','Xã Song Phú',NULL,'86',NULL,1),(2991,NULL,NULL,NULL,'29728','Xã Cái Ngang',NULL,'86',NULL,1),(2992,NULL,NULL,NULL,'29800','Xã Tân Quới',NULL,'86',NULL,1),(2993,NULL,NULL,NULL,'29785','Xã Tân Lược',NULL,'86',NULL,1),(2994,NULL,NULL,NULL,'29788','Xã Mỹ Thuận',NULL,'86',NULL,1),(2995,NULL,NULL,NULL,'29771','Phường Bình Minh',NULL,'86',NULL,1),(2996,NULL,NULL,NULL,'29770','Phường Cái Vồn',NULL,'86',NULL,1),(2997,NULL,NULL,NULL,'29812','Phường Đông Thành',NULL,'86',NULL,1),(2998,NULL,NULL,NULL,'29263','Phường Long Đức',NULL,'86',NULL,1),(2999,NULL,NULL,NULL,'29242','Phường Trà Vinh',NULL,'86',NULL,1),(3000,NULL,NULL,NULL,'29254','Phường Nguyệt Hóa',NULL,'86',NULL,1),(3001,NULL,NULL,NULL,'29398','Phường Hòa Thuận',NULL,'86',NULL,1),(3002,NULL,NULL,NULL,'29275','Xã An Trường',NULL,'86',NULL,1),(3003,NULL,NULL,NULL,'29278','Xã Tân An',NULL,'86',NULL,1),(3004,NULL,NULL,NULL,'29266','Xã Càng Long',NULL,'86',NULL,1),(3005,NULL,NULL,NULL,'29302','Xã Nhị Long',NULL,'86',NULL,1),(3006,NULL,NULL,NULL,'29287','Xã Bình Phú',NULL,'86',NULL,1),(3007,NULL,NULL,NULL,'29386','Xã Song Lộc',NULL,'86',NULL,1),(3008,NULL,NULL,NULL,'29374','Xã Châu Thành',NULL,'86',NULL,1),(3009,NULL,NULL,NULL,'29407','Xã Hưng Mỹ',NULL,'86',NULL,1),(3010,NULL,NULL,NULL,'29410','Xã Hòa Minh',NULL,'86',NULL,1),(3011,NULL,NULL,NULL,'29413','Xã Long Hòa',NULL,'86',NULL,1),(3012,NULL,NULL,NULL,'29308','Xã Cầu Kè',NULL,'86',NULL,1),(3013,NULL,NULL,NULL,'29329','Xã Phong Thạnh',NULL,'86',NULL,1),(3014,NULL,NULL,NULL,'29317','Xã An Phú Tân',NULL,'86',NULL,1),(3015,NULL,NULL,NULL,'29335','Xã Tam Ngãi',NULL,'86',NULL,1),(3016,NULL,NULL,NULL,'29371','Xã Tân Hòa',NULL,'86',NULL,1),(3017,NULL,NULL,NULL,'29362','Xã Hùng Hòa',NULL,'86',NULL,1),(3018,NULL,NULL,NULL,'29341','Xã Tiểu Cần',NULL,'86',NULL,1),(3019,NULL,NULL,NULL,'29365','Xã Tập Ngãi',NULL,'86',NULL,1),(3020,NULL,NULL,NULL,'29419','Xã Mỹ Long',NULL,'86',NULL,1),(3021,NULL,NULL,NULL,'29431','Xã Vinh Kim',NULL,'86',NULL,1),(3022,NULL,NULL,NULL,'29416','Xã Cầu Ngang',NULL,'86',NULL,1),(3023,NULL,NULL,NULL,'29446','Xã Nhị Trường',NULL,'86',NULL,1),(3024,NULL,NULL,NULL,'29455','Xã Hiệp Mỹ',NULL,'86',NULL,1),(3025,NULL,NULL,NULL,'29476','Xã Lưu Nghiệp Anh',NULL,'86',NULL,1),(3026,NULL,NULL,NULL,'29491','Xã Đại An',NULL,'86',NULL,1),(3027,NULL,NULL,NULL,'29489','Xã Hàm Giang',NULL,'86',NULL,1),(3028,NULL,NULL,NULL,'29461','Xã Trà Cú',NULL,'86',NULL,1),(3029,NULL,NULL,NULL,'29506','Xã Long Hiệp',NULL,'86',NULL,1),(3030,NULL,NULL,NULL,'29467','Xã Tập Sơn',NULL,'86',NULL,1),(3031,NULL,NULL,NULL,'29512','Phường Duyên Hải',NULL,'86',NULL,1),(3032,NULL,NULL,NULL,'29516','Phường Trường Long Hòa',NULL,'86',NULL,1),(3033,NULL,NULL,NULL,'29518','Xã Long Hữu',NULL,'86',NULL,1),(3034,NULL,NULL,NULL,'29513','Xã Long Thành',NULL,'86',NULL,1),(3035,NULL,NULL,NULL,'29536','Xã Đông Hải',NULL,'86',NULL,1),(3036,NULL,NULL,NULL,'29533','Xã Long Vĩnh',NULL,'86',NULL,1),(3037,NULL,NULL,NULL,'29497','Xã Đôn Châu',NULL,'86',NULL,1),(3038,NULL,NULL,NULL,'29530','Xã Ngũ Lạc',NULL,'86',NULL,1),(3039,NULL,NULL,NULL,'28777','Phường An Hội',NULL,'86',NULL,1),(3040,NULL,NULL,NULL,'28756','Phường Phú Khương',NULL,'86',NULL,1),(3041,NULL,NULL,NULL,'28789','Phường Bến Tre',NULL,'86',NULL,1),(3042,NULL,NULL,NULL,'28783','Phường Sơn Đông',NULL,'86',NULL,1),(3043,NULL,NULL,NULL,'28858','Phường Phú Tân',NULL,'86',NULL,1),(3044,NULL,NULL,NULL,'28810','Xã Phú Túc',NULL,'86',NULL,1),(3045,NULL,NULL,NULL,'28807','Xã Giao Long',NULL,'86',NULL,1),(3046,NULL,NULL,NULL,'28861','Xã Tiên Thủy',NULL,'86',NULL,1),(3047,NULL,NULL,NULL,'28840','Xã Tân Phú',NULL,'86',NULL,1),(3048,NULL,NULL,NULL,'28879','Xã Phú Phụng',NULL,'86',NULL,1),(3049,NULL,NULL,NULL,'28870','Xã Chợ Lách',NULL,'86',NULL,1),(3050,NULL,NULL,NULL,'28894','Xã Vĩnh Thành',NULL,'86',NULL,1),(3051,NULL,NULL,NULL,'28901','Xã Hưng Khánh Trung',NULL,'86',NULL,1),(3052,NULL,NULL,NULL,'28915','Xã Phước Mỹ Trung',NULL,'86',NULL,1),(3053,NULL,NULL,NULL,'28921','Xã Tân Thành Bình',NULL,'86',NULL,1),(3054,NULL,NULL,NULL,'28948','Xã Nhuận Phú Tân',NULL,'86',NULL,1),(3055,NULL,NULL,NULL,'28945','Xã Đồng Khởi',NULL,'86',NULL,1),(3056,NULL,NULL,NULL,'28903','Xã Mỏ Cày',NULL,'86',NULL,1),(3057,NULL,NULL,NULL,'28969','Xã Thành Thới',NULL,'86',NULL,1),(3058,NULL,NULL,NULL,'28957','Xã An Định',NULL,'86',NULL,1),(3059,NULL,NULL,NULL,'28981','Xã Hương Mỹ',NULL,'86',NULL,1),(3060,NULL,NULL,NULL,'29194','Xã Đại Điền',NULL,'86',NULL,1),(3061,NULL,NULL,NULL,'29191','Xã Quới Điền',NULL,'86',NULL,1),(3062,NULL,NULL,NULL,'29182','Xã Thạnh Phú',NULL,'86',NULL,1),(3063,NULL,NULL,NULL,'29224','Xã An Qui',NULL,'86',NULL,1),(3064,NULL,NULL,NULL,'29221','Xã Thạnh Hải',NULL,'86',NULL,1),(3065,NULL,NULL,NULL,'29227','Xã Thạnh Phong',NULL,'86',NULL,1),(3066,NULL,NULL,NULL,'29167','Xã Tân Thủy',NULL,'86',NULL,1),(3067,NULL,NULL,NULL,'29125','Xã Bảo Thạnh',NULL,'86',NULL,1),(3068,NULL,NULL,NULL,'29110','Xã Ba Tri',NULL,'86',NULL,1),(3069,NULL,NULL,NULL,'29137','Xã Tân Xuân',NULL,'86',NULL,1),(3070,NULL,NULL,NULL,'29122','Xã Mỹ Chánh Hòa',NULL,'86',NULL,1),(3071,NULL,NULL,NULL,'29143','Xã An Ngãi Trung',NULL,'86',NULL,1),(3072,NULL,NULL,NULL,'29158','Xã An Hiệp',NULL,'86',NULL,1),(3073,NULL,NULL,NULL,'29044','Xã Hưng Nhượng',NULL,'86',NULL,1),(3074,NULL,NULL,NULL,'28984','Xã Giồng Trôm',NULL,'86',NULL,1),(3075,NULL,NULL,NULL,'29029','Xã Tân Hào',NULL,'86',NULL,1),(3076,NULL,NULL,NULL,'29020','Xã Phước Long',NULL,'86',NULL,1),(3077,NULL,NULL,NULL,'28993','Xã Lương Phú',NULL,'86',NULL,1),(3078,NULL,NULL,NULL,'28996','Xã Châu Hòa',NULL,'86',NULL,1),(3079,NULL,NULL,NULL,'28987','Xã Lương Hòa',NULL,'86',NULL,1),(3080,NULL,NULL,NULL,'29107','Xã Thới Thuận',NULL,'86',NULL,1),(3081,NULL,NULL,NULL,'29104','Xã Thạnh Phước',NULL,'86',NULL,1),(3082,NULL,NULL,NULL,'29050','Xã Bình Đại',NULL,'86',NULL,1),(3083,NULL,NULL,NULL,'29089','Xã Thạnh Trị',NULL,'86',NULL,1),(3084,NULL,NULL,NULL,'29077','Xã Lộc Thuận',NULL,'86',NULL,1),(3085,NULL,NULL,NULL,'29083','Xã Châu Hưng',NULL,'86',NULL,1),(3086,NULL,NULL,NULL,'29062','Xã Phú Thuận',NULL,'86',NULL,1),(3087,NULL,NULL,NULL,'30313','Xã Mỹ Hòa Hưng',NULL,'91',NULL,1),(3088,NULL,NULL,NULL,'30307','Phường Long Xuyên',NULL,'91',NULL,1),(3089,NULL,NULL,NULL,'30292','Phường Bình Đức',NULL,'91',NULL,1),(3090,NULL,NULL,NULL,'30301','Phường Mỹ Thới',NULL,'91',NULL,1),(3091,NULL,NULL,NULL,'30316','Phường Châu Đốc',NULL,'91',NULL,1),(3092,NULL,NULL,NULL,'30325','Phường Vĩnh Tế',NULL,'91',NULL,1),(3093,NULL,NULL,NULL,'30337','Xã An Phú',NULL,'91',NULL,1),(3094,NULL,NULL,NULL,'30367','Xã Vĩnh Hậu',NULL,'91',NULL,1),(3095,NULL,NULL,NULL,'30346','Xã Nhơn Hội',NULL,'91',NULL,1),(3096,NULL,NULL,NULL,'30341','Xã Khánh Bình',NULL,'91',NULL,1),(3097,NULL,NULL,NULL,'30352','Xã Phú Hữu',NULL,'91',NULL,1),(3098,NULL,NULL,NULL,'30388','Xã Tân An',NULL,'91',NULL,1),(3099,NULL,NULL,NULL,'30403','Xã Châu Phong',NULL,'91',NULL,1),(3100,NULL,NULL,NULL,'30385','Xã Vĩnh Xương',NULL,'91',NULL,1),(3101,NULL,NULL,NULL,'30376','Phường Tân Châu',NULL,'91',NULL,1),(3102,NULL,NULL,NULL,'30377','Phường Long Phú',NULL,'91',NULL,1),(3103,NULL,NULL,NULL,'30406','Xã Phú Tân',NULL,'91',NULL,1),(3104,NULL,NULL,NULL,'30436','Xã Phú An',NULL,'91',NULL,1),(3105,NULL,NULL,NULL,'30445','Xã Bình Thạnh Đông',NULL,'91',NULL,1),(3106,NULL,NULL,NULL,'30409','Xã Chợ Vàm',NULL,'91',NULL,1),(3107,NULL,NULL,NULL,'30430','Xã Hòa Lạc',NULL,'91',NULL,1),(3108,NULL,NULL,NULL,'30421','Xã Phú Lâm',NULL,'91',NULL,1),(3109,NULL,NULL,NULL,'30463','Xã Châu Phú',NULL,'91',NULL,1),(3110,NULL,NULL,NULL,'30469','Xã Mỹ Đức',NULL,'91',NULL,1),(3111,NULL,NULL,NULL,'30478','Xã Vĩnh Thạnh Trung',NULL,'91',NULL,1),(3112,NULL,NULL,NULL,'30487','Xã Bình Mỹ',NULL,'91',NULL,1),(3113,NULL,NULL,NULL,'30481','Xã Thạnh Mỹ Tây',NULL,'91',NULL,1),(3114,NULL,NULL,NULL,'30526','Xã An Cư',NULL,'91',NULL,1),(3115,NULL,NULL,NULL,'30538','Xã Núi Cấm',NULL,'91',NULL,1),(3116,NULL,NULL,NULL,'30520','Phường Tịnh Biên',NULL,'91',NULL,1),(3117,NULL,NULL,NULL,'30502','Phường Thới Sơn',NULL,'91',NULL,1),(3118,NULL,NULL,NULL,'30505','Phường Chi Lăng',NULL,'91',NULL,1),(3119,NULL,NULL,NULL,'30547','Xã Ba Chúc',NULL,'91',NULL,1),(3120,NULL,NULL,NULL,'30544','Xã Tri Tôn',NULL,'91',NULL,1),(3121,NULL,NULL,NULL,'30577','Xã Ô Lâm',NULL,'91',NULL,1),(3122,NULL,NULL,NULL,'30580','Xã Cô Tô',NULL,'91',NULL,1),(3123,NULL,NULL,NULL,'30568','Xã Vĩnh Gia',NULL,'91',NULL,1),(3124,NULL,NULL,NULL,'30589','Xã An Châu',NULL,'91',NULL,1),(3125,NULL,NULL,NULL,'30607','Xã Bình Hòa',NULL,'91',NULL,1),(3126,NULL,NULL,NULL,'30595','Xã Cần Đăng',NULL,'91',NULL,1),(3127,NULL,NULL,NULL,'30619','Xã Vĩnh Hanh',NULL,'91',NULL,1),(3128,NULL,NULL,NULL,'30604','Xã Vĩnh An',NULL,'91',NULL,1),(3129,NULL,NULL,NULL,'30628','Xã Chợ Mới',NULL,'91',NULL,1),(3130,NULL,NULL,NULL,'30643','Xã Cù Lao Giêng',NULL,'91',NULL,1),(3131,NULL,NULL,NULL,'30673','Xã Hội An',NULL,'91',NULL,1),(3132,NULL,NULL,NULL,'30631','Xã Long Điền',NULL,'91',NULL,1),(3133,NULL,NULL,NULL,'30658','Xã Nhơn Mỹ',NULL,'91',NULL,1),(3134,NULL,NULL,NULL,'30664','Xã Long Kiến',NULL,'91',NULL,1),(3135,NULL,NULL,NULL,'30682','Xã Thoại Sơn',NULL,'91',NULL,1),(3136,NULL,NULL,NULL,'30688','Xã Óc Eo',NULL,'91',NULL,1),(3137,NULL,NULL,NULL,'30709','Xã Định Mỹ',NULL,'91',NULL,1),(3138,NULL,NULL,NULL,'30685','Xã Phú Hòa',NULL,'91',NULL,1),(3139,NULL,NULL,NULL,'30697','Xã Vĩnh Trạch',NULL,'91',NULL,1),(3140,NULL,NULL,NULL,'30691','Xã Tây Phú',NULL,'91',NULL,1),(3141,NULL,NULL,NULL,'31064','Xã Vĩnh Bình',NULL,'91',NULL,1),(3142,NULL,NULL,NULL,'31069','Xã Vĩnh Thuận',NULL,'91',NULL,1),(3143,NULL,NULL,NULL,'31051','Xã Vĩnh Phong',NULL,'91',NULL,1),(3144,NULL,NULL,NULL,'31012','Xã Vĩnh Hòa',NULL,'91',NULL,1),(3145,NULL,NULL,NULL,'31027','Xã U Minh Thượng',NULL,'91',NULL,1),(3146,NULL,NULL,NULL,'31024','Xã Đông Hòa',NULL,'91',NULL,1),(3147,NULL,NULL,NULL,'31031','Xã Tân Thạnh',NULL,'91',NULL,1),(3148,NULL,NULL,NULL,'31036','Xã Đông Hưng',NULL,'91',NULL,1),(3149,NULL,NULL,NULL,'31018','Xã An Minh',NULL,'91',NULL,1),(3150,NULL,NULL,NULL,'31042','Xã Vân Khánh',NULL,'91',NULL,1),(3151,NULL,NULL,NULL,'30988','Xã Tây Yên',NULL,'91',NULL,1),(3152,NULL,NULL,NULL,'31006','Xã Đông Thái',NULL,'91',NULL,1),(3153,NULL,NULL,NULL,'30985','Xã An Biên',NULL,'91',NULL,1),(3154,NULL,NULL,NULL,'30958','Xã Định Hòa',NULL,'91',NULL,1),(3155,NULL,NULL,NULL,'30952','Xã Gò Quao',NULL,'91',NULL,1),(3156,NULL,NULL,NULL,'30970','Xã Vĩnh Hòa Hưng',NULL,'91',NULL,1),(3157,NULL,NULL,NULL,'30982','Xã Vĩnh Tuy',NULL,'91',NULL,1),(3158,NULL,NULL,NULL,'30904','Xã Giồng Riềng',NULL,'91',NULL,1),(3159,NULL,NULL,NULL,'30910','Xã Thạnh Hưng',NULL,'91',NULL,1),(3160,NULL,NULL,NULL,'30943','Xã Long Thạnh',NULL,'91',NULL,1),(3161,NULL,NULL,NULL,'30934','Xã Hòa Hưng',NULL,'91',NULL,1),(3162,NULL,NULL,NULL,'30928','Xã Ngọc Chúc',NULL,'91',NULL,1),(3163,NULL,NULL,NULL,'30949','Xã Hòa Thuận',NULL,'91',NULL,1),(3164,NULL,NULL,NULL,'30856','Xã Tân Hội',NULL,'91',NULL,1),(3165,NULL,NULL,NULL,'30850','Xã Tân Hiệp',NULL,'91',NULL,1),(3166,NULL,NULL,NULL,'30874','Xã Thạnh Đông',NULL,'91',NULL,1),(3167,NULL,NULL,NULL,'30886','Xã Thạnh Lộc',NULL,'91',NULL,1),(3168,NULL,NULL,NULL,'30880','Xã Châu Thành',NULL,'91',NULL,1),(3169,NULL,NULL,NULL,'30898','Xã Bình An',NULL,'91',NULL,1),(3170,NULL,NULL,NULL,'30817','Xã Hòn Đất',NULL,'91',NULL,1),(3171,NULL,NULL,NULL,'30835','Xã Sơn Kiên',NULL,'91',NULL,1),(3172,NULL,NULL,NULL,'30838','Xã Mỹ Thuận',NULL,'91',NULL,1),(3173,NULL,NULL,NULL,'30823','Xã Bình Sơn',NULL,'91',NULL,1),(3174,NULL,NULL,NULL,'30826','Xã Bình Giang',NULL,'91',NULL,1),(3175,NULL,NULL,NULL,'30796','Xã Giang Thành',NULL,'91',NULL,1),(3176,NULL,NULL,NULL,'30793','Xã Vĩnh Điều',NULL,'91',NULL,1),(3177,NULL,NULL,NULL,'30790','Xã Hòa Điền',NULL,'91',NULL,1),(3178,NULL,NULL,NULL,'30787','Xã Kiên Lương',NULL,'91',NULL,1),(3179,NULL,NULL,NULL,'30811','Xã Sơn Hải',NULL,'91',NULL,1),(3180,NULL,NULL,NULL,'30814','Xã Hòn Nghệ',NULL,'91',NULL,1),(3181,NULL,NULL,NULL,'31108','Đặc khu Kiên Hải',NULL,'91',NULL,1),(3182,NULL,NULL,NULL,'30760','Phường Vĩnh Thông',NULL,'91',NULL,1),(3183,NULL,NULL,NULL,'30742','Phường Rạch Giá',NULL,'91',NULL,1),(3184,NULL,NULL,NULL,'30769','Phường Hà Tiên',NULL,'91',NULL,1),(3185,NULL,NULL,NULL,'30766','Phường Tô Châu',NULL,'91',NULL,1),(3186,NULL,NULL,NULL,'30781','Xã Tiên Hải',NULL,'91',NULL,1),(3187,NULL,NULL,NULL,'31078','Đặc khu Phú Quốc',NULL,'91',NULL,1),(3188,NULL,NULL,NULL,'31105','Đặc khu Thổ Châu',NULL,'91',NULL,1),(3189,NULL,NULL,NULL,'31135','Phường Ninh Kiều',NULL,'92',NULL,1),(3190,NULL,NULL,NULL,'31120','Phường Cái Khế',NULL,'92',NULL,1),(3191,NULL,NULL,NULL,'31147','Phường Tân An',NULL,'92',NULL,1),(3192,NULL,NULL,NULL,'31150','Phường An Bình',NULL,'92',NULL,1),(3193,NULL,NULL,NULL,'31174','Phường Thới An Đông',NULL,'92',NULL,1),(3194,NULL,NULL,NULL,'31168','Phường Bình Thủy',NULL,'92',NULL,1),(3195,NULL,NULL,NULL,'31183','Phường Long Tuyền',NULL,'92',NULL,1),(3196,NULL,NULL,NULL,'31186','Phường Cái Răng',NULL,'92',NULL,1),(3197,NULL,NULL,NULL,'31201','Phường Hưng Phú',NULL,'92',NULL,1),(3198,NULL,NULL,NULL,'31153','Phường Ô Môn',NULL,'92',NULL,1),(3199,NULL,NULL,NULL,'31157','Phường Thới Long',NULL,'92',NULL,1),(3200,NULL,NULL,NULL,'31162','Phường Phước Thới',NULL,'92',NULL,1),(3201,NULL,NULL,NULL,'31217','Phường Trung Nhứt',NULL,'92',NULL,1),(3202,NULL,NULL,NULL,'31212','Phường Thốt Nốt',NULL,'92',NULL,1),(3203,NULL,NULL,NULL,'31207','Phường Thuận Hưng',NULL,'92',NULL,1),(3204,NULL,NULL,NULL,'31213','Phường Tân Lộc',NULL,'92',NULL,1),(3205,NULL,NULL,NULL,'31299','Xã Phong Điền',NULL,'92',NULL,1),(3206,NULL,NULL,NULL,'31315','Xã Nhơn Ái',NULL,'92',NULL,1),(3207,NULL,NULL,NULL,'31309','Xã Trường Long',NULL,'92',NULL,1),(3208,NULL,NULL,NULL,'31258','Xã Thới Lai',NULL,'92',NULL,1),(3209,NULL,NULL,NULL,'31282','Xã Đông Thuận',NULL,'92',NULL,1),(3210,NULL,NULL,NULL,'31294','Xã Trường Xuân',NULL,'92',NULL,1),(3211,NULL,NULL,NULL,'31288','Xã Trường Thành',NULL,'92',NULL,1),(3212,NULL,NULL,NULL,'31261','Xã Cờ Đỏ',NULL,'92',NULL,1),(3213,NULL,NULL,NULL,'31273','Xã Đông Hiệp',NULL,'92',NULL,1),(3214,NULL,NULL,NULL,'31249','Xã Thạnh Phú',NULL,'92',NULL,1),(3215,NULL,NULL,NULL,'31264','Xã Thới Hưng',NULL,'92',NULL,1),(3216,NULL,NULL,NULL,'31255','Xã Trung Hưng',NULL,'92',NULL,1),(3217,NULL,NULL,NULL,'31232','Xã Vĩnh Thạnh',NULL,'92',NULL,1),(3218,NULL,NULL,NULL,'31237','Xã Vĩnh Trinh',NULL,'92',NULL,1),(3219,NULL,NULL,NULL,'31231','Xã Thạnh An',NULL,'92',NULL,1),(3220,NULL,NULL,NULL,'31246','Xã Thạnh Quới',NULL,'92',NULL,1),(3221,NULL,NULL,NULL,'31338','Xã Hỏa Lựu',NULL,'92',NULL,1),(3222,NULL,NULL,NULL,'31321','Phường Vị Thanh',NULL,'92',NULL,1),(3223,NULL,NULL,NULL,'31333','Phường Vị Tân',NULL,'92',NULL,1),(3224,NULL,NULL,NULL,'31441','Xã Vị Thủy',NULL,'92',NULL,1),(3225,NULL,NULL,NULL,'31453','Xã Vĩnh Thuận Đông',NULL,'92',NULL,1),(3226,NULL,NULL,NULL,'31465','Xã Vị Thanh 1',NULL,'92',NULL,1),(3227,NULL,NULL,NULL,'31459','Xã Vĩnh Tường',NULL,'92',NULL,1),(3228,NULL,NULL,NULL,'31489','Xã Vĩnh Viễn',NULL,'92',NULL,1),(3229,NULL,NULL,NULL,'31495','Xã Xà Phiên',NULL,'92',NULL,1),(3230,NULL,NULL,NULL,'31492','Xã Lương Tâm',NULL,'92',NULL,1),(3231,NULL,NULL,NULL,'31473','Phường Long Bình',NULL,'92',NULL,1),(3232,NULL,NULL,NULL,'31471','Phường Long Mỹ',NULL,'92',NULL,1),(3233,NULL,NULL,NULL,'31480','Phường Long Phú 1',NULL,'92',NULL,1),(3234,NULL,NULL,NULL,'31360','Xã Thạnh Xuân',NULL,'92',NULL,1),(3235,NULL,NULL,NULL,'31342','Xã Tân Hòa',NULL,'92',NULL,1),(3236,NULL,NULL,NULL,'31348','Xã Trường Long Tây',NULL,'92',NULL,1),(3237,NULL,NULL,NULL,'31366','Xã Châu Thành',NULL,'92',NULL,1),(3238,NULL,NULL,NULL,'31369','Xã Đông Phước',NULL,'92',NULL,1),(3239,NULL,NULL,NULL,'31378','Xã Phú Hữu',NULL,'92',NULL,1),(3240,NULL,NULL,NULL,'31411','Phường Đại Thành',NULL,'92',NULL,1),(3241,NULL,NULL,NULL,'31340','Phường Ngã Bảy',NULL,'92',NULL,1),(3242,NULL,NULL,NULL,'31399','Xã Tân Bình',NULL,'92',NULL,1),(3243,NULL,NULL,NULL,'31393','Xã Hòa An',NULL,'92',NULL,1),(3244,NULL,NULL,NULL,'31426','Xã Phương Bình',NULL,'92',NULL,1),(3245,NULL,NULL,NULL,'31432','Xã Tân Phước Hưng',NULL,'92',NULL,1),(3246,NULL,NULL,NULL,'31396','Xã Hiệp Hưng',NULL,'92',NULL,1),(3247,NULL,NULL,NULL,'31420','Xã Phụng Hiệp',NULL,'92',NULL,1),(3248,NULL,NULL,NULL,'31408','Xã Thạnh Hòa',NULL,'92',NULL,1),(3249,NULL,NULL,NULL,'31510','Phường Phú Lợi',NULL,'92',NULL,1),(3250,NULL,NULL,NULL,'31507','Phường Sóc Trăng',NULL,'92',NULL,1),(3251,NULL,NULL,NULL,'31684','Phường Mỹ Xuyên',NULL,'92',NULL,1),(3252,NULL,NULL,NULL,'31717','Xã Hòa Tú',NULL,'92',NULL,1),(3253,NULL,NULL,NULL,'31726','Xã Gia Hòa',NULL,'92',NULL,1),(3254,NULL,NULL,NULL,'31708','Xã Nhu Gia',NULL,'92',NULL,1),(3255,NULL,NULL,NULL,'31723','Xã Ngọc Tố',NULL,'92',NULL,1),(3256,NULL,NULL,NULL,'31654','Xã Trường Khánh',NULL,'92',NULL,1),(3257,NULL,NULL,NULL,'31645','Xã Đại Ngãi',NULL,'92',NULL,1),(3258,NULL,NULL,NULL,'31666','Xã Tân Thạnh',NULL,'92',NULL,1),(3259,NULL,NULL,NULL,'31639','Xã Long Phú',NULL,'92',NULL,1),(3260,NULL,NULL,NULL,'31552','Xã Nhơn Mỹ',NULL,'92',NULL,1),(3261,NULL,NULL,NULL,'31537','Xã Phong Nẫm',NULL,'92',NULL,1),(3262,NULL,NULL,NULL,'31531','Xã An Lạc Thôn',NULL,'92',NULL,1),(3263,NULL,NULL,NULL,'31528','Xã Kế Sách',NULL,'92',NULL,1),(3264,NULL,NULL,NULL,'31540','Xã Thới An Hội',NULL,'92',NULL,1),(3265,NULL,NULL,NULL,'31561','Xã Đại Hải',NULL,'92',NULL,1),(3266,NULL,NULL,NULL,'31569','Xã Phú Tâm',NULL,'92',NULL,1),(3267,NULL,NULL,NULL,'31594','Xã An Ninh',NULL,'92',NULL,1),(3268,NULL,NULL,NULL,'31582','Xã Thuận Hòa',NULL,'92',NULL,1),(3269,NULL,NULL,NULL,'31570','Xã Hồ Đắc Kiện',NULL,'92',NULL,1),(3270,NULL,NULL,NULL,'31567','Xã Mỹ Tú',NULL,'92',NULL,1),(3271,NULL,NULL,NULL,'31579','Xã Long Hưng',NULL,'92',NULL,1),(3272,NULL,NULL,NULL,'31603','Xã Mỹ Phước',NULL,'92',NULL,1),(3273,NULL,NULL,NULL,'31591','Xã Mỹ Hương',NULL,'92',NULL,1),(3274,NULL,NULL,NULL,'31795','Xã Vĩnh Hải',NULL,'92',NULL,1),(3275,NULL,NULL,NULL,'31810','Xã Lai Hòa',NULL,'92',NULL,1),(3276,NULL,NULL,NULL,'31804','Phường Vĩnh Phước',NULL,'92',NULL,1),(3277,NULL,NULL,NULL,'31783','Phường Vĩnh Châu',NULL,'92',NULL,1),(3278,NULL,NULL,NULL,'31789','Phường Khánh Hòa',NULL,'92',NULL,1),(3279,NULL,NULL,NULL,'31741','Xã Tân Long',NULL,'92',NULL,1),(3280,NULL,NULL,NULL,'31732','Phường Ngã Năm',NULL,'92',NULL,1),(3281,NULL,NULL,NULL,'31753','Phường Mỹ Quới',NULL,'92',NULL,1),(3282,NULL,NULL,NULL,'31756','Xã Phú Lộc',NULL,'92',NULL,1),(3283,NULL,NULL,NULL,'31777','Xã Vĩnh Lợi',NULL,'92',NULL,1),(3284,NULL,NULL,NULL,'31759','Xã Lâm Tân',NULL,'92',NULL,1),(3285,NULL,NULL,NULL,'31699','Xã Thạnh Thới An',NULL,'92',NULL,1),(3286,NULL,NULL,NULL,'31687','Xã Tài Văn',NULL,'92',NULL,1),(3287,NULL,NULL,NULL,'31675','Xã Liêu Tú',NULL,'92',NULL,1),(3288,NULL,NULL,NULL,'31679','Xã Lịch Hội Thượng',NULL,'92',NULL,1),(3289,NULL,NULL,NULL,'31673','Xã Trần Đề',NULL,'92',NULL,1),(3290,NULL,NULL,NULL,'31615','Xã An Thạnh',NULL,'92',NULL,1),(3291,NULL,NULL,NULL,'31633','Xã Cù Lao Dung',NULL,'92',NULL,1),(3292,NULL,NULL,NULL,'32002','Phường An Xuyên',NULL,'96',NULL,1),(3293,NULL,NULL,NULL,'32014','Phường Lý Văn Lâm',NULL,'96',NULL,1),(3294,NULL,NULL,NULL,'32025','Phường Tân Thành',NULL,'96',NULL,1),(3295,NULL,NULL,NULL,'32041','Phường Hòa Thành',NULL,'96',NULL,1),(3296,NULL,NULL,NULL,'32167','Xã Tân Thuận',NULL,'96',NULL,1),(3297,NULL,NULL,NULL,'32188','Xã Tân Tiến',NULL,'96',NULL,1),(3298,NULL,NULL,NULL,'32155','Xã Tạ An Khương',NULL,'96',NULL,1),(3299,NULL,NULL,NULL,'32161','Xã Trần Phán',NULL,'96',NULL,1),(3300,NULL,NULL,NULL,'32185','Xã Thanh Tùng',NULL,'96',NULL,1),(3301,NULL,NULL,NULL,'32152','Xã Đầm Dơi',NULL,'96',NULL,1),(3302,NULL,NULL,NULL,'32182','Xã Quách Phẩm',NULL,'96',NULL,1),(3303,NULL,NULL,NULL,'32047','Xã U Minh',NULL,'96',NULL,1),(3304,NULL,NULL,NULL,'32044','Xã Nguyễn Phích',NULL,'96',NULL,1),(3305,NULL,NULL,NULL,'32062','Xã Khánh Lâm',NULL,'96',NULL,1),(3306,NULL,NULL,NULL,'32059','Xã Khánh An',NULL,'96',NULL,1),(3307,NULL,NULL,NULL,'32244','Xã Phan Ngọc Hiển',NULL,'96',NULL,1),(3308,NULL,NULL,NULL,'32248','Xã Đất Mũi',NULL,'96',NULL,1),(3309,NULL,NULL,NULL,'32236','Xã Tân Ân',NULL,'96',NULL,1),(3310,NULL,NULL,NULL,'32110','Xã Khánh Bình',NULL,'96',NULL,1),(3311,NULL,NULL,NULL,'32104','Xã Đá Bạc',NULL,'96',NULL,1),(3312,NULL,NULL,NULL,'32119','Xã Khánh Hưng',NULL,'96',NULL,1),(3313,NULL,NULL,NULL,'32098','Xã Sông Đốc',NULL,'96',NULL,1),(3314,NULL,NULL,NULL,'32095','Xã Trần Văn Thời',NULL,'96',NULL,1),(3315,NULL,NULL,NULL,'32065','Xã Thới Bình',NULL,'96',NULL,1),(3316,NULL,NULL,NULL,'32071','Xã Trí Phải',NULL,'96',NULL,1),(3317,NULL,NULL,NULL,'32083','Xã Tân Lộc',NULL,'96',NULL,1),(3318,NULL,NULL,NULL,'32092','Xã Hồ Thị Kỷ',NULL,'96',NULL,1),(3319,NULL,NULL,NULL,'32069','Xã Biển Bạch',NULL,'96',NULL,1),(3320,NULL,NULL,NULL,'32201','Xã Đất Mới',NULL,'96',NULL,1),(3321,NULL,NULL,NULL,'32191','Xã Năm Căn',NULL,'96',NULL,1),(3322,NULL,NULL,NULL,'32206','Xã Tam Giang',NULL,'96',NULL,1),(3323,NULL,NULL,NULL,'32212','Xã Cái Đôi Vàm',NULL,'96',NULL,1),(3324,NULL,NULL,NULL,'32227','Xã Nguyễn Việt Khái',NULL,'96',NULL,1),(3325,NULL,NULL,NULL,'32218','Xã Phú Tân',NULL,'96',NULL,1),(3326,NULL,NULL,NULL,'32214','Xã Phú Mỹ',NULL,'96',NULL,1),(3327,NULL,NULL,NULL,'32134','Xã Lương Thế Trân',NULL,'96',NULL,1),(3328,NULL,NULL,NULL,'32137','Xã Tân Hưng',NULL,'96',NULL,1),(3329,NULL,NULL,NULL,'32140','Xã Hưng Mỹ',NULL,'96',NULL,1),(3330,NULL,NULL,NULL,'32128','Xã Cái Nước',NULL,'96',NULL,1),(3331,NULL,NULL,NULL,'31825','Phường Bạc Liêu',NULL,'96',NULL,1),(3332,NULL,NULL,NULL,'31834','Phường Vĩnh Trạch',NULL,'96',NULL,1),(3333,NULL,NULL,NULL,'31840','Phường Hiệp Thành',NULL,'96',NULL,1),(3334,NULL,NULL,NULL,'31942','Phường Giá Rai',NULL,'96',NULL,1),(3335,NULL,NULL,NULL,'31951','Phường Láng Tròn',NULL,'96',NULL,1),(3336,NULL,NULL,NULL,'31957','Xã Phong Thạnh',NULL,'96',NULL,1),(3337,NULL,NULL,NULL,'31843','Xã Hồng Dân',NULL,'96',NULL,1),(3338,NULL,NULL,NULL,'31858','Xã Vĩnh Lộc',NULL,'96',NULL,1),(3339,NULL,NULL,NULL,'31864','Xã Ninh Thạnh Lợi',NULL,'96',NULL,1),(3340,NULL,NULL,NULL,'31849','Xã Ninh Quới',NULL,'96',NULL,1),(3341,NULL,NULL,NULL,'31972','Xã Gành Hào',NULL,'96',NULL,1),(3342,NULL,NULL,NULL,'31993','Xã Định Thành',NULL,'96',NULL,1),(3343,NULL,NULL,NULL,'31988','Xã An Trạch',NULL,'96',NULL,1),(3344,NULL,NULL,NULL,'31985','Xã Long Điền',NULL,'96',NULL,1),(3345,NULL,NULL,NULL,'31975','Xã Đông Hải',NULL,'96',NULL,1),(3346,NULL,NULL,NULL,'31891','Xã Hòa Bình',NULL,'96',NULL,1),(3347,NULL,NULL,NULL,'31918','Xã Vĩnh Mỹ',NULL,'96',NULL,1),(3348,NULL,NULL,NULL,'31927','Xã Vĩnh Hậu',NULL,'96',NULL,1),(3349,NULL,NULL,NULL,'31867','Xã Phước Long',NULL,'96',NULL,1),(3350,NULL,NULL,NULL,'31876','Xã Vĩnh Phước',NULL,'96',NULL,1),(3351,NULL,NULL,NULL,'31885','Xã Phong Hiệp',NULL,'96',NULL,1),(3352,NULL,NULL,NULL,'31882','Xã Vĩnh Thanh',NULL,'96',NULL,1),(3353,NULL,NULL,NULL,'31900','Xã Vĩnh Lợi',NULL,'96',NULL,1),(3354,NULL,NULL,NULL,'31906','Xã Hưng Hội',NULL,'96',NULL,1),(3355,NULL,NULL,NULL,'31894','Xã Châu Thới',NULL,'96',NULL,1);
/*!40000 ALTER TABLE `dict_item` ENABLE KEYS */;
UNLOCK TABLES;

--
-- Table structure for table `dictionary`
--

DROP TABLE IF EXISTS `dictionary`;
/*!40101 SET @saved_cs_client     = @@character_set_client */;
/*!50503 SET character_set_client = utf8mb4 */;
CREATE TABLE `dictionary` (
  `id` bigint NOT NULL AUTO_INCREMENT,
  `from_lang` varchar(100) CHARACTER SET utf8mb4 COLLATE utf8mb4_0900_ai_ci NOT NULL,
  `to_lang` varchar(100) CHARACTER SET utf8mb4 COLLATE utf8mb4_0900_ai_ci NOT NULL,
  `original` varchar(1000) CHARACTER SET utf8mb4 COLLATE utf8mb4_0900_ai_ci NOT NULL,
  `translated` varchar(1000) CHARACTER SET utf8mb4 COLLATE utf8mb4_0900_ai_ci NOT NULL,
  `created_by` varchar(255) DEFAULT NULL,
  `created_date` datetime DEFAULT NULL,
  `modified_by` varchar(255) DEFAULT NULL,
  `modified_date` datetime DEFAULT NULL,
  PRIMARY KEY (`id`)
) ENGINE=InnoDB AUTO_INCREMENT=258 DEFAULT CHARSET=utf8mb4 COLLATE=utf8mb4_0900_ai_ci;
/*!40101 SET character_set_client = @saved_cs_client */;

--
-- Dumping data for table `dictionary`
--

LOCK TABLES `dictionary` WRITE;
/*!40000 ALTER TABLE `dictionary` DISABLE KEYS */;
INSERT INTO `dictionary` VALUES (9,'en','vi','Phân quyền và quản trị','Phân quyền và quản trị','system','2023-08-30 10:41:40','system','2023-08-30 10:41:40'),(10,'en','vi','Quản lý tài nguyên','Quản lý tài nguyên','system','2023-08-30 10:41:40','system','2023-08-30 10:41:40'),(11,'en','vi','Quản lý ATGT','Quản lý ATGT','system','2023-08-30 10:41:40','system','2023-08-30 10:41:40'),(12,'en','vi','Quản trị hệ thống','Hệ thống quản trị','system','2023-08-30 10:41:40','system','2023-08-30 10:41:40'),(13,'en','vi','Cấu hình tích hợp','Hợp nhất cấu hình','system','2023-08-30 10:41:40','system','2023-08-30 10:41:40'),(14,'en','vi','Cấu hình hệ thống','System config','system','2023-08-30 10:41:40','system','2023-08-30 10:41:40'),(15,'en','vi','Quản lý khác','Quản lý khác','system','2023-08-30 10:41:40','system','2023-08-30 10:41:40'),(16,'en','vi','Báo cáo thống kê','Thống kê báo cáo','system','2023-08-30 10:41:40','system','2023-08-30 10:41:40'),(17,'en','vi','Quản lý báo cáo','Quản lý báo cáo','system','2023-08-30 10:41:40','system','2023-08-30 10:41:40'),(18,'vi','en','Phân quyền và quản trị','Delegation and administration','system','2023-08-30 10:42:17','admin','2025-11-12 04:12:35'),(19,'vi','en','Quản lý tài nguyên','Resource management','system','2023-08-30 10:42:17','system','2023-08-30 10:42:17'),(20,'vi','en','Quản lý ATGT','Traffic Safety Management','system','2023-08-30 10:42:17','system','2023-08-30 10:42:17'),(21,'vi','en','Quản trị hệ thống','System management','system','2023-08-30 10:42:17','system','2023-08-30 10:42:17'),(22,'vi','en','Cấu hình tích hợp','Built-in configuration','system','2023-08-30 10:42:17','system','2023-08-30 10:42:17'),(23,'vi','en','Cấu hình hệ thống','System configuration','system','2023-08-30 10:42:17','system','2023-08-30 10:42:17'),(24,'vi','en','Quản lý khác','Other management','system','2023-08-30 10:42:17','system','2023-08-30 10:42:17'),(25,'vi','en','Báo cáo thống kê','Statistic','system','2023-08-30 10:42:17','Tuannv117','2025-12-02 08:20:44'),(26,'vi','en','Quản lý báo cáo','Manage reports','system','2023-08-30 10:42:17','system','2023-08-30 10:42:17'),(27,'vi','en','Rocket.Chat','Rocket.Chat','system','2023-08-30 10:47:25','system','2023-08-30 10:47:25'),(28,'vi','en','Từ điển','Dictionary','system','2023-08-30 10:47:25','system','2023-08-30 10:47:25'),(29,'vi','en','Thống kê xử phạt','Penalty statistics','system','2023-08-30 10:47:25','system','2023-08-30 10:47:25'),(30,'vi','en','Quản lý tích hợp','Integrated management','system','2023-08-30 10:47:25','system','2023-08-30 10:47:25'),(31,'vi','en','Quản lý danh mục','Manage categories','system','2023-08-30 10:47:25','system','2023-08-30 10:47:25'),(32,'vi','en','Tình hình xử phạt','Penalty situation','system','2023-08-30 10:47:25','system','2023-08-30 10:47:25'),(33,'vi','en','Cấu hình xác thực','Authentication configuration','system','2023-08-30 10:47:25','system','2023-08-30 10:47:25'),(34,'vi','en','Danh sách báo cáo','List of reports','system','2023-08-30 10:47:25','system','2023-08-30 10:47:25'),(35,'vi','en','Quản lý xe phục vụ quốc phòng - an ninh','Vehicle management for defense and security','system','2023-08-30 10:47:25','system','2023-08-30 10:47:25'),(36,'vi','en','Vi phạm cần xác minh','Violations need to be verified','system','2023-08-30 10:47:25','system','2023-08-30 10:47:25'),(37,'vi','en','Vi phạm không xử lý','Violations are not handled','system','2023-08-30 10:47:25','system','2023-08-30 10:47:25'),(38,'vi','en','Quản lý loại lỗi vi phạm','Manage the type of violation','system','2023-08-30 10:47:25','system','2023-08-30 10:47:25'),(39,'vi','en','Sự kiện bỏ qua lỗi','Event Ignore Error','system','2023-08-30 10:47:25','system','2023-08-30 10:47:25'),(40,'vi','en','Xử lý vi phạm','Handling violations','system','2023-08-30 10:47:25','system','2023-09-06 06:41:56'),(41,'vi','en','Quản lý Đơn vị & Khu vực','Unit & Area Management','system','2023-08-30 10:47:25','system','2023-08-30 10:47:25'),(42,'vi','en','Quản lý khu vực','Management area','system','2023-08-30 10:47:25','system','2023-08-30 10:47:25'),(43,'vi','en','Quản lý thiết bị','Equipment management','system','2023-08-30 10:47:25','system','2023-08-30 10:47:25'),(44,'vi','en','Web1.1','Web1.1','system','2023-08-30 10:47:25','system','2023-08-30 10:47:25'),(45,'vi','en','Cấu hình môi trường','Environment configuration','system','2023-08-30 10:47:25','system','2023-08-30 10:47:25'),(46,'vi','en','Cấu hình hiển thị','Display configuration','system','2023-08-30 10:47:25','system','2023-08-30 10:47:25'),(47,'vi','en','Lịch sử tác động hệ thống','System impact history','system','2023-08-30 10:47:25','system','2023-08-30 10:47:25'),(48,'vi','en','Chính sách phân quyền','Authorization policy','system','2023-08-30 10:47:25','system','2023-08-30 10:47:25'),(49,'vi','en','Quản lí đơn vị','Unit management','system','2023-08-30 10:47:25','system','2023-08-30 10:47:25'),(50,'vi','en','Quản lí ứng dụng','Application Management','system','2023-08-30 10:47:26','system','2023-08-30 10:47:26'),(51,'vi','en','Quản lý người dùng','User management','system','2023-08-30 10:47:26','system','2024-04-10 01:42:20'),(52,'vi','en','Quản lí vai trò','Role management','system','2023-08-30 10:47:26','system','2023-08-30 10:47:26'),(61,'en','vi','Hello, My name is Burak','Xin chào, tên tôi là Burak','system','2023-09-06 04:18:49','system','2023-09-06 04:18:49'),(62,'en','vi','I\'m a software developer','Tôi là nhà phát triển phần mềm','system','2023-09-06 04:18:49','system','2023-09-06 04:18:49'),(115,'en','vi','Hello','Xin chào','system','2023-09-06 04:38:36','system','2023-09-06 04:38:36'),(116,'en','vi','Hello abc ','Xin chào abc','system','2023-09-06 04:58:09','system','2023-09-06 04:58:09'),(117,'en','vi','Hello abc mnp','Xin chào abc mnp','system','2023-09-06 05:38:36','system','2023-09-06 05:38:36'),(118,'vi','en','Xử lý vi phạm abc','Handling violations abc update','system','2023-09-06 06:41:30','system','2023-09-07 03:14:31'),(119,'vi','en','Xử lý','Handle','system','2023-09-07 03:14:51','system','2023-09-07 03:14:51'),(120,'en','vi','Quản lý loại lỗi vi phạm','Quản lý vi phạm loại lỗi','system','2023-09-08 10:35:43','system','2023-09-08 10:35:43'),(121,'en','vi','Quản lý thiết bị','Quản lý thiết bị','system','2023-09-08 10:35:44','system','2023-09-08 10:35:44'),(122,'en','vi','Quản lý khu vực','Quản lý khu vực','system','2023-09-08 10:35:44','system','2023-09-08 10:35:44'),(123,'en','vi','Quản lí vai trò','Quản lý vai trò trò chơi','system','2023-09-08 10:35:44','system','2023-09-08 10:35:44'),(124,'en','vi','Quản lý người dùng','Quản lý người dùng','system','2023-09-08 10:35:44','system','2023-09-08 10:35:44'),(125,'en','vi','Quản lí ứng dụng','Quản lý ứng dụng','system','2023-09-08 10:35:44','system','2023-09-08 10:35:44'),(126,'en','vi','Quản lí đơn vị','Quản lý đơn vị','system','2023-09-08 10:35:44','system','2023-09-08 10:35:44'),(127,'en','vi','Chính sách phân quyền','Phân quyền chính sách','system','2023-09-08 10:35:44','system','2023-09-08 10:35:44'),(128,'en','vi','Quản lý danh mục','Quản lý danh mục','system','2023-09-08 10:35:44','system','2023-09-08 10:35:44'),(129,'en','vi','Danh sách báo cáo','Report list','system','2023-09-08 10:35:44','system','2023-09-08 10:35:44'),(130,'en','vi','Sự kiện bỏ qua lỗi','Sự cố bỏ qua lỗi','system','2023-09-08 10:35:44','system','2023-09-08 10:35:44'),(131,'en','vi','Vi phạm không xử lý','Vi phạm không xử lý','system','2023-09-08 10:35:44','system','2023-09-08 10:35:44'),(132,'en','vi','Xử lý vi phạm','Xử lý vi phạm','system','2023-09-08 10:35:44','system','2023-09-08 10:35:44'),(133,'en','vi','Vi phạm cần xác minh','Vi phạm cần xác định','system','2023-09-08 10:35:44','system','2023-09-08 10:35:44'),(134,'en','vi','Lịch sử tác động hệ thống','Hệ thống lịch sử hoạt động','system','2023-09-08 10:35:44','system','2023-09-08 10:35:44'),(135,'en','vi','Quản lý tích hợp','Quản lý hợp nhất','system','2023-09-08 10:35:44','system','2023-09-08 10:35:44'),(136,'en','vi','Cấu hình hiển thị','Display Configuration','system','2023-09-08 10:35:44','system','2023-09-08 10:35:44'),(137,'en','vi','Rocket.Chat','Rocket.Chat','system','2023-09-08 10:35:44','system','2023-09-08 10:35:44'),(138,'en','vi','Từ điển','Từ điển','system','2023-09-08 10:35:44','system','2023-09-08 10:35:44'),(139,'en','vi','Cấu hình môi trường','Môi trường cấu hình','system','2023-09-08 10:35:44','system','2023-09-08 10:35:44'),(140,'en','vi','Cấu hình xác thực','Xác thực cấu hình','system','2023-09-08 10:35:44','system','2023-09-08 10:35:44'),(141,'en','vi','Thống kê xử phạt','Xử phạt thống kê','system','2023-09-08 10:35:44','system','2023-09-08 10:35:44'),(142,'en','vi','Tình hình xử phạt','Xử lý hình ảnh','system','2023-09-08 10:35:44','system','2023-09-08 10:35:44'),(143,'en','vi','Quản lý xe phục vụ quốc phòng - an ninh','Quản lý xe phục vụ phòng quốc tế - an ninh','system','2023-09-08 10:35:44','system','2023-09-08 10:35:44'),(144,'vi','en','Quản lý lưu lượng','Traffic Management','system','2023-09-08 10:47:24','system','2023-09-08 10:47:24'),(145,'vi','en','Quản lý phương tiện','Vehicle Management','system','2023-09-08 10:47:24','system','2023-09-08 10:47:24'),(146,'vi','en','Biển số cần theo dõi','Tracking platenumbers','system','2023-09-08 10:47:25','admin','2024-08-02 01:29:40'),(147,'vi','en','Điều khiển đèn','Light control','phihs','2025-03-12 11:14:22','phihs','2025-03-12 11:14:30'),(148,'vi','en','Điều khiển tại nút','Cross control','phihs','2025-03-12 11:14:22','phihs','2025-03-12 11:14:30'),(149,'vi','en','Điều khiển cưỡng bức','Forced control','phihs','2025-03-12 11:14:22','phihs','2025-03-12 11:14:30'),(150,'vi','en','Cấu hình lập lịch','Schedule configuration','phihs','2025-03-12 11:14:22','phihs','2025-03-12 11:14:30'),(151,'vi','en','Điều khiển theo tuyến, khu vực','Route and area-based control','phihs','2025-03-12 11:14:22','admin','2025-07-18 04:36:59'),(152,'vi','en','Cấu hình làn sóng xanh','Green wave configuration','phihs','2025-03-12 11:14:22','phihs','2025-03-12 11:14:30'),(153,'vi','en','Xem camera lưu lượng','Traffic camera view','phihs','2025-03-12 11:14:22','phihs','2025-03-12 11:14:30'),(154,'vi','en','Thống kê theo thuộc tính','Attribute-based statistics','phihs','2025-03-12 11:14:22','phihs','2025-03-12 11:14:30'),(155,'vi','en','Độ hiệu quả của kịch bản','Scenario effectiveness','phihs','2025-03-12 11:14:22','phihs','2025-03-12 11:14:30'),(156,'vi','en','Quản lý vai trò','Role management','phihs','2025-03-12 11:14:22','phihs','2025-03-12 11:14:30'),(157,'vi','en','Quản lý ứng dụng','Application management','phihs','2025-03-12 11:14:22','phihs','2025-03-12 11:14:30'),(158,'vi','en','Quản lý đơn vị','Unit management','phihs','2025-03-12 11:14:22','phihs','2025-03-12 11:14:30'),(159,'vi','en','Hướng dẫn sử dụng','User manual','phihs','2025-03-12 11:14:22','phihs','2025-03-12 11:14:30'),(160,'vi','en','Quản lý nút giao','Intersection management','phihs','2025-03-12 11:14:22','phihs','2025-03-12 11:14:30'),(161,'vi','en','Quản lý đèn giao thông','Traffic light management','phihs','2025-03-12 11:14:22','phihs','2025-03-12 11:14:30'),(162,'vi','en','Quản lý camera','Camera management','phihs','2025-03-12 11:14:22','phihs','2025-03-12 11:14:30'),(163,'vi','en','Quản lý trợ giúp','Help management','phihs','2025-03-12 11:14:22','phihs','2025-03-12 11:14:30'),(164,'vi','en','Quản lý chu kỳ đèn','Cycle management','phihs','2025-03-12 11:14:22','admin','2025-12-30 04:16:46'),(165,'vi','en','Quản lý đối tác','Vendor management','phihs','2025-03-12 11:14:22','phihs','2025-03-12 11:14:30'),(166,'vi','en','Nhật ký hệ thống','System log','phihs','2025-03-12 11:14:22','phihs','2025-03-12 11:14:30'),(167,'vi','en','Bản đồ','Map','system','2025-11-11 02:16:43',NULL,NULL),(168,'vi','en','Giám sát','Monitoring','system','2025-11-11 02:16:43',NULL,NULL),(169,'vi','en','Cấu hình điều khiển','Control configuration','system','2025-11-11 02:16:43',NULL,NULL),(170,'vi','en','Theo nút','By Intersection','system','2025-11-11 02:16:43',NULL,NULL),(171,'vi','en','Theo khu vực','By Area','system','2025-11-11 02:16:43',NULL,NULL),(172,'vi','en','Quản lý đường','Road Management','system','2025-11-11 02:16:43',NULL,NULL),(173,'en','vi','Map','Bản đồ','system','2025-11-11 02:16:43',NULL,NULL),(174,'en','vi','Monitoring','Giám sát','system','2025-11-11 02:16:43',NULL,NULL),(175,'en','vi','Control Configuration','Cấu hình điều khiển','system','2025-11-11 02:16:43',NULL,NULL),(176,'en','vi','By Intersection','Theo nút','system','2025-11-11 02:16:43',NULL,NULL),(177,'en','vi','By Area','Theo khu vực','system','2025-11-11 02:16:43',NULL,NULL),(178,'en','vi','Road Management','Quản lý đường','system','2025-11-11 02:16:43',NULL,NULL),(179,'vi','en','Trang tổng quan','Dashboard','system','2025-11-11 02:16:43','admin','2025-12-30 04:15:48'),(180,'en','vi','Dashboard','Trang tổng quan','system','2025-11-11 02:16:43',NULL,'2025-11-11 02:16:43'),(191,'vi','ar','Phân quyền và quản trị','التفويض والإدارة','system','2026-01-19 01:44:15',NULL,NULL),(192,'vi','ar','Quản lý tài nguyên','إدارة الموارد','system','2026-01-19 01:44:15',NULL,NULL),(193,'vi','ar','Quản lý ATGT','إدارة السلامة المرورية','system','2026-01-19 01:44:15',NULL,NULL),(194,'vi','ar','Quản trị hệ thống','إدارة النظام','system','2026-01-19 01:44:15',NULL,NULL),(195,'vi','ar','Cấu hình tích hợp','تهيئة التكامل','system','2026-01-19 01:44:15',NULL,NULL),(196,'vi','ar','Cấu hình hệ thống','تهيئة النظام','system','2026-01-19 01:44:15',NULL,NULL),(197,'vi','ar','Quản lý khác','إدارة أخرى','system','2026-01-19 01:44:15',NULL,NULL),(198,'vi','ar','Báo cáo thống kê','إحصائيات','system','2026-01-19 01:44:15',NULL,NULL),(199,'vi','ar','Quản lý báo cáo','إدارة التقارير','system','2026-01-19 01:44:15',NULL,NULL),(200,'vi','ar','Rocket.Chat','Rocket.Chat','system','2026-01-19 01:44:15',NULL,NULL),(201,'vi','ar','Từ điển','القاموس','system','2026-01-19 01:44:15',NULL,NULL),(202,'vi','ar','Thống kê xử phạt','إحصائيات المخالفات','system','2026-01-19 01:44:15',NULL,NULL),(203,'vi','ar','Quản lý tích hợp','الإدارة المتكاملة','system','2026-01-19 01:44:15',NULL,NULL),(204,'vi','ar','Quản lý danh mục','إدارة الفئات','system','2026-01-19 01:44:15',NULL,NULL),(205,'vi','ar','Tình hình xử phạt','حالة المخالفات','system','2026-01-19 01:44:15',NULL,NULL),(206,'vi','ar','Cấu hình xác thực','تهيئة المصادقة','system','2026-01-19 01:44:15',NULL,NULL),(207,'vi','ar','Danh sách báo cáo','قائمة التقارير','system','2026-01-19 01:44:15',NULL,NULL),(208,'vi','ar','Quản lý xe phục vụ quốc phòng - an ninh','إدارة مركبات الدفاع والأمن','system','2026-01-19 01:44:15',NULL,NULL),(209,'vi','ar','Vi phạm cần xác minh','مخالفات قيد التحقق','system','2026-01-19 01:44:15',NULL,NULL),(210,'vi','ar','Vi phạm không xử lý','مخالفات غير معالجة','system','2026-01-19 01:44:15',NULL,NULL),(211,'vi','ar','Quản lý loại lỗi vi phạm','إدارة أنواع المخالفات','system','2026-01-19 01:44:15',NULL,NULL),(212,'vi','ar','Sự kiện bỏ qua lỗi','أحداث تم تجاهلها','system','2026-01-19 01:44:15',NULL,NULL),(213,'vi','ar','Xử lý vi phạm','معالجة المخالفات','system','2026-01-19 01:44:15',NULL,NULL),(214,'vi','ar','Quản lý Đơn vị & Khu vực','إدارة الوحدات والمناطق','system','2026-01-19 01:44:15',NULL,NULL),(215,'vi','ar','Quản lý khu vực','إدارة المناطق','system','2026-01-19 01:44:15',NULL,NULL),(216,'vi','ar','Quản lý thiết bị','إدارة الأجهزة','system','2026-01-19 01:44:15',NULL,NULL),(217,'vi','ar','Web1.1','Web1.1','system','2026-01-19 01:44:15',NULL,NULL),(218,'vi','ar','Cấu hình môi trường','تهيئة البيئة','system','2026-01-19 01:44:15',NULL,NULL),(219,'vi','ar','Cấu hình hiển thị','تهيئة العرض','system','2026-01-19 01:44:15',NULL,NULL),(220,'vi','ar','Lịch sử tác động hệ thống','سجل تغييرات النظام','system','2026-01-19 01:44:15',NULL,NULL),(221,'vi','ar','Chính sách phân quyền','سياسة الصلاحيات','system','2026-01-19 01:44:15',NULL,NULL),(222,'vi','ar','Quản lí đơn vị','إدارة الوحدات','system','2026-01-19 01:44:15',NULL,NULL),(223,'vi','ar','Quản lí ứng dụng','إدارة التطبيقات','system','2026-01-19 01:44:15',NULL,NULL),(224,'vi','ar','Quản lý người dùng','إدارة المستخدمين','system','2026-01-19 01:44:15',NULL,NULL),(225,'vi','ar','Quản lí vai trò','إدارة الأدوار','system','2026-01-19 01:44:15',NULL,NULL),(226,'vi','ar','Xử lý vi phạm abc','معالجة مخالفات ABC','system','2026-01-19 01:44:15',NULL,NULL),(227,'vi','ar','Xử lý','معالجة','system','2026-01-19 01:44:15',NULL,NULL),(228,'vi','ar','Quản lý lưu lượng','إدارة حركة المرور','system','2026-01-19 01:44:15',NULL,NULL),(229,'vi','ar','Quản lý phương tiện','إدارة المركبات','system','2026-01-19 01:44:15',NULL,NULL),(230,'vi','ar','Biển số cần theo dõi','تتبع لوحات المركبات','system','2026-01-19 01:44:15',NULL,NULL),(231,'vi','ar','Điều khiển đèn','التحكم في الإشارات الضوئية','system','2026-01-19 01:44:15',NULL,NULL),(232,'vi','ar','Điều khiển tại nút','التحكم في التقاطعات','system','2026-01-19 01:44:15',NULL,NULL),(233,'vi','ar','Điều khiển cưỡng bức','التحكم القسري','system','2026-01-19 01:44:15',NULL,NULL),(234,'vi','ar','Cấu hình lập lịch','تهيئة الجدولة','system','2026-01-19 01:44:15',NULL,NULL),(235,'vi','ar','Điều khiển theo tuyến, khu vực','التحكم حسب المسار والمنطقة','system','2026-01-19 01:44:15',NULL,NULL),(236,'vi','ar','Cấu hình làn sóng xanh','تهيئة الموجة الخضراء','system','2026-01-19 01:44:15',NULL,NULL),(237,'vi','ar','Xem camera lưu lượng','عرض كاميرا المرور','system','2026-01-19 01:44:15',NULL,NULL),(238,'vi','ar','Thống kê theo thuộc tính','إحصائيات حسب الخصائص','system','2026-01-19 01:44:15',NULL,NULL),(239,'vi','ar','Độ hiệu quả của kịch bản','فعالية السيناريو','system','2026-01-19 01:44:15',NULL,NULL),(240,'vi','ar','Quản lý vai trò','إدارة الأدوار','system','2026-01-19 01:44:15',NULL,NULL),(241,'vi','ar','Quản lý ứng dụng','إدارة التطبيقات','system','2026-01-19 01:44:15',NULL,NULL),(242,'vi','ar','Quản lý đơn vị','إدارة الوحدات','system','2026-01-19 01:44:15',NULL,NULL),(243,'vi','ar','Hướng dẫn sử dụng','دليل المستخدم','system','2026-01-19 01:44:15',NULL,NULL),(244,'vi','ar','Quản lý nút giao','إدارة التقاطعات','system','2026-01-19 01:44:15',NULL,NULL),(245,'vi','ar','Quản lý đèn giao thông','إدارة إشارات المرور','system','2026-01-19 01:44:15',NULL,NULL),(246,'vi','ar','Quản lý camera','إدارة الكاميرات','system','2026-01-19 01:44:15',NULL,NULL),(247,'vi','ar','Quản lý trợ giúp','إدارة المساعدة','system','2026-01-19 01:44:15',NULL,NULL),(248,'vi','ar','Quản lý chu kỳ đèn','إدارة دورة الإشارة','system','2026-01-19 01:44:15',NULL,NULL),(249,'vi','ar','Quản lý đối tác','إدارة الشركاء','system','2026-01-19 01:44:15',NULL,NULL),(250,'vi','ar','Nhật ký hệ thống','سجل النظام','system','2026-01-19 01:44:15',NULL,NULL),(251,'vi','ar','Bản đồ','الخريطة','system','2026-01-19 01:44:15',NULL,NULL),(252,'vi','ar','Giám sát','المراقبة','system','2026-01-19 01:44:15',NULL,NULL),(253,'vi','ar','Cấu hình điều khiển','تهيئة التحكم','system','2026-01-19 01:44:15',NULL,NULL),(254,'vi','ar','Theo nút','حسب التقاطع','system','2026-01-19 01:44:15',NULL,NULL),(255,'vi','ar','Theo khu vực','حسب المنطقة','system','2026-01-19 01:44:15',NULL,NULL),(256,'vi','ar','Quản lý đường','إدارة الطرق','system','2026-01-19 01:44:15',NULL,NULL),(257,'vi','ar','Trang tổng quan','لوحة المعلومات','system','2026-01-19 01:44:15',NULL,NULL);
/*!40000 ALTER TABLE `dictionary` ENABLE KEYS */;
UNLOCK TABLES;

--
-- Table structure for table `v_area`
--

DROP TABLE IF EXISTS `v_area`;
/*!40101 SET @saved_cs_client     = @@character_set_client */;
/*!50503 SET character_set_client = utf8mb4 */;
CREATE TABLE `v_area` (
  `AREA_ID` bigint NOT NULL AUTO_INCREMENT COMMENT 'TRIAL',
  `AREA_CODE` varchar(255) CHARACTER SET utf8mb4 COLLATE utf8mb4_vietnamese_ci DEFAULT NULL COMMENT 'TRIAL',
  `AREA_NAME` varchar(255) CHARACTER SET utf8mb4 COLLATE utf8mb4_vietnamese_ci DEFAULT NULL COMMENT 'TRIAL',
  `AREA_ZONE` varchar(255) DEFAULT NULL COMMENT 'Vùng khu vực (Mô tả địa giới hành chính)',
  `AREA_COORDINATES` varchar(500) DEFAULT NULL COMMENT 'Danh sách các điểm tọa độ trên bản đồ',
  `COLOR_CODE` varchar(100) CHARACTER SET utf8mb3 COLLATE utf8mb3_general_ci DEFAULT NULL COMMENT 'Mã màu hiển thị cho khu vực',
  `DESCRIPTION` varchar(500) DEFAULT NULL COMMENT 'TRIAL',
  `IS_ACTIVE` bigint DEFAULT '1' COMMENT 'Trạng thái hoạt động\r\n   -1: Đã xóa   0: Không hoạt động\r\n  1: Đang hoạt động',
  `CREATED_BY` varchar(500) DEFAULT NULL COMMENT 'TRIAL',
  `created_date` datetime DEFAULT NULL,
  `MODIFIED_BY` varchar(500) DEFAULT NULL COMMENT 'TRIAL',
  `modified_date` datetime DEFAULT NULL,
  `optimal_accumulation` double DEFAULT NULL,
  PRIMARY KEY (`AREA_ID`)
) ENGINE=InnoDB AUTO_INCREMENT=1308628 DEFAULT CHARSET=utf8mb3 COMMENT='TRIAL';
/*!40101 SET character_set_client = @saved_cs_client */;

--
-- Dumping data for table `v_area`
--

LOCK TABLES `v_area` WRITE;
/*!40000 ALTER TABLE `v_area` DISABLE KEYS */;
INSERT INTO `v_area` VALUES (1308459,'Khu vực 1','Khu vực lạc lõng - cấm gán',NULL,NULL,NULL,'',1,'admin','2025-06-19 11:11:29','admin','2025-06-25 10:19:24',NULL),(1308555,'Khu vực Mỹ Đình - Nam Từ Liêm','Khu vực Mỹ Đình - Nam Từ Liêm','','','','',1,'admin','2025-09-22 03:52:42','admin','2025-10-06 02:51:14',NULL),(1308556,'Test Tuannv - 2209','Test Tuannv - 2209','','','','',1,'admin','2025-09-22 07:13:01','admin','2025-10-06 10:56:58',NULL),(1308557,'Nút giao check dữ liệu giám sát toàn cục','Nút giao check dữ liệu giám sát toàn cục','','','','',1,'admin','2025-09-22 08:01:29','admin','2025-10-14 04:06:30',NULL),(1308560,'Khu vực Phạm Văn Bạch_Duy Tân_VĐ2','[đừng sửa] Khu vực Phạm Văn Bạch_Duy Tân_VĐ2','','{\"105.76285833296077\":21.027854655392858,\"105.79297518762036\":21.022507868930816,\"105.79027585534271\":21.029713048561575,\"105.76464316067228\":21.03590126835283}','rgba(43, 110, 243, 1)','',1,'admin','2025-10-03 10:04:21','admin','2025-10-10 10:32:50',NULL),(1308565,'MyDinh001_thongnh11','[READONLY] Thongnh11 check điều khiển khu vực Hồ Tùng Mậu - Mỹ Đình','','{\"105.76722202154946\":21.040518262490252,\"105.77410993429919\":21.038815956090346,\"105.77224239143948\":21.032847039415742,\"105.7694503434443\":21.025486634699703,\"105.76159683545006\":21.027769927784504,\"105.76350763798371\":21.03508326036922}','rgba(238, 0, 51, 1)','Khu vực Thongnh11 tạo để test điều khiển theo khu vực PC + MP\nOK',1,'admin','2025-10-09 10:44:30','admin','2026-03-10 02:46:52',20000),(1308582,'hungnm99 - only me','hungnm99 - only me','hungnm99 - only me','{\"105.83466280179522\":21.036737230858307,\"105.75995645049278\":21.018745033877195,\"105.76005632529376\":21.03608470209194,\"105.83556167500547\":21.023051006679225}','rgba(39, 134, 55, 1)','hungnm99 - only me',1,'Hungnm99','2025-10-17 04:43:05','admin','2026-03-10 03:09:44',10),(1308591,'hapt','hapt','','{\"105.76032571237073\":21.03996076945438,\"105.80192127637656\":21.027453028437577,\"105.76783006670206\":21.014443864251405}','rgba(137, 121, 255, 1)','',1,'admin','2025-10-22 03:25:59','admin','2025-11-10 04:02:46',1222),(1308597,'loadingValidate','loadingValidate','loadingValidate','','','',-1,'Hungnm99','2025-11-04 09:12:01','Hungnm99','2025-11-04 09:12:01',NULL),(1308598,'disableSave','disableSave','disableSave','','','',-1,'Hungnm99','2025-11-04 09:22:55','Hungnm99','2025-11-04 09:22:55',NULL),(1308599,'12','check ánh','','{\"105.83255234019862\":21.03433020468674,\"105.83600962200546\":21.029987160382092,\"105.84107856901636\":21.032073778471798}','rgba(43, 110, 243, 1)','',1,'admin','2025-11-06 02:31:06','Hungnm99','2025-11-18 06:53:57',5000),(1308601,'1212414234','12','','{\"105.78511941751589\":21.03191254655512,\"105.78685132042699\":21.017767284113333,\"105.83000456796248\":21.023964421440184,\"105.82177802913378\":21.03662733570883}','rgba(89, 142, 245, 1)','',-1,'admin','2025-11-06 02:58:56','admin','2025-11-19 03:46:58',NULL),(1308602,'test123','test123','','','','',-1,'admin','2025-11-11 10:00:58','admin','2025-11-11 10:00:58',NULL),(1308603,'test123','test123','','','','',-1,'admin','2025-11-11 10:50:36','admin','2025-11-11 10:50:36',NULL),(1308604,'hung99','hung99','hung99','{\"105.8291045317057\":21.0340696418821,\"105.84056292861897\":21.033649055669457,\"105.8344045767198\":21.02846172810547}','rgba(43, 110, 243, 1)','',1,'Hungnm99','2025-11-11 10:58:24','Hungnm99','2025-11-24 09:04:58',1234),(1308605,'1h','1h','','{\"105.82375152232049\":21.033649021902306,\"105.82414873505616\":21.031424527069817,\"105.82679681995484\":21.02882924112828,\"105.83049928039372\":21.034309976327194,\"105.83779488891395\":21.03328855225641,\"105.83637494131392\":21.029590121189003}','rgba(43, 110, 243, 1)','',-1,'Hungnm99','2025-11-18 06:56:11','Hungnm99','2025-11-18 06:57:38',NULL),(1308606,'tuannv117 test','tuannv117 test','','{\"105.83208719576527\":21.03379367562856,\"105.8422795900209\":21.03315278069182,\"105.83876053179432\":21.027624947443897}','rgba(238, 0, 51, 1)','',1,'admin','2025-11-19 04:42:47','admin','2026-03-10 02:50:47',123),(1308607,'Khu vực không có lịch (ko đụng zô)','Khu vực không có lịch (ko đụng zô)','','{\"105.82932104436418\":21.03272552466393,\"105.83642353383675\":21.034708290132556,\"105.83881579570937\":21.032110515310322,\"105.82975019780775\":21.029909364029677}','rgba(43, 110, 243, 1)','',1,'admin','2025-11-20 08:28:49','admin','2025-11-20 08:29:03',NULL),(1308608,'123qlcl','Test','','{\"105.83467360586081\":21.03411203637357,\"105.83413716405789\":21.032746378985436,\"105.83795662969356\":21.031604774936284,\"105.83696957677807\":21.035009533083723}','rgba(89, 142, 245, 1)','',1,'admin','2025-11-20 08:58:36','admin','2025-12-30 04:46:00',15000),(1308609,'test delete area','test delete area','','{\"105.83414713228308\":21.034641838677786,\"105.83223739946112\":21.031399684612367,\"105.83931843126055\":21.029957643960145}','rgba(43, 110, 243, 1)','',1,'admin','2025-11-24 08:34:32','admin','2025-11-24 08:34:32',NULL),(1308610,'qrq','rửq','','{\"105.78821200472674\":21.028093381551344}','rgba(43, 110, 243, 1)','',-1,'admin','2025-11-25 09:07:48','admin','2025-11-25 09:07:48',NULL),(1308611,'AreaName','AreaCode','','{\"105.78909176928488\":21.026220687287903}','rgba(43, 110, 243, 1)','',-1,'admin','2025-11-25 10:20:04','admin','2025-11-25 10:20:04',NULL),(1308612,'AreaName','AreaName','','{\"105.78909176928488\":21.026220687287903}','rgba(43, 110, 243, 1)','',-1,'admin','2025-11-25 10:30:49','admin','2025-11-25 10:56:26',NULL),(1308613,'AreaCode','AreaName','','{\"105.78909176928488\":21.026220687287903}','rgba(43, 110, 243, 1)','',-1,'admin','2025-11-25 11:07:01','admin','2025-11-25 11:07:43',NULL),(1308614,'AreaCode','AreaName','','{\"105.78909176928488\":21.026220687287903}','rgba(43, 110, 243, 1)','',-1,'admin','2025-11-26 04:32:14','admin','2025-11-26 04:32:14',NULL),(1308615,'AreaCode','AreaName','','{\"105.78909176928488\":21.026220687287903}','rgba(43, 110, 243, 1)','',-1,'admin','2025-11-26 04:37:26','admin','2025-11-26 04:37:26',NULL),(1308616,'AreaCode','AreaName','','{\"105.78909176928488\":21.026220687287903}','rgba(43, 110, 243, 1)','',-1,'admin','2025-11-26 04:42:44','admin','2025-11-26 04:42:44',NULL),(1308617,'AreaCode','AreaName','','{\"105.78909176928488\":21.026220687287903}','rgba(43, 110, 243, 1)','',-1,'admin','2025-11-26 04:52:08','admin','2025-11-26 04:52:34',NULL),(1308618,'AreaCode','AreaName','','{\"105.78909176928488\":21.026220687287903}','rgba(43, 110, 243, 1)','',-1,'admin','2025-11-26 06:43:59','admin','2025-11-26 06:44:23',NULL),(1308619,'AreaCode','AreaName','','{\"105.78909176928488\":21.026220687287903}','rgba(43, 110, 243, 1)','',-1,'admin','2025-11-26 07:32:12','admin','2025-11-26 07:32:38',NULL),(1308620,'AreaCode','AreaName','','{\"105.78909176928488\":21.026220687287903}','rgba(43, 110, 243, 1)','',-1,'admin','2025-11-28 09:03:01','admin','2025-11-28 09:03:35',NULL),(1308621,'AreaCode','AreaName','','{\"105.78909176928488\":21.026220687287903}','rgba(43, 110, 243, 1)','',-1,'admin','2025-11-28 09:20:35','admin','2025-11-28 09:21:01',NULL),(1308622,'AreaCode','AreaName','','{\"105.78909176928488\":21.026220687287903}','rgba(43, 110, 243, 1)','',-1,'admin','2025-11-28 09:34:40','admin','2025-11-28 09:35:06',NULL),(1308623,'AreaCode','AreaName','','{\"105.78909176928488\":21.026220687287903}','rgba(43, 110, 243, 1)','',-1,'admin','2025-11-28 09:50:34','admin','2025-11-28 09:51:00',NULL),(1308624,'AreaCode','AreaName','','{\"105.78909176928488\":21.026220687287903}','rgba(43, 110, 243, 1)','',-1,'admin','2025-11-28 10:03:01','admin','2025-11-28 10:03:24',NULL),(1308625,'AreaCode','AreaName','','{\"105.78909176928488\":21.026220687287903}','rgba(43, 110, 243, 1)','',-1,'admin','2025-11-28 10:17:55','admin','2025-11-28 10:18:21',NULL),(1308626,'AreaCode','AreaName','','{\"105.78909176928488\":21.026220687287903}','rgba(43, 110, 243, 1)','',-1,'admin','2025-11-28 10:29:33','admin','2025-11-28 10:29:57',NULL),(1308627,'AreaCode','AreaName','','{\"105.78909176928488\":21.026220687287903}','rgba(43, 110, 243, 1)','',-1,'admin','2025-11-28 10:52:33','admin','2025-11-28 10:53:01',NULL);
/*!40000 ALTER TABLE `v_area` ENABLE KEYS */;
UNLOCK TABLES;

--
-- Table structure for table `v_area_cross`
--

DROP TABLE IF EXISTS `v_area_cross`;
/*!40101 SET @saved_cs_client     = @@character_set_client */;
/*!50503 SET character_set_client = utf8mb4 */;
CREATE TABLE `v_area_cross` (
  `id` bigint NOT NULL AUTO_INCREMENT,
  `is_active` int DEFAULT NULL,
  `area_id` bigint DEFAULT NULL,
  `cross_id` bigint DEFAULT NULL,
  `cycle_id` bigint DEFAULT NULL,
  `type` int DEFAULT NULL COMMENT 'Loại nút giao: \r\n1. Nút chính\r\n- \r\n2. Nút tại biên',
  `description` varchar(500) DEFAULT NULL,
  `created_by` varchar(500) DEFAULT NULL,
  `created_date` datetime DEFAULT NULL,
  `modified_by` varchar(500) DEFAULT NULL,
  `modified_date` datetime DEFAULT NULL,
  `control_mode` int DEFAULT NULL,
  `main_phase` int DEFAULT NULL,
  PRIMARY KEY (`id`)
) ENGINE=InnoDB AUTO_INCREMENT=1979 DEFAULT CHARSET=utf8mb4 COLLATE=utf8mb4_0900_ai_ci;
/*!40101 SET character_set_client = @saved_cs_client */;

--
-- Dumping data for table `v_area_cross`
--

LOCK TABLES `v_area_cross` WRITE;
/*!40000 ALTER TABLE `v_area_cross` DISABLE KEYS */;
INSERT INTO `v_area_cross` VALUES (1620,1,1308555,230,554,1,'','admin','2025-09-24 07:45:48','admin','2025-09-24 07:45:48',NULL,NULL),(1621,1,1308555,218,568,1,'','admin','2025-09-24 07:45:48','admin','2025-09-24 07:45:48',NULL,NULL),(1622,1,1308555,292,560,1,'','admin','2025-09-24 07:45:48','admin','2025-09-24 07:45:48',NULL,NULL),(1623,1,1308555,191,567,1,'','admin','2025-09-24 07:45:48','admin','2025-09-24 07:45:48',NULL,NULL),(1624,1,1308556,20,65,2,'','admin','2025-09-24 09:29:34','admin','2025-09-24 09:29:34',NULL,NULL),(1625,1,1308556,191,567,2,'','admin','2025-09-24 09:29:34','admin','2025-09-24 09:29:34',NULL,NULL),(1626,1,1308556,292,560,2,'','admin','2025-09-24 09:29:34','admin','2025-09-24 09:29:34',NULL,NULL),(1627,1,1308556,296,588,2,'','admin','2025-09-24 09:29:34','admin','2025-09-24 09:29:34',NULL,NULL),(1628,1,1308556,310,589,2,'','admin','2025-09-24 09:29:34','admin','2025-09-24 09:29:34',NULL,NULL),(1764,1,1308557,230,554,1,'','admin','2025-10-01 09:51:29','admin','2025-10-01 09:51:29',8,NULL),(1765,1,1308557,292,560,1,'','admin','2025-10-01 09:51:29','admin','2025-10-14 04:00:51',8,NULL),(1766,1,1308557,191,567,1,'','admin','2025-10-01 09:51:29','admin','2025-10-01 09:51:29',8,NULL),(1767,1,1308557,305,587,1,'','admin','2025-10-01 09:51:29','admin','2025-10-01 09:51:29',9,NULL),(1778,NULL,NULL,230,554,2,'111111111111111','Hungnm99','2025-10-02 09:09:01','Hungnm99','2025-10-02 09:35:14',NULL,NULL),(1782,NULL,NULL,310,589,1,'','Hungnm99','2025-10-02 09:23:21','Hungnm99','2025-10-02 09:23:21',NULL,NULL),(1783,NULL,NULL,191,567,1,'','Hungnm99','2025-10-02 09:23:21','Hungnm99','2025-10-02 09:23:21',NULL,NULL),(1784,NULL,NULL,310,589,1,'','Hungnm99','2025-10-02 09:24:59','Hungnm99','2025-10-02 09:24:59',NULL,NULL),(1785,NULL,NULL,191,567,1,'','Hungnm99','2025-10-02 09:24:59','Hungnm99','2025-10-02 09:24:59',NULL,NULL),(1786,NULL,NULL,230,554,2,'','Hungnm99','2025-10-02 09:26:38','Hungnm99','2025-10-02 09:26:38',NULL,NULL),(1787,NULL,NULL,230,554,2,'11111111111111111','Hungnm99','2025-10-02 09:28:30','Hungnm99','2025-10-02 09:28:30',NULL,NULL),(1788,NULL,NULL,230,554,2,'111111111111111111','Hungnm99','2025-10-02 09:31:16','Hungnm99','2025-10-02 09:31:16',NULL,NULL),(1789,NULL,NULL,230,554,2,'','Hungnm99','2025-10-02 09:34:15','Hungnm99','2025-10-02 09:34:15',NULL,NULL),(1791,1,1308560,312,595,1,'','admin','2025-10-03 10:04:21','admin','2025-10-03 10:04:21',8,1018),(1792,1,1308560,230,554,1,'','admin','2025-10-03 10:04:21','admin','2025-10-10 10:32:50',9,933),(1804,1,1308565,347,615,2,'','admin','2025-10-09 10:44:30','admin','2025-10-09 10:44:30',9,1054),(1805,1,1308565,343,616,2,'','admin','2025-10-09 10:44:30','admin','2025-10-09 10:44:30',9,1056),(1806,1,1308565,320,617,1,'','admin','2025-10-09 10:44:30','admin','2025-10-09 10:44:30',8,1059),(1807,1,1308565,319,618,1,'','admin','2025-10-09 10:44:30','admin','2025-10-09 10:44:30',8,1062),(1808,1,1308565,318,619,2,'','admin','2025-10-09 10:44:30','admin','2025-10-09 10:44:30',9,1065),(1809,1,1308565,317,620,2,'','admin','2025-10-09 10:44:30','admin','2025-10-09 10:44:30',9,1068),(1871,1,1308582,191,567,1,'','Hungnm99','2025-10-17 04:43:05','admin','2025-10-28 10:16:38',9,963),(1872,1,1308582,292,559,1,'','Hungnm99','2025-10-17 04:43:05','admin','2025-10-28 10:16:38',9,939),(1890,1,1308591,292,560,1,'','admin','2025-10-22 03:25:59','admin','2025-11-10 04:02:46',9,949),(1891,1,1308591,230,554,1,'','admin','2025-10-22 03:25:59','admin','2025-11-10 03:59:19',8,NULL),(1906,1,1308591,312,591,1,'','admin','2025-10-26 10:15:45','admin','2025-11-10 03:59:19',8,NULL),(1907,-1,1308591,191,567,1,'','admin','2025-10-29 10:18:23','admin','2025-10-29 10:18:23',9,963),(1908,-1,1308591,191,567,1,'','admin','2025-10-29 10:21:37','admin','2025-10-29 10:21:37',9,963),(1909,-1,1308591,191,567,1,'','admin','2025-10-29 10:22:25','admin','2025-10-29 10:22:25',8,NULL),(1915,-1,1308597,361,646,1,'','Hungnm99','2025-11-04 09:12:01','Hungnm99','2025-11-04 09:12:01',8,NULL),(1916,-1,1308597,360,645,1,'','Hungnm99','2025-11-04 09:12:01','Hungnm99','2025-11-04 09:12:01',8,NULL),(1917,-1,1308598,361,646,1,'','Hungnm99','2025-11-04 09:22:55','Hungnm99','2025-11-04 09:22:55',8,NULL),(1918,-1,1308598,360,645,1,'','Hungnm99','2025-11-04 09:22:55','Hungnm99','2025-11-04 09:22:55',8,NULL),(1919,1,1308599,358,644,1,'','admin','2025-11-06 02:31:06','admin','2025-11-06 02:31:06',9,1100),(1920,1,1308599,361,646,1,'','admin','2025-11-06 02:31:06','admin','2025-11-06 02:31:06',9,1104),(1923,-1,1308601,373,686,1,'','admin','2025-11-06 02:58:56','admin','2025-11-06 02:58:56',8,NULL),(1924,-1,1308601,365,700,1,'','admin','2025-11-06 02:58:56','admin','2025-11-19 03:46:58',8,NULL),(1925,-1,1308601,296,588,1,'','admin','2025-11-10 04:10:55','admin','2025-11-10 04:10:55',8,NULL),(1926,-1,1308602,373,686,1,'','admin','2025-11-11 10:00:58','admin','2025-11-11 10:00:58',8,NULL),(1927,-1,1308602,365,656,1,'','admin','2025-11-11 10:00:58','admin','2025-11-11 10:00:58',8,NULL),(1928,-1,1308603,373,686,1,'','admin','2025-11-11 10:50:36','admin','2025-11-11 10:50:36',8,NULL),(1929,-1,1308603,365,656,1,'','admin','2025-11-11 10:50:36','admin','2025-11-11 10:50:36',8,NULL),(1930,1,1308604,373,686,1,'','Hungnm99','2025-11-11 10:58:24','admin','2025-11-17 08:01:52',9,1176),(1931,1,1308604,365,656,1,'','Hungnm99','2025-11-11 10:58:24','Hungnm99','2025-11-11 10:58:24',8,NULL),(1932,-1,1308605,373,686,1,'','Hungnm99','2025-11-18 06:56:11','Hungnm99','2025-11-18 06:56:11',8,NULL),(1933,-1,1308605,365,656,1,'','Hungnm99','2025-11-18 06:56:11','Hungnm99','2025-11-18 06:56:11',8,NULL),(1934,1,1308606,33000000101002,695,1,'','admin','2025-11-19 04:42:47','admin','2025-11-19 04:42:47',9,1188),(1935,1,1308606,366,664,1,'','admin','2025-11-19 04:42:47','admin','2025-11-19 04:42:47',8,NULL),(1936,1,1308607,362,673,2,'','admin','2025-11-20 08:28:49','admin','2025-11-20 08:28:49',8,NULL),(1937,1,1308607,198,454,1,'','admin','2025-11-20 08:28:49','admin','2025-11-20 08:28:49',8,NULL),(1938,1,1308608,373,696,2,'','admin','2025-11-20 08:58:36','admin','2025-11-20 08:58:36',8,NULL),(1939,1,1308608,365,656,1,'','admin','2025-11-20 08:58:36','admin','2025-11-20 08:58:36',8,NULL),(1940,1,1308609,33000000101002,695,1,'','admin','2025-11-24 08:34:32','admin','2025-11-24 08:34:32',8,NULL),(1941,1,1308609,366,664,1,'','admin','2025-11-24 08:34:32','admin','2025-11-24 08:34:32',8,NULL),(1942,-1,1308610,33000000101002,695,1,'','admin','2025-11-25 09:07:48','admin','2025-11-25 09:07:48',8,NULL),(1943,-1,1308610,366,664,1,'','admin','2025-11-25 09:07:48','admin','2025-11-25 09:07:48',8,NULL),(1944,-1,1308611,347,609,1,'','admin','2025-11-25 10:20:04','admin','2025-11-25 10:20:04',8,NULL),(1945,-1,1308611,320,611,1,'','admin','2025-11-25 10:20:04','admin','2025-11-25 10:20:04',8,NULL),(1946,-1,1308612,347,609,1,'','admin','2025-11-25 10:30:49','admin','2025-11-25 10:30:49',8,NULL),(1947,-1,1308612,320,611,1,'','admin','2025-11-25 10:30:49','admin','2025-11-25 10:30:49',8,NULL),(1948,-1,1308613,347,609,1,'','admin','2025-11-25 11:07:01','admin','2025-11-25 11:07:01',8,NULL),(1949,-1,1308613,320,611,1,'','admin','2025-11-25 11:07:01','admin','2025-11-25 11:07:01',8,NULL),(1950,-1,1308614,347,609,1,'','admin','2025-11-26 04:32:14','admin','2025-11-26 04:32:14',8,NULL),(1951,-1,1308614,320,611,1,'','admin','2025-11-26 04:32:14','admin','2025-11-26 04:32:14',8,NULL),(1952,-1,1308615,347,609,1,'','admin','2025-11-26 04:37:26','admin','2025-11-26 04:37:26',8,NULL),(1953,-1,1308615,320,611,1,'','admin','2025-11-26 04:37:26','admin','2025-11-26 04:37:26',8,NULL),(1954,-1,1308616,347,609,1,'','admin','2025-11-26 04:42:44','admin','2025-11-26 04:42:44',8,NULL),(1955,-1,1308616,320,611,1,'','admin','2025-11-26 04:42:44','admin','2025-11-26 04:42:44',8,NULL),(1956,-1,1308617,347,609,1,'','admin','2025-11-26 04:52:08','admin','2025-11-26 04:52:08',8,NULL),(1957,-1,1308617,320,611,1,'','admin','2025-11-26 04:52:08','admin','2025-11-26 04:52:08',8,NULL),(1958,-1,1308618,347,609,1,'','admin','2025-11-26 06:43:59','admin','2025-11-26 06:43:59',8,NULL),(1959,-1,1308618,320,611,1,'','admin','2025-11-26 06:43:59','admin','2025-11-26 06:43:59',8,NULL),(1960,1,1308608,33000000101003,706,1,'','admin','2025-11-26 07:15:00','admin','2025-11-26 07:15:00',9,1194),(1961,-1,1308619,347,609,1,'','admin','2025-11-26 07:32:12','admin','2025-11-26 07:32:12',8,NULL),(1962,-1,1308619,320,611,1,'','admin','2025-11-26 07:32:12','admin','2025-11-26 07:32:12',8,NULL),(1963,-1,1308620,347,609,1,'','admin','2025-11-28 09:03:01','admin','2025-11-28 09:03:01',8,NULL),(1964,-1,1308620,320,611,1,'','admin','2025-11-28 09:03:01','admin','2025-11-28 09:03:01',8,NULL),(1965,-1,1308621,347,609,1,'','admin','2025-11-28 09:20:35','admin','2025-11-28 09:20:35',8,NULL),(1966,-1,1308621,320,611,1,'','admin','2025-11-28 09:20:35','admin','2025-11-28 09:20:35',8,NULL),(1967,-1,1308622,347,609,1,'','admin','2025-11-28 09:34:40','admin','2025-11-28 09:34:40',8,NULL),(1968,-1,1308622,320,611,1,'','admin','2025-11-28 09:34:40','admin','2025-11-28 09:34:40',8,NULL),(1969,-1,1308623,347,609,1,'','admin','2025-11-28 09:50:34','admin','2025-11-28 09:50:34',8,NULL),(1970,-1,1308623,320,611,1,'','admin','2025-11-28 09:50:34','admin','2025-11-28 09:50:34',8,NULL),(1971,-1,1308624,347,609,1,'','admin','2025-11-28 10:03:01','admin','2025-11-28 10:03:01',8,NULL),(1972,-1,1308624,320,611,1,'','admin','2025-11-28 10:03:01','admin','2025-11-28 10:03:01',8,NULL),(1973,-1,1308625,347,609,1,'','admin','2025-11-28 10:17:55','admin','2025-11-28 10:17:55',8,NULL),(1974,-1,1308625,320,611,1,'','admin','2025-11-28 10:17:55','admin','2025-11-28 10:17:55',8,NULL),(1975,-1,1308626,347,609,1,'','admin','2025-11-28 10:29:33','admin','2025-11-28 10:29:33',8,NULL),(1976,-1,1308626,320,611,1,'','admin','2025-11-28 10:29:33','admin','2025-11-28 10:29:33',8,NULL),(1977,-1,1308627,347,609,1,'','admin','2025-11-28 10:52:33','admin','2025-11-28 10:52:33',8,NULL),(1978,-1,1308627,320,611,1,'','admin','2025-11-28 10:52:34','admin','2025-11-28 10:52:34',8,NULL);
/*!40000 ALTER TABLE `v_area_cross` ENABLE KEYS */;
UNLOCK TABLES;

--
-- Table structure for table `v_camera`
--

DROP TABLE IF EXISTS `v_camera`;
/*!40101 SET @saved_cs_client     = @@character_set_client */;
/*!50503 SET character_set_client = utf8mb4 */;
CREATE TABLE `v_camera` (
  `CAM_ID` bigint NOT NULL AUTO_INCREMENT COMMENT 'TRIAL',
  `IS_ACTIVE` tinyint(1) DEFAULT '1' COMMENT 'TRIAL',
  `ROAD_ID` bigint NOT NULL,
  `AREA_ID` bigint DEFAULT NULL COMMENT 'TRIAL',
  `CAM_CODE` varchar(100) CHARACTER SET utf8mb3 COLLATE utf8mb3_general_ci DEFAULT NULL COMMENT 'TRIAL',
  `CAM_NAME` varchar(500) CHARACTER SET utf8mb3 COLLATE utf8mb3_general_ci DEFAULT NULL COMMENT 'TRIAL',
  `BRANCH` varchar(200) CHARACTER SET utf8mb3 COLLATE utf8mb3_general_ci DEFAULT NULL COMMENT 'TRIAL',
  `ORIGIN` varchar(200) CHARACTER SET utf8mb3 COLLATE utf8mb3_general_ci DEFAULT NULL COMMENT 'TRIAL',
  `DESCRIPTION` varchar(500) CHARACTER SET utf8mb3 COLLATE utf8mb3_general_ci DEFAULT NULL COMMENT 'TRIAL',
  `CREATED_BY` varchar(500) CHARACTER SET utf8mb3 COLLATE utf8mb3_general_ci DEFAULT NULL COMMENT 'TRIAL',
  `CREATED_DATE` datetime DEFAULT NULL,
  `MODIFIED_BY` varchar(500) CHARACTER SET utf8mb3 COLLATE utf8mb3_general_ci DEFAULT NULL COMMENT 'TRIAL',
  `MODIFIED_DATE` datetime DEFAULT NULL,
  `STATUS` bigint DEFAULT '1' COMMENT 'TRIAL',
  `LOCATION` varchar(50) CHARACTER SET utf8mb3 COLLATE utf8mb3_general_ci DEFAULT NULL COMMENT 'TRIAL',
  `URL_LIVE_STREAM` varchar(500) CHARACTER SET utf8mb3 COLLATE utf8mb3_general_ci DEFAULT NULL COMMENT 'TRIAL',
  `URL_SFTP` varchar(100) CHARACTER SET utf8mb3 COLLATE utf8mb3_general_ci DEFAULT NULL COMMENT 'TRIAL',
  `LOCATION_REAL_NAME` varchar(1000) CHARACTER SET utf8mb3 COLLATE utf8mb3_general_ci DEFAULT NULL COMMENT 'TRIAL',
  `LOCATION_IMAGE` longtext CHARACTER SET utf8mb3 COLLATE utf8mb3_general_ci COMMENT 'TRIAL',
  `DIRECTION` varchar(500) CHARACTER SET utf8mb3 COLLATE utf8mb3_general_ci DEFAULT NULL COMMENT 'hướng giám sát',
  `DIRECTION_NUMBER` int DEFAULT NULL,
  `DIRECTION_OF_SUPERVISION` varchar(255) CHARACTER SET utf8mb4 COLLATE utf8mb4_general_ci DEFAULT NULL COMMENT 'hướng giám sát',
  `TYPE` varchar(100) CHARACTER SET utf8mb3 COLLATE utf8mb3_general_ci DEFAULT NULL,
  `EXTERNAL_ID` varchar(100) CHARACTER SET utf8mb3 COLLATE utf8mb3_general_ci DEFAULT NULL COMMENT 'ID_CAMERA_VMS',
  `URL_TIMELINE` varchar(500) CHARACTER SET utf8mb3 COLLATE utf8mb3_general_ci DEFAULT NULL,
  `PHYSICAL_DIRECTION` varchar(5000) CHARACTER SET utf8mb4 COLLATE utf8mb4_general_ci DEFAULT NULL,
  `URL_THUMBNAIL` varchar(1000) CHARACTER SET utf8mb4 COLLATE utf8mb4_general_ci DEFAULT NULL,
  `CHANNEL_ID` varchar(1000) CHARACTER SET utf8mb4 COLLATE utf8mb4_general_ci DEFAULT NULL,
  `FLOW_SECOND_LOCATION` varchar(1000) CHARACTER SET utf8mb4 COLLATE utf8mb4_general_ci DEFAULT NULL,
  `URL_HLS` varchar(1000) CHARACTER SET utf8mb4 COLLATE utf8mb4_general_ci DEFAULT NULL COMMENT 'Lấy dữ liệu lưu lượng TrafficLight',
  `IP` varchar(255) CHARACTER SET utf8mb4 COLLATE utf8mb4_general_ci DEFAULT NULL COMMENT 'PHI TẠO - k dung nua -> xoa',
  `device_type_id` bigint NOT NULL COMMENT 'loai camera',
  `vms_live_status` int DEFAULT '1' COMMENT 'connect status của cam',
  `data_account` varchar(255) CHARACTER SET utf8mb4 COLLATE utf8mb4_general_ci DEFAULT NULL,
  `data_password` varchar(255) CHARACTER SET utf8mb4 COLLATE utf8mb4_general_ci DEFAULT NULL,
  PRIMARY KEY (`CAM_ID`)
) ENGINE=InnoDB AUTO_INCREMENT=10000563 DEFAULT CHARSET=utf8mb4 COLLATE=utf8mb4_general_ci COMMENT='TRIAL';
/*!40101 SET character_set_client = @saved_cs_client */;

--
-- Dumping data for table `v_camera`
--

LOCK TABLES `v_camera` WRITE;
/*!40000 ALTER TABLE `v_camera` DISABLE KEYS */;
INSERT INTO `v_camera` VALUES (10000395,1,1048,NULL,'asdfasd','asdfas','','','','admin','2025-08-20 14:05:46','admin','2025-08-20 14:05:46',NULL,'21.02850137584187,105.85551083334292','',NULL,'2VH4+C6Q, P. Lý Thái Tổ, Phường Hoàn Kiếm, Thành phố Hà Nội',NULL,'asdfasd',2,NULL,NULL,'SwAXjoYrGH','','south-west',NULL,NULL,NULL,'',NULL,20,0,NULL,NULL),(10000427,1,1121,NULL,'asdfasdf','asdfasdf','asdf','asdfasdf','','admin','2025-09-13 12:12:50','admin','2025-09-23 04:37:56',NULL,'21.026150183359235,105.78831506613204','',NULL,'Phạm Văn Bạch, Phường Cầu Giấy, Thành phố Hà Nội',NULL,'asdfasd',2,'2',NULL,'NvzF8tSmIK','',NULL,NULL,NULL,NULL,'',NULL,22,0,NULL,NULL),(10000428,1,1132,NULL,'qưerqwer','qưerqwer','1234','1234','','admin','2025-09-15 08:29:29','admin','2025-09-19 08:53:58',NULL,'21.025228848768364,105.7887442195755','',NULL,'Toà Nhà Mobifone - Lô VP1, P. Phạm Văn Bạch, Phường Cầu Giấy, Thành phố Hà Nội',NULL,'21341234',0,NULL,NULL,'Mp8IWdHsyy','',NULL,NULL,NULL,NULL,'',NULL,22,0,NULL,NULL),(10000431,1,1140,NULL,'cam1','cam1','','','','admin','2025-09-16 07:26:13','admin','2025-09-23 04:42:05',NULL,'21.02322592783726,105.78992439154251','',NULL,'Mễ Trì, Phường Cầu Giấy, Thành phố Hà Nội',NULL,'123',2,'2',NULL,'mmRHDzusqk','',NULL,NULL,NULL,NULL,'',NULL,22,0,NULL,NULL),(10000432,1,1141,NULL,'312','123','','','','admin','2025-09-16 07:26:29','admin','2025-09-19 08:53:58',NULL,'21.025349023167976,105.78872276190361','',NULL,'2QGQ+4CV, P. Phạm Văn Bạch, Phường Cầu Giấy, Thành phố Hà Nội',NULL,'123',4,NULL,NULL,'uPacimjqFc','',NULL,NULL,NULL,NULL,'',NULL,22,0,NULL,NULL),(10000433,1,1151,NULL,'31232','123113','','','','admin','2025-09-16 07:26:52','Hungnm99','2025-10-14 09:22:49',NULL,'21.023786748410572,105.78968835714795','',NULL,'Số 10 Trần Thái Tông, Phường Cầu Giấy, Thành phố Hà Nội',NULL,'12312312',3,NULL,NULL,'0NLNwBmNOk','',NULL,NULL,NULL,NULL,'',NULL,21,1,NULL,NULL),(10000434,1,1151,NULL,'êtrt','ểtrt','','','','admin','2025-09-16 08:26:53','Hungnm99','2025-10-14 09:22:49',NULL,'21.023306045191205,105.78996730688624','',NULL,'Tầng 5, Tòa Tháp Ngôi Sao, Khu Đô Thị Mới Quận Cầu Giấy, Dương Đình Nghệ, Phường Cầu Giấy, Thành phố Hà Nội',NULL,'et',3,NULL,NULL,'QgwIinq9UI','',NULL,NULL,NULL,NULL,'',NULL,22,1,NULL,NULL),(10000435,-1,1165,NULL,'b0cdb3fa1120','ITS_LLGT_Phạm Văn Bạch - Báo Lao Động','','','','admin','2025-10-02 03:39:56','Hungnm99','2025-10-14 09:22:49',NULL,'21.02326598652003,105.79001022223008','rtsp://rec02-its.vtscloud.vn:443/evup/1751249337/b0cdb3fa1118xyzru94FFYUzC',NULL,'Tầng 5, Tòa Tháp Ngôi Sao, Khu Đô Thị Mới Quận Cầu Giấy, Dương Đình Nghệ, Phường Cầu Giấy, Thành phố Hà Nội',NULL,'ITS_LLGT_Phạm Văn Bạch - Báo Lao Động',0,NULL,NULL,'b0cdb3fa11','rtsp://rec02-its.vtscloud.vn:443/evup/1751249337/b0cdb3fa1118xyzru94FFYUzC',NULL,NULL,NULL,NULL,'',NULL,19,1,NULL,NULL),(10000436,-1,1165,NULL,'ITS_TD_Phạm Văn Bạch - Viện Huyết Học','ITS_TD_Phạm Văn Bạch - Viện Huyết Học',NULL,NULL,NULL,'admin','2025-10-02 03:39:56','Hungnm99','2025-10-14 09:22:49',NULL,'21.02046467522989,105.79159993165814','rtsp://admin:admin123@117.0.0.18:5559/cam/realmonitor?channel=1&subtype=1',NULL,'Central Point, 219 P. Trung Kính, Phường Yên Hòa, Thành phố Hà Nội',NULL,'ITS_TD_Phạm Văn Bạch - Viện Huyết Học',0,NULL,NULL,'b0cdb3fa11','rtsp://admin:admin123@117.0.0.18:5559/cam/realmonitor?channel=1&subtype=1',NULL,NULL,NULL,NULL,NULL,NULL,19,1,NULL,NULL),(10000437,-1,1165,NULL,'ITS_VPGT_Phạm Văn Bạch - Viện Huyết Học','ITS_VPGT_Phạm Văn Bạch - Viện Huyết Học',NULL,NULL,NULL,'admin','2025-10-02 03:39:56','Hungnm99','2025-10-14 09:22:49',NULL,'21.02286343172794,105.790346775991','rtsp://rec02-its.vtscloud.vn:443/evup/1751249337/b0cdb3fa1117xyzmf6bkupiXA',NULL,'Trung Kính, Phường Yên Hòa, Thành phố Hà Nội',NULL,'ITS_VPGT_Phạm Văn Bạch - Viện Huyết Học',0,NULL,NULL,'b0cdb3fa11','https://rec02-its.vtscloud.vn:443/playback/view/b0cdb3fa1121xyzHVC4HsQFPc',NULL,NULL,NULL,NULL,'http://117.0.0.18:8081/cgi-bin/eventManager.cgi?action=attach&codes=[TrafficFlowStat]',NULL,19,1,NULL,NULL),(10000438,1,1166,NULL,'Cam1','Cam1','ádf','ádf','','Duybt4','2025-10-03 04:13:30','admin','2025-10-29 04:42:29',NULL,'21.036695737118464,105.77984341471051','',NULL,'Hồ Tùng Mậu, Phường Phú Diễn, Thành phố Hà Nội',NULL,'ádfádf',2,NULL,NULL,'1234','',NULL,NULL,NULL,NULL,'',NULL,21,1,NULL,NULL),(10000439,1,1166,NULL,'Cam2','Cam2','','zxcv','','Duybt4','2025-10-03 04:13:30','admin','2025-10-29 04:42:29',NULL,'21.03688992510422,105.78038324553586','',NULL,'Phường Phú Diễn, Thành phố Hà Nội',NULL,'ádfádf',2,NULL,NULL,'sadgdcv','',NULL,NULL,NULL,NULL,'',NULL,22,1,NULL,NULL),(10000440,1,1167,NULL,'Cam 3','Cam 3','','','','Duybt4','2025-10-03 04:14:56','admin','2025-10-29 04:42:29',NULL,'21.037692572998992,105.78083370276022','',NULL,'Phường Cầu Giấy, Thành phố Hà Nội',NULL,'qưẻqưẻ',0,NULL,NULL,'ưqẻ','',NULL,NULL,NULL,NULL,'',NULL,22,1,NULL,NULL),(10000441,1,1168,NULL,'Cam5','Cam5','','','','Duybt4','2025-10-03 04:16:26','Duybt4','2025-10-03 04:16:26',NULL,'21.03518826698236,105.78049644361596','',NULL,'Phạm Hùng, Phường Cầu Giấy, Thành phố Hà Nội',NULL,'sadfá',4,NULL,NULL,'Cam5','',NULL,NULL,NULL,NULL,'',NULL,21,1,NULL,NULL),(10000442,1,1169,NULL,'Cam1 - Dương Đình Nghệ','Cam1 - Dương Đình Nghệ','','','','admin','2025-10-03 04:52:18','admin','2025-10-29 04:11:03',NULL,'21.023285150781895, 105.79002124912355','',NULL,'Tầng 5, Tòa Tháp Ngôi Sao, Khu Đô Thị Mới Quận Cầu Giấy, Dương Đình Nghệ, Phường Cầu Giấy, Thành phố Hà Nội',NULL,'Hướng Vành đai 2',5,NULL,NULL,'','',NULL,NULL,NULL,NULL,'',NULL,19,1,NULL,NULL),(10000443,1,1170,NULL,'Cam1 - Đường PVB hướng Dương Đinh Nghệ','Cam1 - Đường PVB hướng Dương Đinh Nghệ','','','','admin','2025-10-03 04:56:54','admin','2025-10-03 04:56:54',NULL,'21.02348502459705, 105.78987118311828','',NULL,'Mễ Trì, Phường Cầu Giấy, Thành phố Hà Nội',NULL,'Hướng Vành đai 2.5',3,NULL,NULL,'','',NULL,NULL,NULL,NULL,'',NULL,19,1,NULL,NULL),(10000444,1,1172,NULL,'Cam đường Dương Đình Nghệ - hướng về hải quan','Cam đường Dương Đình Nghệ - hướng về hải quan','','','','admin','2025-10-03 06:46:29','admin','2025-10-29 04:11:03',NULL,'21.023563994362917,105.79079970775746','',NULL,'Tổ 49, Mễ Trì, Phường Yên Hòa, Thành phố Hà Nội',NULL,'HQ',6,NULL,NULL,'','',NULL,NULL,NULL,NULL,'',NULL,19,1,NULL,NULL),(10000445,1,1173,NULL,'Cam Duy Tân','Cam Duy Tân','','','','admin','2025-10-03 07:30:02','admin','2025-10-03 07:30:02',NULL,'21.030290636809248, 105.78804171247317','',NULL,'D11- Nguyễn Phong Sắc, Phường Cầu Giấy, Thành phố Hà Nội',NULL,'Hướng Thành Thái',2,NULL,NULL,'','',NULL,NULL,NULL,NULL,'',NULL,19,1,NULL,NULL),(10000446,1,1174,NULL,'Cam Thành Thái','Cam Thành Thái','','','','admin','2025-10-03 07:32:07','admin','2025-10-03 07:32:07',NULL,'21.030122273023807,105.78857815427028','',NULL,'6 P. Thành Thái, Phường Cầu Giấy, Thành phố Hà Nội',NULL,'Duy Tân',6,NULL,NULL,'','',NULL,NULL,NULL,NULL,'',NULL,19,1,NULL,NULL),(10000447,1,1175,NULL,'Cam vành đai 2.5 - Thành Thái','Cam vành đai 2.5 - Thành Thái','','','','admin','2025-10-03 07:34:45','admin','2025-10-16 07:06:43',NULL,'21.030496866542492,105.7881704585044','',NULL,'Trần Thái Tông, Phường Cầu Giấy, Thành phố Hà Nội',NULL,'Cam vành đai 2.5 - Thành Thái',0,NULL,NULL,'','',NULL,NULL,NULL,NULL,'',NULL,19,1,NULL,NULL),(10000448,1,1176,NULL,'Cam Thành Thái','Cam Thành Thái','','','','admin','2025-10-03 07:36:21','admin','2025-10-16 07:00:20',NULL,'21.03057669545973,105.78817318496613','',NULL,'Trần Thái Tông, Phường Cầu Giấy, Thành phố Hà Nội',NULL,'Hướng vành đai 2.5',7,NULL,NULL,'','',NULL,NULL,NULL,NULL,'',NULL,19,1,NULL,NULL),(10000449,1,1177,NULL,'Cam 1 - Xuân Thủy 2','Cam 1 - Xuân Thủy 2','','','','Duybt4','2025-10-03 07:54:28','Duybt4','2025-10-03 07:54:28',NULL,'21.035801019086904,105.79148010319915','',NULL,'343 Cầu Giấy, Phường Cầu Giấy, Thành phố Hà Nội',NULL,'Hướng về Cầu Giấy',6,NULL,NULL,'','',NULL,NULL,NULL,NULL,'',NULL,20,1,NULL,NULL),(10000450,1,1178,NULL,'Cam 1 - Trần Quý Kiên','Cam 1 - Trần Quý Kiên','','','sadf','Duybt4','2025-10-03 07:55:58','admin','2025-10-30 12:38:15',NULL,'21.03602126515841,105.79155201742117','',NULL,'Phường Cầu Giấy, Thành phố Hà Nội',NULL,'Hướng Trần Quý Kiên',5,NULL,NULL,'','',NULL,NULL,NULL,NULL,'',NULL,20,1,NULL,NULL),(10000451,1,1179,NULL,'Cam 1 - Xuân Thủy 3','Cam 1 - Xuân Thủy 3','','','','Duybt4','2025-10-03 07:57:48','Duybt4','2025-10-03 07:57:48',NULL,'21.035813249043358,105.79151149792409','',NULL,'343 Cầu Giấy, Phường Cầu Giấy, Thành phố Hà Nội',NULL,'Hướng Cầu Giấy 3',2,NULL,NULL,'','',NULL,NULL,NULL,NULL,'',NULL,20,1,NULL,NULL),(10000452,1,1171,NULL,'Đường Vành Đai 2.5','Đường Vành Đai 2.5','','','','admin','2025-10-03 08:07:20','admin','2025-10-29 04:11:03',NULL,'21.026256761979017, 105.78827758185766','',NULL,'Phạm Văn Bạch, Phường Cầu Giấy, Thành phố Hà Nội',NULL,'v',1,NULL,NULL,'','',NULL,NULL,NULL,NULL,'',NULL,19,1,NULL,NULL),(10000453,1,1162,NULL,'Cam Phạm Văn Bạch - Báo Lao động','Cam Phạm Văn Bạch - Báo Lao động','','','','admin','2025-10-03 09:00:08','Hungnm99','2025-10-14 09:22:49',NULL,'21.024600770219255, 105.78987154054703','',NULL,'Số 6 P. Phạm Văn Bạch, Phường Cầu Giấy, Thành phố Hà Nội',NULL,'Tây Nam',7,NULL,NULL,'','',NULL,NULL,NULL,NULL,'',NULL,19,1,NULL,NULL),(10000454,1,1163,NULL,'Cam Phạm Văn Bạch Viện Huyết học','Cam Phạm Văn Bạch Viện Huyết học','','','','admin','2025-10-03 09:01:14','Hungnm99','2025-10-14 09:22:04',NULL,'21.02461964187111, 105.78899325009789','',NULL,'01 P. Phạm Văn Bạch, Phường Cầu Giấy, Thành phố Hà Nội',NULL,'Đông Bắc',2,NULL,NULL,'','',NULL,NULL,NULL,NULL,'',NULL,19,1,NULL,NULL),(10000455,1,1164,NULL,'Cam Hoàng Quán Chi - Đại sứ quán Mỹ','Cam Hoàng Quán Chi - Đại sứ quán Mỹ','','','','admin','2025-10-03 09:02:28','Hungnm99','2025-10-14 09:22:49',NULL,'21.02488715327677, 105.78929933419231','',NULL,'PVI Building, P. Phạm Văn Bạch, Phường Cầu Giấy, Thành phố Hà Nội',NULL,'Bắc',1,NULL,NULL,'','',NULL,NULL,NULL,NULL,'',NULL,19,1,NULL,NULL),(10000456,1,1180,NULL,'Cam Vòng xuyến PVB','Cam Vòng xuyến PVB','','','','Duybt4','2025-10-03 09:43:28','admin','2025-10-29 04:40:44',NULL,'21.027251015788593,105.78786445501089','',NULL,'Dịch Vọng, Phường Cầu Giấy, Thành phố Hà Nội',NULL,'ádfádf',1,NULL,NULL,'','',NULL,NULL,NULL,NULL,'',NULL,22,1,NULL,NULL),(10000457,1,1181,NULL,'Cam Duy Tân','Cam Duy Tân','','','','Duybt4','2025-10-03 09:45:20','admin','2025-10-16 06:54:20',NULL,'21.03037623209417,105.78788591269279','',NULL,'D11- Nguyễn Phong Sắc, Phường Cầu Giấy, Thành phố Hà Nội',NULL,'Duy Tân hướng Trần Thái Tông',6,NULL,NULL,'','',NULL,NULL,NULL,NULL,'',NULL,20,1,NULL,NULL),(10000458,1,1182,NULL,'Cam Thành Thái','Cam Thành Thái','','','','Duybt4','2025-10-03 09:46:51','admin','2025-10-29 04:40:44',NULL,'21.029129341303076,105.78792439082531','',NULL,'95 P. Trần Thái Tông, Phường Cầu Giấy, Thành phố Hà Nội',NULL,'Thành Thái hướng Trần Thái Tông',2,NULL,NULL,'','',NULL,NULL,NULL,NULL,'',NULL,21,1,NULL,NULL),(10000459,-1,1183,NULL,'Cam Đ. Vành đai 2.5 đi PVB','Cam Đ. Vành đai 2.5 đi PVB','','','','admin','2025-10-06 08:15:47','admin','2025-10-24 10:04:34',NULL,'21.01422287348734,105.79560860493064','',NULL,'Trung Kính, Phường Yên Hòa, Thành phố Hà Nội',NULL,'Hướng đi Phạm Văn Bạch',0,NULL,NULL,'','',NULL,NULL,NULL,NULL,'',NULL,20,1,NULL,NULL),(10000460,-1,1184,NULL,'Cam Trung Kính đi Trần Duy Hưng','Cam Trung Kính đi Trần Duy Hưng','','','','admin','2025-10-06 08:17:52','admin','2025-10-24 10:06:12',NULL,'21.014206046312978,105.79561849678231','',NULL,'Trung Kính, Phường Yên Hòa, Thành phố Hà Nội',NULL,'Hướng Trung Kính đi Trần Duy Hưng',2,NULL,NULL,'','',NULL,NULL,NULL,NULL,'',NULL,20,1,NULL,NULL),(10000461,1,1185,NULL,'Cam Mạc Thái Tổ đi Vũ Phạm Hàm','Cam Mạc Thái Tổ đi Vũ Phạm Hàm','','','','admin','2025-10-06 08:19:24','admin','2025-10-24 10:07:31',NULL,'21.014186543562047,105.79557402836798','',NULL,'Trung Kính, Phường Yên Hòa, Thành phố Hà Nội',NULL,'Hướng đi Vũ Phạm Hàm',4,NULL,NULL,'','',NULL,NULL,NULL,NULL,'',NULL,20,1,NULL,NULL),(10000462,-1,1186,NULL,'Cam Vũ Phạm Hàm -> Mạc Thái Tổ','Cam Vũ Phạm Hàm -> Mạc Thái Tổ','','','','admin','2025-10-06 08:20:56','admin','2025-10-31 02:29:21',NULL,'21.01426357347242,105.79567382623935','',NULL,'Ki Ốt 2, Khu đô thị Trung Yên, Phường Yên Hòa, Thành phố Hà Nội',NULL,'Hướng đi Phạm Hùng',1,NULL,NULL,'','',NULL,NULL,NULL,NULL,'',NULL,20,1,NULL,NULL),(10000463,-1,1187,NULL,'Cam Trần Kim Xuyến - Trung Hòa','Cam Trần Kim Xuyến - Trung Hòa','','','','admin','2025-10-06 09:04:06','admin','2025-10-31 02:29:21',NULL,'21.017378523504746,105.7983474660283','',NULL,'1 Tòa nhà 4F, Phường Yên Hòa, Thành phố Hà Nội',NULL,'Hướng đi Phạm Hùng',2,NULL,NULL,'','',NULL,NULL,NULL,NULL,'',NULL,20,1,NULL,NULL),(10000464,-1,1188,NULL,'Cam Vành đai 2.5 hướng Trung Kính','Cam Vành đai 2.5 hướng Trung Kính','','','','admin','2025-10-06 09:06:51','admin','2025-10-06 09:06:51',NULL,'21.014195779307784,105.79561341219068','',NULL,'Trung Kính, Phường Yên Hòa, Thành phố Hà Nội',NULL,'Vành đai 2.5 hướng Trung Kính',3,NULL,NULL,'','',NULL,NULL,NULL,NULL,'',NULL,20,1,NULL,NULL),(10000466,-1,1190,NULL,'Cam Trung Kính hướng Công viên Cầu Giấy','Cam Trung Kính hướng Công viên Cầu Giấy','','','','admin','2025-10-06 09:25:52','admin','2025-10-06 09:25:52',NULL,'21.014213563606816,105.79563701039979','',NULL,'Trung Kính, Phường Yên Hòa, Thành phố Hà Nội',NULL,'Hướng về Công viên Cầu Giấy',7,NULL,NULL,'','',NULL,NULL,NULL,NULL,'',NULL,20,1,NULL,NULL),(10000467,1,1152,NULL,'Test lưu lượng','Test lưu lượng','Tàu','Tàu','','admin','2025-10-06 09:26:59','admin','2025-10-29 04:10:26',NULL,'20.8639,106.68091','',NULL,'5A Nguyen Tri Phuong Street, Phường Hồng Bàng, Thành phố Hải Phòng',NULL,'sdfsdfsdf',3,NULL,NULL,'ddd','',NULL,NULL,NULL,NULL,'',NULL,20,1,NULL,NULL),(10000476,1,1199,NULL,'[READONLY] Cam DXH hướng NCT','[READONLY] Cam DXH hướng NCT','','','','admin','2025-10-08 03:44:00','admin','2025-11-18 10:11:41',NULL,'21.02912315595593,105.76425484468712','',NULL,'Tòa Nhà Thông Tấn, 124 Phố Trần Hữu Dực, Phường Từ Liêm, Thành phố Hà Nội',NULL,'Hướng Tây Nam',0,NULL,NULL,'sgsagsagsa','',NULL,NULL,NULL,NULL,'',NULL,20,1,NULL,NULL),(10000477,1,1200,NULL,'Cam DXH - TM','Cam DXH - TM','','','','admin','2025-10-08 04:11:24','admin','2025-10-08 04:11:24',NULL,'21.02924360645524,105.7638875728486','',NULL,'Phường Từ Liêm, Thành phố Hà Nội',NULL,'Hướng Nam',4,NULL,NULL,'','',NULL,NULL,NULL,NULL,'',NULL,20,1,NULL,NULL),(10000478,1,1201,NULL,'Cam TDH - TVB','Cam TDH - TVB','','','','admin','2025-10-08 04:13:37','admin','2025-11-05 09:02:23',NULL,'21.02927973559646,105.76399250607398','',NULL,'Phường Từ Liêm, Thành phố Hà Nội',NULL,'Hướng Tây',6,NULL,NULL,'qwer','',NULL,NULL,NULL,NULL,'',NULL,19,1,NULL,NULL),(10000479,1,1202,NULL,'Cam TVB - TDH','Cam TVB - TDH','','','','admin','2025-10-08 04:15:14','admin','2025-10-09 10:21:42',NULL,'21.0292553483431,105.76397925533291','',NULL,'Phường Từ Liêm, Thành phố Hà Nội',NULL,'Hướng Trịnh Văn Bô đi vào Trần Hữu Dực',6,NULL,NULL,'','',NULL,NULL,NULL,NULL,'',NULL,19,1,NULL,NULL),(10000480,1,1203,NULL,'Cam THD - L9','Cam THD - L9','','','','admin','2025-10-08 04:17:06','admin','2026-01-22 08:04:33',NULL,'21.029217695359037,105.76430106560508','',NULL,'Tòa Nhà Thông Tấn, 124 Phố Trần Hữu Dực, Phường Từ Liêm, Thành phố Hà Nội',NULL,'Hướng đi Lan 9',1,NULL,NULL,'','',NULL,NULL,NULL,NULL,'',NULL,20,1,'admin','Haiphong123'),(10000481,1,1205,NULL,'Cam L9 - TVB','Cam L9 - TVB','','','','admin','2025-10-08 04:18:53','admin','2025-10-09 10:21:42',NULL,'21.029239115946808,105.76419873388608','',NULL,'Tòa Nhà Thông Tấn, 124 Phố Trần Hữu Dực, Phường Từ Liêm, Thành phố Hà Nội',NULL,'Hướng đi cầu vượt Trịnh Văn Bô',2,NULL,NULL,'','',NULL,NULL,NULL,NULL,'',NULL,20,1,NULL,NULL),(10000482,1,1206,NULL,'Cam NCT - DXH','Cam NCT - DXH','','','','admin','2025-10-08 04:20:38','admin','2025-10-09 10:21:42',NULL,'21.02940681804897,105.76405347210164','',NULL,'b6 Nguyễn Cơ Thạch, Phường Từ Liêm, Thành phố Hà Nội',NULL,'Hướng Nguyễn Cơ Thạch',4,NULL,NULL,'','',NULL,NULL,NULL,NULL,'',NULL,20,1,NULL,NULL),(10000483,1,1207,NULL,'Cam NCT - HN 1','Cam NCT - HN 1','','','','admin','2025-10-08 04:24:11','admin','2025-10-08 04:24:11',NULL,'21.029387679548876,105.76426616698205','',NULL,'b6 Nguyễn Cơ Thạch, Phường Từ Liêm, Thành phố Hà Nội',NULL,'Hướng phía ktx Mỹ Đình',0,NULL,NULL,'','',NULL,NULL,NULL,NULL,'',NULL,20,1,NULL,NULL),(10000484,1,1208,NULL,'Cam HN - LDT','Cam HN - LDT','','','','admin','2025-10-08 04:26:27','admin','2025-10-08 04:26:27',NULL,'21.03441050990409,105.76606901009546','',NULL,'04 P. Hàm Nghi, Phường Từ Liêm, Thành phố Hà Nội',NULL,'Hướng đi Lê Đức Thọ',2,NULL,NULL,'','',NULL,NULL,NULL,NULL,'',NULL,20,1,NULL,NULL),(10000485,1,1209,NULL,'Cam SunSquare - SN','Cam SunSquare - SN','','','','admin','2025-10-08 04:29:20','admin','2025-10-09 10:07:50',NULL,'21.034535448956646,105.76607842734404','',NULL,'04 P. Hàm Nghi, Phường Từ Liêm, Thành phố Hà Nội',NULL,'Hướng Sunsquare đi sông Nhuệ',6,NULL,NULL,'','',NULL,NULL,NULL,NULL,'',NULL,20,1,NULL,NULL),(10000486,1,1211,NULL,'Cam  HN - Vinhomes','Cam  HN - Vinhomes','','','','admin','2025-10-08 04:44:27','admin','2025-11-05 09:03:18',NULL,'21.034628236821874,105.76589154319055','',NULL,'Phường Từ Liêm, Thành phố Hà Nội',NULL,'Hướng Vinhomes Gardenia',4,NULL,NULL,'zxcv','',NULL,NULL,NULL,NULL,'',NULL,20,1,NULL,NULL),(10000487,1,1212,NULL,'Cam Vinhomes - HD Mon','Cam Vinhomes - HD Mon','','','','admin','2025-10-08 04:50:05','admin','2025-10-08 04:50:05',NULL,'21.03444169258951,105.76582352109915','',NULL,'Phường Từ Liêm, Thành phố Hà Nội',NULL,'Hướng đi HD Mon',2,NULL,NULL,'','',NULL,NULL,NULL,NULL,'',NULL,20,1,NULL,NULL),(10000488,1,1213,NULL,'Cam SVD - THD','Cam SVD - THD','','','','admin','2025-10-08 04:54:23','admin','2025-10-09 10:25:36',NULL,'21.0277885629704,105.76831212315079','',NULL,'2QH9+48M, Phường Từ Liêm, Thành phố Hà Nội',NULL,'Hướng SVD về Trần Hữu Dực',3,NULL,NULL,'','',NULL,NULL,NULL,NULL,'',NULL,20,1,NULL,NULL),(10000489,1,1214,NULL,'Cam Thu Hằng beer - SVD','Cam Thu Hằng beer - SVD','','','','admin','2025-10-08 04:56:18','admin','2025-10-09 10:25:36',NULL,'21.027816070418822,105.7683192872903','',NULL,'2QH9+48M, Phường Từ Liêm, Thành phố Hà Nội',NULL,'Hướng',NULL,NULL,NULL,'','',NULL,NULL,NULL,NULL,'',NULL,20,1,NULL,NULL),(10000490,1,1215,NULL,'Cam THD - NH','Cam THD - NH','','','','admin','2025-10-08 04:58:32','admin','2025-10-09 10:11:44',NULL,'21.02788881615264,105.76843195063577','',NULL,'2QH9+48M, Phường Từ Liêm, Thành phố Hà Nội',NULL,'Hướng đi Nguyễn',0,NULL,NULL,'','',NULL,NULL,NULL,NULL,'',NULL,20,1,NULL,NULL),(10000491,1,1216,NULL,'Cam The Zei - THD','Cam The Zei - THD','','','','admin','2025-10-08 04:59:44','admin','2025-10-09 10:11:44',NULL,'21.027908266903538,105.76834732676099','',NULL,'2QH9+48M, Phường Từ Liêm, Thành phố Hà Nội',NULL,'Hướng đi SVD',5,NULL,NULL,'','',NULL,NULL,NULL,NULL,'',NULL,20,1,NULL,NULL),(10000493,1,1219,NULL,'Cam HTM-LDT','Cam HTM-LDT','','','','admin','2025-10-08 07:32:41','admin','2025-10-09 10:02:53',NULL,'21.033438928988232,105.7697828469249','',NULL,'P. Hàm Nghi, Phường Từ Liêm, Thành phố Hà Nội',NULL,'Hướng từ HTM đi vào LDT',4,NULL,NULL,'','',NULL,NULL,NULL,NULL,'',NULL,20,1,NULL,NULL),(10000494,1,1220,NULL,'Cam NH-HN','Cam NH-HN','','','','admin','2025-10-08 07:38:18','admin','2025-10-09 10:11:44',NULL,'21.033401009189163,105.7698174826433','',NULL,'số 81 Lê Đức Thọ, Phường Từ Liêm, Thành phố Hà Nội',NULL,'Hướng NH-HN',6,NULL,NULL,'','',NULL,NULL,NULL,NULL,'',NULL,20,1,NULL,NULL),(10000495,1,1221,NULL,'Cam HN-NH-PH','Cam HN-NH-PH','','','','admin','2025-10-08 07:39:51','admin','2025-10-09 10:11:44',NULL,'21.033349135229983,105.76983848928393','',NULL,'số 81 Lê Đức Thọ, Phường Từ Liêm, Thành phố Hà Nội',NULL,'Hướng đi từ Hàm Nghi - Nguyễn Hoàng đi Phạm Hùng',NULL,NULL,NULL,'','',NULL,NULL,NULL,NULL,'',NULL,20,1,NULL,NULL),(10000496,1,1222,NULL,'Cam NCT-HTM','Cam NCT-HTM','','','','admin','2025-10-08 07:51:44','admin','2025-10-09 09:59:06',NULL,'21.034550434817433,105.76604028662439','',NULL,'04 P. Hàm Nghi, Phường Từ Liêm, Thành phố Hà Nội',NULL,'Hướng đi Hồ Tùng Mậu',0,NULL,NULL,'','',NULL,NULL,NULL,NULL,'',NULL,20,1,NULL,NULL),(10000497,1,1223,NULL,'Cam HTM-NCT','Cam HTM-NCT','','','','admin','2025-10-08 07:53:16','admin','2025-10-09 09:59:06',NULL,'21.034564506516148,105.76593630690087','',NULL,'Phường Từ Liêm, Thành phố Hà Nội',NULL,'Hướng H.T.Mậu đi N.C.Thạch',4,NULL,NULL,'','',NULL,NULL,NULL,NULL,'',NULL,20,1,NULL,NULL),(10000498,1,1224,NULL,'Cam HTM-TV','Cam HTM-TV','','','','admin','2025-10-08 08:03:13','admin','2025-10-29 04:02:58',NULL,'21.038330180998074,105.77210615063439','',NULL,'Hồ Tùng Mậu, Phường Phú Diễn, Thành phố Hà Nội',NULL,'Hướng Trần Vỹ',NULL,NULL,NULL,'','',NULL,NULL,NULL,NULL,'',NULL,20,1,NULL,NULL),(10000499,1,1225,NULL,'Cam TV-HTM','Cam TV-HTM','','','','admin','2025-10-08 08:04:31','admin','2025-10-09 10:02:53',NULL,'21.03834814554685,105.77205423344839','',NULL,'Hồ Tùng Mậu, Phường Phú Diễn, Thành phố Hà Nội',NULL,'Hướng Trần Vỹ đi Lê Đức Thọ',4,NULL,NULL,'','',NULL,NULL,NULL,NULL,'',NULL,20,1,NULL,NULL),(10000500,1,1226,NULL,'Cam XT-HTM','Cam XT-HTM','','','','admin','2025-10-08 08:06:17','admin','2025-10-08 08:06:17',NULL,'21.0382735136792,105.77208208725096','',NULL,'35 Hồ Tùng Mậu, Phường Từ Liêm, Thành phố Hà Nội',NULL,'Hướng Xuân Thủy - Hồ Tùng Mậu',2,NULL,NULL,'','',NULL,NULL,NULL,NULL,'',NULL,20,1,NULL,NULL),(10000501,1,1228,NULL,'Cam HTM-XT','Cam HTM-XT','','','','admin','2025-10-08 08:09:47','Duybt4','2025-10-21 11:44:29',NULL,'21.038290098693324,105.77207792283076','',NULL,'35 Hồ Tùng Mậu, Phường Từ Liêm, Thành phố Hà Nội',NULL,'Hướng Xuân Thủy - Hồ Tùng Mậu',1,NULL,NULL,'','',NULL,NULL,NULL,NULL,'',NULL,20,1,NULL,NULL),(10000502,1,1229,NULL,'Cam HTM-Goldmark','Cam HTM-Goldmark','','','','admin','2025-10-08 08:12:11','admin','2025-10-09 09:59:06',NULL,'21.038349511920742,105.77204451362542','',NULL,'Hồ Tùng Mậu, Phường Phú Diễn, Thành phố Hà Nội',NULL,'Hướng Hồ Tùng Mậu - GoldMark City',6,NULL,NULL,'','',NULL,NULL,NULL,NULL,'',NULL,20,1,NULL,NULL),(10000503,1,1230,NULL,'Cam HTM-Metro LDT','Cam HTM-Metro LDT','','','','admin','2025-10-08 08:16:00','admin','2025-10-08 08:16:00',NULL,'21.038221188554814,105.77199495321372','',NULL,'35 Hồ Tùng Mậu, Phường Từ Liêm, Thành phố Hà Nội',NULL,'Hướng HTM-Metro LDT',6,NULL,NULL,'','',NULL,NULL,NULL,NULL,'',NULL,20,1,NULL,NULL),(10000504,1,1233,NULL,'Cam HTM-Metro PD','Cam HTM-Metro PD','','','','admin','2025-10-08 08:18:56','Duybt4','2025-10-21 11:44:29',NULL,'21.03820581344938,105.77203871566275','',NULL,'35 Hồ Tùng Mậu, Phường Từ Liêm, Thành phố Hà Nội',NULL,'Hướng HTM-Metro PD',2,NULL,NULL,'','',NULL,NULL,NULL,NULL,'',NULL,20,1,NULL,NULL),(10000505,1,1234,NULL,'Cam NDC-HTM-NCT','Cam NDC-HTM-NCT','','','','admin','2025-10-08 08:20:35','admin','2025-10-08 10:26:22',NULL,'21.03950353746994,105.76769720405673','',NULL,'18C Ng. 199 Đ. Hồ Tùng Mậu, Phường Từ Liêm, Thành phố Hà Nội',NULL,'Hướng NDC-HTM-NCT',2,NULL,NULL,'','',NULL,NULL,NULL,NULL,'',NULL,20,1,NULL,NULL),(10000506,1,1234,NULL,'Cam giám sát - hungtq','Cam giám sát - hungtq','ưer','ửewer','ưer','admin','2025-10-08 10:25:30','admin','2026-03-30 08:44:38',NULL,'20.8639,106.68091','ưer',NULL,'5A Nguyen Tri Phuong Street, Phường Hồng Bàng, Thành phố Hải Phòng',NULL,'sdf',2,NULL,'C02',NULL,'ưer',NULL,NULL,NULL,NULL,'ử12343',NULL,20,1,'admin','admin123'),(10000513,1,1250,NULL,'Cam LDT-NH đi HTM','Cam LDT-NH đi HTM','','','','admin','2025-10-14 08:15:54','admin','2026-03-30 09:13:27',NULL,'21.033483845502857,105.76987853394849','',NULL,'số 81 Lê Đức Thọ, Phường Từ Liêm, Thành phố Hà Nội',NULL,'Hướng HTM',0,NULL,'C02','','',NULL,NULL,NULL,NULL,'',NULL,20,1,'admin','Admin@123'),(10000514,1,1249,NULL,'Cam lưu lượng 1','Cam lưu lượng 1','','','','admin','2025-10-14 09:45:22','Hungnm99','2025-10-23 07:24:00',NULL,'21.02364654346482,105.78827215078832','',NULL,'tổ 66,  khu Đô thị mới Yên Hoà, Số 10 Phường Cầu Giấy, Thành phố Hà Nội',NULL,'Cam lưu lượng 1',7,NULL,NULL,'','',NULL,NULL,NULL,NULL,'',NULL,20,1,NULL,NULL),(10000516,1,1090,NULL,'cam không phải lưu lượng nhé','cam không phải lưu lượng nhé','','','','admin','2025-10-14 10:13:36','admin','2025-10-15 02:05:51',NULL,'21.0243876252555,105.78528953436381','',NULL,'2QCM+FVX Dương Đình Nghệ, Phường Cầu Giấy, Thành phố Hà Nội',NULL,'cam không phải lưu lượng nhé',0,NULL,NULL,'','',NULL,NULL,NULL,NULL,'',NULL,20,1,NULL,NULL),(10000517,1,1090,NULL,'Cam lưu lượng đây','Cam lưu lượng đây','ưerwer','ưerwer','ửewr','admin','2025-10-14 10:16:39','admin','2025-10-14 10:44:08',NULL,'21.02344625045717,105.78842235449338','Link trực tiếp',NULL,'so 22 pho moi, Phường Cầu Giấy, Thành phố Hà Nội',NULL,'Cam lưu lượng đây',0,NULL,NULL,'ẻwer','Link trực tiếp',NULL,NULL,NULL,NULL,'Link trích xuất dữ liệu',NULL,20,1,NULL,NULL),(10000518,-1,1251,NULL,'CAM123','CAM123','','','','admin','2025-10-15 03:13:11','Duybt4','2025-10-22 01:57:54',NULL,'21.026286107449053,105.79090750883535','',NULL,'Phường Cầu Giấy, Thành phố Hà Nội',NULL,'bắc',0,NULL,NULL,'','',NULL,NULL,NULL,NULL,'',NULL,21,1,NULL,NULL),(10000519,-1,1259,NULL,'1234','1234','','','','Duybt4','2025-10-22 02:29:54','Duybt4','2025-10-22 02:30:08',NULL,'21.026050038571043,105.78805757406752','',NULL,'86 P. Phạm Văn Bạch, Phường Cầu Giấy, Thành phố Hà Nội',NULL,'12341234',6,NULL,NULL,'1234','',NULL,NULL,NULL,NULL,'',NULL,21,1,NULL,NULL),(10000520,1,1255,NULL,'13','cam check','','','','admin','2025-10-22 08:23:52','admin','2025-10-22 10:27:51',NULL,'21.02450780033331,105.78915191534514','',NULL,'01 P. Phạm Văn Bạch, Phường Cầu Giấy, Thành phố Hà Nội',NULL,'đông',2,NULL,NULL,'','',NULL,NULL,NULL,NULL,'',NULL,22,1,NULL,NULL),(10000521,-1,1264,NULL,'Phi Hùng cam 1','Phi Hùng cam 1','','','','admin','2025-10-23 03:19:51','admin','2025-10-29 04:00:32',NULL,'21.025308965045838,105.78732801321576','',NULL,'Số 9 P. Phạm Văn Bạch, Phường Cầu Giấy, Thành phố Hà Nội',NULL,'Hướng giám sát',NULL,NULL,NULL,'','',NULL,NULL,NULL,NULL,'',NULL,21,1,NULL,NULL),(10000522,-1,1265,NULL,'Phi Hùng 2','Phi Hùng 2','','','','admin','2025-10-23 03:21:09','admin','2025-10-23 03:21:09',NULL,'21.02488835410884,105.7879288280343','',NULL,'Số 9 P. Phạm Văn Bạch, Phường Cầu Giấy, Thành phố Hà Nội',NULL,'Hướng giám sát',2,NULL,NULL,'','',NULL,NULL,NULL,NULL,'',NULL,20,1,NULL,NULL),(10000523,-1,1266,NULL,'Phi Hùng 3','Phi Hùng 3','','','t\nt\nt\nt\nt','admin','2025-10-23 03:22:22','admin','2025-10-28 01:41:40',NULL,'21.025146190203444,105.79002482662582','',NULL,'Yên Hòa, Phường Cầu Giấy, Thành phố Hà Nội',NULL,'huong giam sat',0,NULL,NULL,'','',NULL,NULL,NULL,NULL,'',NULL,20,1,NULL,NULL),(10000525,1,1286,NULL,'dwer','wer','','','','admin','2025-10-30 03:59:04','admin','2025-10-30 11:28:35',NULL,'21.024928412344067,105.78848672750905','',NULL,'2QFQ+V9X, 17 P. Phạm Văn Bạch, Phường Cầu Giấy, Thành phố Hà Nội',NULL,'wer',5,NULL,NULL,'is_not_null','',NULL,NULL,NULL,NULL,'',NULL,20,1,NULL,NULL),(10000526,1,1286,NULL,'CAM_CODE','Cam_LLGT_PVB_ViệnKS','','','','admin','2025-10-30 09:14:55','admin','2025-11-07 09:46:27',NULL,'21.026150183359235,105.78807903173936','',NULL,'Phạm Văn Bạch, Phường Cầu Giấy, Thành phố Hà Nội',NULL,'huong giam sat',5,NULL,NULL,'LJrjo125Lc','',NULL,NULL,NULL,NULL,'',NULL,20,1,NULL,NULL),(10000527,-1,1288,NULL,'sdfsdf','ddd','','','','admin','2025-10-30 11:11:12','admin','2025-10-31 08:02:09',NULL,'21.025709545787336,105.78724218252637','',NULL,'9A2 P. Phạm Văn Bạch, Phường Cầu Giấy, Thành phố Hà Nội',NULL,'sdfs',5,NULL,NULL,'is_not_null','',NULL,NULL,NULL,NULL,'',NULL,21,1,NULL,NULL),(10000528,1,1291,NULL,'tyu','tyu','','','','admin','2025-10-31 01:50:31','admin','2025-10-31 01:50:31',NULL,'21.023306045191205,105.78767133596978','',NULL,'5 P. Phạm Văn Bạch, Phường Cầu Giấy, Thành phố Hà Nội',NULL,'ty',7,NULL,NULL,'33','',NULL,NULL,NULL,NULL,'',NULL,21,1,NULL,NULL),(10000529,1,1291,NULL,'234','234','','','','admin','2025-10-31 01:50:31','admin','2025-10-31 01:50:53',NULL,'21.02294551675986,105.78758550528033','',NULL,'1 P. Phạm Văn Bạch, Phường Cầu Giấy, Thành phố Hà Nội',NULL,'34',7,NULL,NULL,'is_not_null','',NULL,NULL,NULL,NULL,'',NULL,22,1,NULL,NULL),(10000530,1,1292,NULL,'Cam1','Cam1','','','','admin','2025-10-31 02:15:04','admin','2026-03-30 08:59:17',NULL,'21.023065693000234,105.79022479895082','link trực tiếp',NULL,'Trung Kính, Phường Yên Hòa, Thành phố Hà Nội',NULL,'Hướng sang đường THD Hướng sang đường THD Hướng sang đường THD Hướng sang đường THD Hướng sang đường THD Hướng sang đường THD Hướng sang đường THD Hướng sang đường THD Hướng sang đường THD Hướng sang đường THD Hướng sang đường THD',0,NULL,'C02',NULL,'link trực tiếp',NULL,NULL,NULL,NULL,'1234-phihs',NULL,20,1,'username','passowrd'),(10000535,-1,1290,NULL,'thangnd54_camera_1.1.1','thangnd54_camera_1.1.1','','','','admin','2025-11-03 09:53:46','admin','2025-11-03 09:53:46',NULL,'21.026596765703715,105.78795028570903','thangnd54_camera_1.1.1',NULL,'Phường Cầu Giấy, Thành phố Hà Nội',NULL,'Tay',6,NULL,NULL,'is_not_null','thangnd54_camera_1.1.1',NULL,NULL,NULL,NULL,'thangnd54_camera_1.1.1',NULL,20,1,NULL,NULL),(10000536,1,1291,NULL,'cam lưu lượng test123','cam lưu lượng test123','','','','admin','2025-11-04 04:45:24','admin','2025-11-07 08:24:58',NULL,'21.025128703361176,105.78788591269051','',NULL,'Số 9 P. Phạm Văn Bạch, Phường Cầu Giấy, Thành phố Hà Nội',NULL,'hướng ra hàm ngi',0,NULL,NULL,'11111111','',NULL,NULL,NULL,NULL,'',NULL,20,1,NULL,NULL),(10000538,-1,1295,NULL,'asdf','asdf','','','','admin','2025-11-05 07:33:19','admin','2025-11-05 10:46:20',NULL,'21.026330443808632,105.78807903173936','',NULL,'Trần Thái Tông, Phường Cầu Giấy, Thành phố Hà Nội',NULL,'asdf',5,NULL,NULL,'8888888885','',NULL,NULL,NULL,NULL,'',NULL,22,1,NULL,NULL),(10000539,-1,1295,NULL,'13','asdf','678678','678678','678','admin','2025-11-05 07:33:19','admin','2025-11-14 02:02:23',NULL,'21.026170212308628,105.78810048941125','88888',NULL,'Phạm Văn Bạch, Phường Cầu Giấy, Thành phố Hà Nội',NULL,'asfd',7,NULL,NULL,'234','88888',NULL,NULL,NULL,NULL,'67867878',NULL,22,1,NULL,NULL),(10000541,-1,1297,NULL,'234234','234234','','','','admin','2025-11-11 10:35:14','admin','2025-11-11 10:35:14',NULL,'21.025254823973484,105.78374458197158','',NULL,'2QGM+5FP, Ng. 7 P. Tôn Thất Thuyết, Phường Cầu Giấy, Thành phố Hà Nội',NULL,'243',7,NULL,NULL,'234','',NULL,NULL,NULL,NULL,'',NULL,21,1,NULL,NULL),(10000542,-1,1295,NULL,'test 21222025','test 21222025','','','','admin','2025-11-21 07:56:16','admin','2025-11-21 07:56:16',NULL,'21.02544916842804,105.78777862432923','',NULL,'Số 9 P. Phạm Văn Bạch, Phường Cầu Giấy, Thành phố Hà Nội',NULL,'test 21222025',4,NULL,NULL,'21222025','',NULL,NULL,NULL,NULL,'',NULL,20,1,NULL,NULL),(10000543,-1,1295,NULL,'test 21222025','test 21222025','','','','admin','2025-11-21 08:01:04','admin','2025-11-21 08:01:04',NULL,'21.02544916842804,105.78777862432923','',NULL,'Số 9 P. Phạm Văn Bạch, Phường Cầu Giấy, Thành phố Hà Nội',NULL,'test 21222025',4,NULL,NULL,'21222025','',NULL,NULL,NULL,NULL,'',NULL,20,1,NULL,NULL),(10000544,-1,1295,NULL,'test 21222025','test 21222025','','','','admin','2025-11-21 08:01:47','admin','2025-11-21 08:01:47',NULL,'21.02544916842804,105.78777862432923','',NULL,'Số 9 P. Phạm Văn Bạch, Phường Cầu Giấy, Thành phố Hà Nội',NULL,'test 21222025',4,NULL,NULL,'21222025','',NULL,NULL,NULL,NULL,'',NULL,20,1,NULL,NULL),(10000545,-1,1295,NULL,'test 21222025','test 21222025','','','','admin','2025-11-21 08:02:37','admin','2025-11-21 08:02:37',NULL,'21.02544916842804,105.78777862432923','',NULL,'Số 9 P. Phạm Văn Bạch, Phường Cầu Giấy, Thành phố Hà Nội',NULL,'test 21222025',4,NULL,NULL,'21222025','',NULL,NULL,NULL,NULL,'',NULL,20,1,NULL,NULL),(10000550,-1,1295,NULL,'test 21222025','test 21222025','','','','admin','2025-11-21 08:14:20','admin','2025-11-21 08:14:20',NULL,'21.02544916842804,105.78777862432923','',NULL,'Số 9 P. Phạm Văn Bạch, Phường Cầu Giấy, Thành phố Hà Nội',NULL,'test 21222025',4,NULL,NULL,'21222025','',NULL,NULL,NULL,NULL,'',NULL,20,1,NULL,NULL),(10000551,-1,1295,NULL,'test 21222025','test 21222025','','','','admin','2025-11-21 08:15:30','admin','2025-11-21 08:15:30',NULL,'21.02544916842804,105.78777862432923','',NULL,'Số 9 P. Phạm Văn Bạch, Phường Cầu Giấy, Thành phố Hà Nội',NULL,'test 21222025',4,NULL,NULL,'21222025','',NULL,NULL,NULL,NULL,'',NULL,20,1,NULL,NULL),(10000553,-1,1295,NULL,'test 21222025','test 21222025','','','','admin','2025-11-21 08:17:07','admin','2025-11-21 08:17:07',NULL,'21.02544916842804,105.78777862432923','',NULL,'Số 9 P. Phạm Văn Bạch, Phường Cầu Giấy, Thành phố Hà Nội',NULL,'test 21222025',4,NULL,NULL,'21222025','',NULL,NULL,NULL,NULL,'',NULL,20,1,NULL,NULL),(10000554,-1,1295,NULL,'test 21222025','test 21222025','','','','admin','2025-11-21 08:21:26','admin','2025-11-21 08:21:26',NULL,'21.02544916842804,105.78777862432923','',NULL,'Số 9 P. Phạm Văn Bạch, Phường Cầu Giấy, Thành phố Hà Nội',NULL,'test 21222025',4,NULL,NULL,'21222025','',NULL,NULL,NULL,NULL,'',NULL,20,1,NULL,NULL),(10000555,-1,1295,NULL,'test 21222025','test 21222025','','','','admin','2025-11-21 08:22:37','admin','2025-11-21 08:22:37',NULL,'21.02544916842804,105.78777862432923','',NULL,'Số 9 P. Phạm Văn Bạch, Phường Cầu Giấy, Thành phố Hà Nội',NULL,'test 21222025',4,NULL,NULL,'21222025','',NULL,NULL,NULL,NULL,'',NULL,20,1,NULL,NULL),(10000556,-1,1295,NULL,'test 21222025','test 21222025','','','','admin','2025-11-21 08:27:07','admin','2025-11-21 08:27:07',NULL,'21.02544916842804,105.78777862432923','',NULL,'Số 9 P. Phạm Văn Bạch, Phường Cầu Giấy, Thành phố Hà Nội',NULL,'test 21222025',4,NULL,NULL,'21222025','',NULL,NULL,NULL,NULL,'',NULL,20,1,NULL,NULL),(10000557,-1,1295,NULL,'test 21222025','test 21222025','','','','admin','2025-11-21 08:27:49','admin','2025-11-21 08:27:49',NULL,'21.02544916842804,105.78777862432923','',NULL,'Số 9 P. Phạm Văn Bạch, Phường Cầu Giấy, Thành phố Hà Nội',NULL,'test 21222025',4,NULL,NULL,'21222025','',NULL,NULL,NULL,NULL,'',NULL,20,1,NULL,NULL),(10000558,-1,1295,NULL,'test 21222025','test 21222025','','','','admin','2025-11-21 08:28:11','admin','2025-11-21 08:28:11',NULL,'21.02544916842804,105.78777862432923','',NULL,'Số 9 P. Phạm Văn Bạch, Phường Cầu Giấy, Thành phố Hà Nội',NULL,'test 21222025',4,NULL,NULL,'21222025','',NULL,NULL,NULL,NULL,'',NULL,20,1,NULL,NULL),(10000559,-1,1295,NULL,'test 21222025','test 21222025','','','','admin','2025-11-21 08:29:06','admin','2025-11-21 08:29:06',NULL,'21.02544916842804,105.78777862432923','',NULL,'Số 9 P. Phạm Văn Bạch, Phường Cầu Giấy, Thành phố Hà Nội',NULL,'test 21222025',4,NULL,NULL,'21222025','',NULL,NULL,NULL,NULL,'',NULL,20,1,NULL,NULL),(10000560,-1,1295,NULL,'test 21222025','test 21222025','','','','admin','2025-11-21 08:30:04','admin','2025-11-21 08:30:04',NULL,'21.02544916842804,105.78777862432923','',NULL,'Số 9 P. Phạm Văn Bạch, Phường Cầu Giấy, Thành phố Hà Nội',NULL,'test 21222025',4,NULL,NULL,'21222025','',NULL,NULL,NULL,NULL,'',NULL,20,1,NULL,NULL),(10000561,-1,1311,NULL,'asdf','asdf','','','','admin','2026-01-23 07:02:03','admin','2026-01-27 09:11:45',NULL,'21.02614580202632,105.78820777777258','',NULL,'Phạm Văn Bạch, Phường Cầu Giấy, Thành phố Hà Nội',NULL,'asaa',7,NULL,'C02','asdf','',NULL,NULL,NULL,NULL,'',NULL,20,1,'username 123','password111222'),(10000562,1,1310,NULL,'CamCode5','Cam Đ. 30/4 từ Viện kiểm sát','','','','admin','2026-04-29 10:57:51','admin','2026-04-29 11:15:24',NULL,'10.215793,103.960313','https://vms-phuquoc.vtscloud.vn/media/live/08c70ecf-8e23-4f0a-a462-63a2a3f0b7d9/0669f6a9-b894-48c5-9fd7-b71248693e40.live.mp4',NULL,'Đặc khu Phú Quốc, Tỉnh An Giang',NULL,'Hướng vào nút giao',7,NULL,NULL,'CamCode5','',NULL,NULL,NULL,NULL,'',NULL,19,1,'','');
/*!40000 ALTER TABLE `v_camera` ENABLE KEYS */;
UNLOCK TABLES;

--
-- Table structure for table `v_cross`
--

DROP TABLE IF EXISTS `v_cross`;
/*!40101 SET @saved_cs_client     = @@character_set_client */;
/*!50503 SET character_set_client = utf8mb4 */;
CREATE TABLE `v_cross` (
  `id` bigint NOT NULL AUTO_INCREMENT,
  `is_active` tinyint(1) DEFAULT NULL,
  `cross_name` varchar(500) CHARACTER SET utf8mb4 COLLATE utf8mb4_0900_ai_ci DEFAULT NULL COMMENT 'ten giao lo',
  `address` varchar(500) CHARACTER SET utf8mb4 COLLATE utf8mb4_0900_ai_ci DEFAULT NULL COMMENT 'địa chỉ nút giao',
  `vendor_id` bigint NOT NULL,
  `location` varchar(50) CHARACTER SET utf8mb4 COLLATE utf8mb4_0900_ai_ci DEFAULT NULL COMMENT 'tọa độ nút giao',
  `description` varchar(500) CHARACTER SET utf8mb4 COLLATE utf8mb4_0900_ai_ci DEFAULT NULL,
  `created_by` varchar(500) CHARACTER SET utf8mb4 COLLATE utf8mb4_0900_ai_ci DEFAULT NULL,
  `created_date` timestamp NULL DEFAULT NULL,
  `modified_by` varchar(500) CHARACTER SET utf8mb4 COLLATE utf8mb4_0900_ai_ci DEFAULT NULL,
  `modified_date` datetime DEFAULT NULL,
  `location_real_name` varchar(1000) CHARACTER SET utf8mb4 COLLATE utf8mb4_0900_ai_ci DEFAULT NULL COMMENT 'Vị trí hiển thị trên bản đồ',
  `location_image` longtext CHARACTER SET utf8mb4 COLLATE utf8mb4_0900_ai_ci COMMENT 'Ảnh vị trí trên bản đồ',
  `IP` varchar(255) CHARACTER SET utf8mb4 COLLATE utf8mb4_0900_ai_ci DEFAULT NULL COMMENT 'ip của tủ',
  `old_id` varchar(255) CHARACTER SET utf8mb4 COLLATE utf8mb4_0900_ai_ci DEFAULT NULL COMMENT 'Id của hệ thống phía bên vendor',
  `area_id` bigint DEFAULT NULL,
  `vendor_version_id` bigint NOT NULL,
  `total_directions` int DEFAULT NULL,
  `total_lamps` int DEFAULT NULL,
  `total_cameras` int DEFAULT NULL,
  `live_status` tinyint(1) NOT NULL DEFAULT '1',
  `org_id` bigint DEFAULT NULL,
  PRIMARY KEY (`id`)
) ENGINE=InnoDB AUTO_INCREMENT=33000000101020 DEFAULT CHARSET=utf8mb4 COLLATE=utf8mb4_general_ci;
/*!40101 SET character_set_client = @saved_cs_client */;

--
-- Dumping data for table `v_cross`
--

LOCK TABLES `v_cross` WRITE;
/*!40000 ALTER TABLE `v_cross` DISABLE KEYS */;
INSERT INTO `v_cross` VALUES (178,-1,'Nút giao Giảng võ','47B Cát Linh, Phường Ô Chợ Dừa, Thành phố Hà Nội',23,'21.029489069626607,105.82735364708287','','admin','2025-06-12 08:37:10','admin','2025-11-06 08:37:43','','traffic-light/id/2025/6/25/4h/713c7cad-71dd-496a-953c-f92297d2e612noti_cross.png','127.0.0.1','v3v4352v34',1308452,96,NULL,NULL,NULL,1,2340),(190,-1,'Nút giao po','369 Kim Mã, Phường Giảng Võ, Thành phố Hà Nội',21,'21.030515502635296,105.81607750376645','Ghi chú','admin','2025-06-25 02:01:31','admin','2025-11-06 08:37:34','','traffic-light/id/2025/6/25/2h/55ebe38a-06bf-46e6-9ef5-468c0c7972adpng-transparent-one-piece-pirate-warriors-monkey-d-luffy-roronoa-zoro-vinsmoke-sanji-nami-straw-hat-s-child-hat-hand-thumbnail.png','127.0.0.11','v636v345v432',1308452,108,NULL,NULL,NULL,1,2388),(191,1,'Nút giao Lê Đức Thọ - Hàm Nghi','168 P. Nguyễn Thái Học, Phường Ba Đình, Thành phố Hà Nội',79,'21.032393548693307,105.82946931213155','','admin','2025-06-25 05:06:16','system','2025-10-29 04:11:12','','traffic-light/id/2025/6/25/5h/b00385d3-34f4-420d-a0fa-1cb226379e57106ad2ed-2904-4135-9f05-220a6a9690baĐịa chỉ.png','127.0.0.1','v763565vv234',1308453,116,NULL,NULL,NULL,1,2393),(198,1,'hapt63','Hùng Vương, Phường Ba Đình, Thành phố Hà Nội',79,'21.032003,105.83419','','admin','2025-06-27 02:20:59','system','2025-11-20 12:15:29','','traffic-light/id/2025/9/15/9h/4e3c1ef1-8a60-40e4-89b9-578fb66170e4cross.png','1.2.3.4','v63v4325432',1308452,116,NULL,NULL,NULL,0,2390),(205,1,'Nút giao Văn Miếu - Quốc Tử Giám','Lê Duẩn, Phường Cửa Nam, Quận Hoàn Kiếm, Hà Nội',21,'21.027595592866817,105.8415453571867','','admin','2025-06-27 10:10:42','system','2025-06-30 10:07:47','','traffic-light/id/2025/6/27/10h/24e164d6-548e-4a41-8e0c-67317ae7029951rayl0HnRL.jpg','IP tủ điều khiển','v24v24526b34',1308460,110,3,9,12,0,2327),(206,1,'Nút giao Trần Hữu Dực','Hùng Vương, Phường Ba Đình, Thành phố Hà Nội',20,'21.02991962208067,105.76154805787621','Để test','admin','2025-06-30 01:32:51','admin','2025-10-29 03:59:17','','traffic-light/id/2025/9/15/9h/34859663-82a4-4b4e-b0cc-48cda35aed20cross.png','IP_THD','v243bv6v2435c2345ff',1308460,107,NULL,NULL,NULL,0,2327),(207,-1,'Nút giao Trung Kính - Dương Đình Nghệ','Tầng 5, Tòa Tháp Ngôi Sao, Khu Đô Thị Mới Quận Cầu Giấy, Dương Đình Nghệ, Phường Cầu Giấy, Thành phố Hà Nội',21,'21.023245982080397,105.79002559861078','Nút giao Trung Kính - Dương Đình Nghệ','admin','2025-06-30 03:52:53','admin','2025-11-06 08:37:25','','traffic-light/id/2025/6/30/3h/09808881-5eed-44c9-ba9f-3bd491e170a5Camera.PNG','127.0.0.18:9000','f2435f2345v234vy6',1308452,108,NULL,NULL,NULL,0,2340),(211,1,'Nút giao BKNút giao BKNút giao BKNút giao BK111111111111111','Giải Phóng, Phường Kim Liên, Thành phố Hà Nội',7,'21.007649893426688,105.84137788724479','1234','admin','2025-07-07 08:04:01','system','2026-01-06 10:17:06','','traffic-light/id/2025/7/18/6h/c2437550-f0b1-4b41-8475-4c97ea442cddcross.png','127.0.0.1','11111',1308452,100,6,15,7,1,2327),(215,-1,'Nút giao Phạm Văn Bạch - Hoàng Quán Chi','01 P. Phạm Văn Bạch, Phường Cầu Giấy, Thành phố Hà Nội',7,'21.024619236043648,105.78916748153421','','admin','2025-07-09 02:55:53','admin','2025-11-06 08:37:15','','traffic-light/id/2025/7/11/17h/6920f4be-9a9e-4102-bdd4-e5d9fdbcb4caa5ceaf9a-8f07-4ac7-86ee-e443b10faea41720199905-img-8877-7959-width1966height1310.jpeg','127.0.0.1','1',1308465,118,4,12,4,1,2327),(217,-1,'nút giao check lập lịch','Hùng Vương, Phường Ba Đình, Thành phố Hà Nội',82,'21.032003,105.83419','','admin','2025-07-10 10:52:35','admin','2025-11-06 08:36:38','','traffic-light/id/2025/7/10/10h/7ca7d032-34ae-4a20-9dcd-1add2b078bb507-07-16.jpg','123','v2435vffr4324v',1308452,118,NULL,NULL,NULL,0,2329),(218,1,'Nút giao của riêng Phi Hồ','39 Phố Vạn Phúc, Phường Ngọc Hà, Thành phố Hà Nội',82,'21.03340371316449,105.82416926711926','','admin','2025-07-11 07:42:30','system','2025-10-29 04:11:12','','traffic-light/id/2025/7/16/4h/c01ef911-8176-42cd-b86b-f8cdda9b88aeChu-ky-tay-tren-giay.jpg','127.0.0.1','v143vrgftv4',1308463,119,NULL,NULL,NULL,1,2327),(219,-1,'nút giao check image','Hùng Vương, Phường Ba Đình, Thành phố Hà Nội',79,'21.032003,105.83419','rtyrtyrtyrty\nn\nn\nn\nn','admin','2025-07-18 02:55:10','admin','2025-11-06 08:24:10','','traffic-light/id/2025/7/30/2h/4bb438b1-a5d9-4849-993f-3cafadc982ed04-07-5.jpg','123.123.123','ID tủ điều khiển',1308452,116,NULL,NULL,NULL,0,2329),(220,-1,'Nút giao  Phạm Văn Bạch - Ngõ 9','Phạm Văn Bạch, Phường Cầu Giấy, Thành phố Hà Nội',82,'21.026187593430137,105.78825026050947','Nút giao thử nghiệm luồng điều khiển max pressure ytryrtyryty','admin','2025-07-25 09:15:39','admin','2025-11-06 08:23:43','','traffic-light/id/2025/7/25/9h/94d84e07-87e3-4d6b-9820-4223c9498f85he-thong-giao-thong-thong-minh11-47737996559441934929761.jpg','127.0.0.1','111',1308465,118,NULL,NULL,NULL,1,2327),(230,1,'Nút giao Trần Hữu Dực 1','2 Phố Trần Hữu Dực, Phường Từ Liêm, Thành phố Hà Nội',82,'21.02803004854293,105.7679060403284','','admin','2025-08-05 10:45:45','admin','2025-11-07 04:55:01','','traffic-light/id/2025/8/5/10h/2ecf3b7f-b83f-4e7d-869f-bb2c2eafdac801-08-3.jpg','aaaaaaaaa','aaaaaaa',1308462,119,NULL,NULL,NULL,0,2327),(292,1,'Nút giao Nguyễn Cơ Thạch','Hùng Vương, Phường Ba Đình, Thành phố Hà Nội',82,'21.032217517154038,105.76514994015497','sadfasdf','admin','2025-09-10 03:55:31','admin','2025-10-29 04:09:33','','traffic-light/id/2025/9/16/1h/65204017-166a-4a7f-9942-9e727a536ca7phihs-signature.png','1234','1234',NULL,119,NULL,NULL,NULL,0,2327),(296,1,'Duy test - update trên graph không','Hùng Vương, Phường Ba Đình, Thành phố Hà Nội',83,'21.032003,105.83419','12341234','admin','2025-09-15 10:24:59','admin','2025-10-29 04:10:09','','traffic-light/id/2025/9/16/8h/521d11bf-ff86-4786-8974-57ee4570697c04-09-1.jpg','1234123','12341234',NULL,120,NULL,NULL,NULL,0,2327),(305,1,'Hà test lưu v_lamp_by_stage','3 Núi Trúc, Phường Giảng Võ, Thành phố Hà Nội',83,'21.031007221374324,105.82174455016758','','admin','2025-09-16 10:10:07','admin','2025-10-29 04:10:25','','traffic-light/id/2025/9/16/10h/d660f34e-f7b5-49cd-8e5e-2da1b1054cc3cross.png','1','1',NULL,120,NULL,NULL,NULL,0,2327),(310,1,'Nút giao hapt63','Hùng Vương, Phường Ba Đình, Thành phố Hà Nội',83,'21.032003,105.83419','','admin','2025-09-19 07:52:02','system','2025-11-11 02:45:54','','traffic-light/id/2025/9/19/7h/8809619e-5bd7-4fbb-bcc2-59263904e366cross.png','1.2.3.4','1.1.1.2',NULL,120,NULL,NULL,NULL,0,2327),(311,-1,'Nút giao Đầu tiên cảu Duy','Phường Cầu Giấy, Thành phố Hà Nội',84,'21.036374146148077,105.78928124971446','Dữ liệu đúng','Duybt4','2025-10-03 04:18:42','admin','2025-11-06 10:23:24','','traffic-light/id/2025/10/3/4h/dd75ff18-5183-43ab-ba24-9656028c086ccross.png','12341234','12341234',NULL,122,NULL,NULL,NULL,0,2327),(312,1,'Phạm Văn Bạch - Hoàng Quán Chi','Phạm Văn Bạch, Phường Cầu Giấy, Thành phố Hà Nội',84,'21.026267869527246,105.78829457285491','33000000101000','admin','2025-10-03 04:37:37','system','2025-11-11 03:17:02','','traffic-light/id/2025/10/3/4h/b31fd2fb-7cb8-4091-ac49-d5bfd0f18023cross.png','1.4.3.2','33000000101000',NULL,122,NULL,NULL,NULL,0,2327),(313,1,'Nút giao Vành đai 2 - Dương Đinh Nghệ','Phường Yên Hòa, Thành phố Hà Nội',84,'21.022644210655585,105.79045040256551','','admin','2025-10-03 06:54:27','admin','2025-10-29 07:24:29','','traffic-light/id/2025/10/3/6h/4b309816-6fb3-4684-b188-13939d12bfd0cross.png','1','1',NULL,122,NULL,NULL,NULL,0,2327),(315,1,'Xuân Thủy - Trần Quý Kiên','370 Cầu Giấy, Phường Cầu Giấy, Thành phố Hà Nội',22,'21.03588773319872,105.79146394447048','ádf','Duybt4','2025-10-03 08:00:15','admin','2025-10-29 07:24:14','','traffic-light/id/2025/10/3/8h/3be7876e-e1bd-4172-9b7d-75d2e2388168cross.png','12341234','123412341234',NULL,100,NULL,NULL,NULL,0,2327),(316,1,'Trần Thái Tông - Vòng xuyến','121 Đường Trần Thái Tông, Phường Cầu Giấy, Thành phố Hà Nội',84,'21.027896088870534,105.78759524343627','Đây là Đài tiếng nói Việt Nam - Phát thanh từ Hà Nội','Duybt4','2025-10-03 10:22:32','admin','2025-10-29 08:59:12','','traffic-light/id/2025/10/3/10h/523c7720-22d0-4aef-b5c2-cfd2cd752acfcross.png','12341234aaaaasdf','12341234aaaaasdf',NULL,122,NULL,NULL,NULL,0,2327),(317,1,'[READONLY] Lê Đức Thọ - Trần Hữu Dực','2QH9+48M, Phường Từ Liêm, Thành phố Hà Nội',83,'21.02788692305336,105.76821231512815','','admin','2025-10-06 09:09:14','admin','2025-10-29 04:03:52','','traffic-light/id/2025/10/6/9h/dc00d24b-6baf-41ea-96fe-9b4d5210fd8ecross.png','12.23.34.45','LDT-TDH',NULL,121,NULL,NULL,NULL,0,2340),(318,1,'[READONLY] Trần Hữu Dực - Nguyễn Cơ Thạch - Đỗ Xuân Hợp','Tòa Nhà Thông Tấn, 124 Phố Trần Hữu Dực, Phường Từ Liêm, Thành phố Hà Nội',83,'21.029208262073368,105.76428693907252','','admin','2025-10-06 09:53:23','system','2025-10-31 10:22:24','','traffic-light/id/2025/10/6/9h/e0f77f1a-67f6-4319-9506-8376c58d8777cross.png','1.1.1.1','TDH-NCT-DXH',NULL,121,NULL,NULL,NULL,0,2327),(319,1,'[READONLY] Lê Đức Thọ - Nguyễn Hoàng - Hàm Nghi','P. Hàm Nghi, Phường Từ Liêm, Thành phố Hà Nội',82,'21.033436089185926,105.76978050520216','','admin','2025-10-08 07:44:42','system','2025-11-25 08:44:24','','traffic-light/id/2025/10/8/7h/b92ab9ec-5657-4eaa-91b8-aec595624086cross.png','127.0.0.1','LDT-NH-HN',NULL,119,NULL,NULL,NULL,1,2327),(320,1,'[READONLY] Nguyễn Cơ Thạch - Hàm Nghi','Phường Từ Liêm, Thành phố Hà Nội',82,'21.03449346517489,105.76596417547404','','admin','2025-10-08 07:58:30','admin','2026-02-27 10:26:43','','traffic-light/id/2025/10/8/7h/340bbdea-b567-4917-965c-14a38ddb8fddcross.png','2.0.2.2','NCT-HN',NULL,118,NULL,NULL,NULL,0,2327),(343,1,'[READONLY] Lê Đức Thọ - Hồ Tùng Mậu','Hùng Vương, Phường Ba Đình, Thành phố Hà Nội',82,'21.03829834706636,105.77205468570037','','admin','2025-10-08 08:59:30','admin','2025-10-29 04:02:53','','traffic-light/id/2025/10/8/8h/f015cda7-c484-49df-badf-3ea52e3381a2cross.png','1.1.2.3','LDT-NCT',NULL,119,NULL,NULL,NULL,0,2389),(347,1,'[READONLY] Hồ Tùng Mậu - Nguyễn Cơ Thạch','18C Ng. 199 Đ. Hồ Tùng Mậu, Phường Từ Liêm, Thành phố Hà Nội',82,'21.039553381975026,105.76779569499053','','admin','2025-10-08 09:15:32','admin','2025-10-29 04:02:45','','traffic-light/id/2025/10/8/9h/33bcad32-639d-4b6e-9517-9fd333e5bcaacross.png','2.3.4.5','HTM-NCT',NULL,119,NULL,NULL,NULL,0,2389),(348,1,'Bug #75411','Hùng Vương, Phường Ba Đình, Thành phố Hà Nội',84,'21.032003,105.83419','','admin','2025-10-14 08:15:37','admin','2025-10-29 04:02:01','','traffic-light/id/2025/10/14/8h/c92c3b5a-a5c3-47fe-b43f-8290e4caef41cross.png','Bug #75411','Bug #75411',NULL,122,NULL,NULL,NULL,0,2327),(356,1,'Lý Quốc Sư --- Nút giao Hà','Hùng Vương, Phường Ba Đình, Thành phố Hà Nội',84,'21.03098028137174,105.84860835253915','','admin','2025-10-21 10:24:12','admin','2025-10-29 07:23:53','','traffic-light/id/2025/10/21/10h/f4e4b92d-eb91-4b84-b8ee-bd03ff85b70bcross.png','123','Nút giao Hà',NULL,122,NULL,NULL,NULL,0,2327),(358,1,'ánh','Hùng Vương, Phường Ba Đình, Thành phố Hà Nội',84,'21.032003,105.83419','','testitl','2025-10-21 10:48:31','admin','2025-10-29 04:01:44','','traffic-light/id/2025/10/21/10h/aa32147c-b10a-4b41-87e3-462bcd39bd5fcross.png','121.0.0.1','25',NULL,122,NULL,NULL,NULL,0,2396),(359,1,'Duy test','Hùng Vương, Phường Ba Đình, Thành phố Hà Nội',84,'21.032003,105.83419','','Duybt4','2025-10-21 11:44:25','admin','2025-10-29 04:29:43','','traffic-light/id/2025/10/23/1h/c8fe94b8-2606-4fce-ae68-bfe0286e8311anhdep.jpg','1234','1234',NULL,122,NULL,NULL,NULL,0,2327),(360,1,'Nút giao liền kề với HÀ','44 P. Hàng Gai, Phường Hoàn Kiếm, Thành phố Hà Nội',84,'21.03223250960724,105.85072256563609','','admin','2025-10-22 03:46:38','admin','2025-10-29 04:00:32','','traffic-light/id/2025/10/22/3h/d2b2a058-89f1-4ab0-9aa0-a5e44685b9a5cross.png','ẻ','ẻ',NULL,122,NULL,NULL,NULL,0,2327),(361,1,'Nút giao check thử','Hùng Vương, Phường Ba Đình, Thành phố Hà Nội',84,'21.032003,105.83419','','admin','2025-10-22 04:14:45','system','2025-10-29 04:04:12','','traffic-light/id/2025/10/22/4h/b08fe545-3051-4bc3-bf52-ef33d64e1894cross.png','127.0.0.1','11',NULL,122,NULL,NULL,NULL,1,2396),(362,1,'Phi Hùng Intersection (anh Hùng vào)','8 P. Chu Văn An, Phường Ba Đình, Thành phố Hà Nội',83,'21.033207501456857,105.83599244446026','','admin','2025-10-23 03:28:16','admin','2026-01-16 03:28:17','','traffic-light/id/2025/10/23/3h/b19359ff-8fd4-4786-80cf-c544e9d82768cross.png','127.0.0.1','123',NULL,121,NULL,NULL,NULL,1,2327),(363,1,'thangnd54_cross_1','Hùng Vương, Phường Ba Đình, Thành phố Hà Nội',83,'21.032003,105.83419','','admin','2025-10-24 10:04:32','system','2026-01-08 10:38:33','','traffic-light/id/2025/10/24/10h/98ff0186-9f39-4499-a000-b4958d65095ecross.png','127.0.0.1','thangnd54_cross_1',NULL,121,NULL,NULL,NULL,1,2392),(364,1,'thangnd54_cross_1.2','Hùng Vương, Phường Ba Đình, Thành phố Hà Nội',83,'21.032003,105.83419','','admin','2025-10-24 10:06:10','admin','2025-11-19 03:43:08','','traffic-light/id/2025/10/24/10h/fbddf7ad-3fca-4dd3-856d-e022cdd2638ccross.png','1.2.3.4','thangnd54_cross_2',NULL,120,NULL,NULL,NULL,0,2399),(365,1,'thangnd54_cross_1.1.1','Hùng Vương, Phường Ba Đình, Thành phố Hà Nội',83,'21.032003,105.83419','','admin','2025-10-24 10:07:30','system','2026-05-12 06:58:20','','traffic-light/id/2025/10/24/10h/8b8c0c69-a144-496f-8054-b91356b59eb1cross.png','10.61.173.21','thangnd54_cross_1.1.1',NULL,121,NULL,NULL,NULL,0,2400),(366,1,'Check gộp chu kỳ','Điện Biên Phủ, Phường Ba Đình, Thành phố Hà Nội',83,'21.031825552705314,105.8396403439769','','admin','2025-10-27 02:56:59','testitl','2025-11-28 07:43:29','','traffic-light/id/2025/10/27/2h/325b36bf-17d6-423e-93da-12cbc312fa4fcross.png','1.2.3.4','rrre',NULL,121,NULL,NULL,NULL,0,2327),(369,-1,'ưerer','Hùng Vương, Phường Ba Đình, Thành phố Hà Nội',84,'21.032003,105.83419','','admin','2025-11-03 02:25:33','admin','2025-11-26 07:08:23','','traffic-light/id/2025/11/3/2h/e7c163ff-7015-4ded-bb23-f4a5efccbb53cross.png','127.0.0.1','2',NULL,131,NULL,NULL,NULL,1,2327),(370,-1,'Nút mới tinh','Phường Văn Miếu - Quốc Tử Giám, Thành phố Hà Nội',84,'21.029728620856417,105.83837008744933','','admin','2025-11-03 03:25:09','admin','2025-11-20 06:40:12','','traffic-light/id/2025/11/3/3h/bbab1772-b142-4ad0-9f6c-aa1acc08402fcross.png','12342345','123423452345',NULL,122,NULL,NULL,NULL,0,2327),(371,-1,'Nút mới','Điện Biên Phủ, Phường Ba Đình, Thành phố Hà Nội',84,'21.033327669423016,105.83846007675373','','admin','2025-11-03 03:31:17','admin','2025-11-06 02:54:57',NULL,'traffic-light/id/2025/11/3/3h/dc5ddebf-065f-4a3e-ba2c-95e9ee3493e1cross.png','safdasdf','1234egsdfg',NULL,122,NULL,NULL,NULL,0,2327),(372,-1,'Nút giao tạo lập lịch','Hùng Vương, Phường Ba Đình, Thành phố Hà Nội',84,'21.032003,105.83419','','admin','2025-11-03 07:47:34','admin','2025-11-03 08:46:58',NULL,'traffic-light/id/2025/11/3/7h/48d71fba-d088-4089-a132-db47d17269e8cross.png','Nút giao tạo lập lịch','Nút giao tạo lập lịch',NULL,122,NULL,NULL,NULL,0,2327),(373,1,'Nút check plan','Hùng Vương, Phường Ba Đình, Thành phố Hà Nội',7,'21.032003,105.83419','','admin','2025-11-03 08:50:29','admin','2026-01-06 08:54:19','','traffic-light/id/2025/11/3/8h/92431fb9-60bc-4b63-89d1-8a3449473ce0cross.png','1.2.3.4','Nút check plan',NULL,23,NULL,NULL,NULL,0,2327),(374,-1,'Nút giao Quận 1','8 Phạm Hồng Thái, Phường Bến Thành, Thành phố Hồ Chí Minh',84,'10.77142028258983,106.6932553580848','','admin','2025-11-04 02:07:17','admin','2025-11-06 02:43:55','','traffic-light/id/2025/11/6/2h/c2d2efec-27fc-442d-8eaa-263204a1ff9003-10-1.jpg','1.1.1.1.1.1','Nút giao Quận 1',NULL,122,NULL,NULL,NULL,0,2389),(375,-1,'Nút giao Quận 11111','8 Phạm Hồng Thái, Phường Bến Thành, Thành phố Hồ Chí Minh',84,'10.77142028258983,106.6932553580848','','admin','2025-11-04 02:07:17','admin','2025-11-06 03:30:11',NULL,'traffic-light/id/2025/11/4/2h/6901df24-dc46-4fa2-9f12-f220095db4c0cross.png','1.1.1.1.1.1','33000000101000',NULL,122,NULL,NULL,NULL,0,2389),(376,-1,'123','Hùng Vương, Phường Ba Đình, Thành phố Hà Nội',84,'21.032003,105.83419','','admin','2025-11-05 08:50:50','admin','2025-11-06 02:24:43',NULL,'traffic-light/id/2025/11/5/8h/48fbc688-834d-478a-bddb-d9d9d2f45aedcross.png','12323123','123',NULL,122,NULL,NULL,NULL,0,2327),(33000000101002,1,'svs','Hùng Vương, Phường Ba Đình, Thành phố Hà Nội',82,'21.032003,105.83419','','admin','2025-11-18 09:51:41','system','2026-01-09 07:29:48','','traffic-light/id/2025/11/18/9h/8ac69357-ed21-44bf-8473-413c6a980953cross.png','127.0.0.1','dfgdfg',NULL,119,NULL,NULL,NULL,1,2400),(33000000101003,1,'check delete','Hùng Vương, Phường Ba Đình, Thành phố Hà Nội',14,'21.032003,105.83419','','admin','2025-11-26 07:11:02','admin','2026-01-05 07:32:23','','traffic-light/id/2026/1/5/7h/69616cf4-1e65-43de-8699-25258227dea0cross.png','check delete','check delete',NULL,38,NULL,NULL,NULL,0,2327),(33000000101014,1,'rty','Hùng Vương, Đặc khu Phú Quốc, Tỉnh An Giang',83,'10.221850378161562,103.97269907143709','','admin','2025-12-16 04:21:51','admin','2026-04-28 08:50:19','','traffic-light/id/2026/1/5/7h/f74f924b-4ac3-42cd-8824-aa19efc086b0cross.png','1.2.3.4','127.0.0.1',NULL,121,NULL,NULL,NULL,0,2327),(33000000101015,-1,'hfhfg','Hùng Vương, Phường Ba Đình, Thành phố Hà Nội',83,'21.032003,105.83419','','admin','2025-12-16 04:23:53','admin','2025-12-16 04:38:49','','traffic-light/id/2025/12/16/4h/07e46aa2-dc73-4c0d-a1d3-4e87b5f5c1a1cross.png','fh','fhfgh',NULL,121,NULL,NULL,NULL,0,2327),(33000000101019,1,'Duy test anh','Hùng Vương, Phường Ba Đình, Thành phố Hà Nội',9,'21.032003,105.83419','','admin','2026-01-05 07:40:08','admin','2026-05-13 08:10:21','','traffic-light/id/2026/1/5/7h/fcd72f85-1104-42a0-a1c6-a31c6851152across.png','1.2.3.4','1234',NULL,116,NULL,NULL,NULL,0,2400);
/*!40000 ALTER TABLE `v_cross` ENABLE KEYS */;
UNLOCK TABLES;

--
-- Table structure for table `v_cycle`
--

DROP TABLE IF EXISTS `v_cycle`;
/*!40101 SET @saved_cs_client     = @@character_set_client */;
/*!50503 SET character_set_client = utf8mb4 */;
CREATE TABLE `v_cycle` (
  `id` bigint NOT NULL AUTO_INCREMENT,
  `is_active` int DEFAULT NULL,
  `cross_id` bigint DEFAULT NULL,
  `cycle_name` varchar(255) DEFAULT NULL,
  `parent_cycle_id` bigint DEFAULT NULL,
  `red_clear` int DEFAULT NULL,
  `yellow` int DEFAULT NULL,
  `number_of_stages` int DEFAULT NULL,
  `description` varchar(2000) DEFAULT NULL,
  `cycle_type` int NOT NULL COMMENT 'chu ky goc = 0, chu ky con = 1, chu ky lan song xanh = 2',
  `cycle_length` int DEFAULT NULL,
  `created_by` varchar(500) DEFAULT NULL,
  `created_date` datetime DEFAULT NULL,
  `modified_by` varchar(500) DEFAULT NULL,
  `modified_date` datetime DEFAULT NULL,
  `old_id` varchar(255) DEFAULT NULL,
  PRIMARY KEY (`id`)
) ENGINE=InnoDB AUTO_INCREMENT=732 DEFAULT CHARSET=utf8mb4 COLLATE=utf8mb4_0900_ai_ci;
/*!40101 SET character_set_client = @saved_cs_client */;

--
-- Dumping data for table `v_cycle`
--

LOCK TABLES `v_cycle` WRITE;
/*!40000 ALTER TABLE `v_cycle` DISABLE KEYS */;
INSERT INTO `v_cycle` VALUES (25,-1,20,'ck1',NULL,NULL,NULL,3,'111',0,3,'system','2024-12-18 01:25:54','system','2024-12-18 01:25:54','111'),(58,-1,20,'ck3',25,NULL,NULL,3,'111',0,3,'admin','2024-12-23 08:20:41','admin','2024-12-23 08:20:41','111'),(60,-1,20,'ck5',25,NULL,NULL,3,'111',0,3,'admin','2024-12-23 08:26:49','admin','2024-12-23 08:26:49','111'),(62,-1,20,'ck7',25,NULL,NULL,3,'111',0,3,'admin','2024-12-23 08:35:46','admin','2024-12-23 08:35:46','111'),(102,-1,50,'chu kỳ gốc của giao lộ',NULL,NULL,NULL,1,NULL,0,NULL,'admin','2025-03-11 03:15:44','admin','2025-03-11 03:15:44','ud'),(197,1,NULL,'cycle name',NULL,NULL,NULL,3,'ghi chu linh tinh',2,NULL,'phihs','2025-05-15 04:19:13','phihs','2025-05-15 04:19:13','OLD123'),(199,1,NULL,'cycle name',NULL,NULL,NULL,3,'ghi chu linh tinh',2,NULL,'phihs','2025-05-15 04:57:16','phihs','2025-05-15 04:57:16','OLD123'),(200,1,NULL,'cycle name',NULL,NULL,NULL,3,'ghi chu linh tinh',2,NULL,'phihs','2025-05-15 07:23:04','phihs','2025-05-15 07:23:04','OLD123'),(201,1,NULL,'cycle name',NULL,NULL,NULL,3,'ghi chu linh tinh',2,NULL,'phihs','2025-05-15 07:24:26','phihs','2025-05-15 07:24:26','OLD123'),(202,1,NULL,'cycle name',NULL,NULL,NULL,3,'ghi chu linh tinh',2,NULL,'phihs','2025-05-15 07:28:23','phihs','2025-05-15 07:28:23','OLD123'),(203,1,NULL,'cycle name',NULL,NULL,NULL,3,'ghi chu linh tinh',2,NULL,'phihs','2025-05-15 07:37:21','phihs','2025-05-15 07:37:21','OLD123'),(208,1,NULL,'cycle name',NULL,NULL,NULL,3,'ghi chu linh tinh',2,NULL,'phihs','2025-05-15 08:20:34','phihs','2025-05-15 08:20:34','OLD123'),(214,1,NULL,'cycle name',NULL,NULL,NULL,3,'ghi chu linh tinh',2,NULL,'phihs','2025-05-15 12:07:03','phihs','2025-05-15 12:07:03','OLD123'),(217,1,NULL,'cycle name',NULL,NULL,NULL,3,'ghi chu linh tinh',2,NULL,'phihs','2025-05-15 12:07:45','phihs','2025-05-15 12:07:45','OLD123'),(220,1,NULL,'cycle name',NULL,NULL,NULL,3,'ghi chu linh tinh',2,NULL,'phihs','2025-05-15 12:29:11','phihs','2025-05-15 12:29:11','OLD123'),(223,1,NULL,'cycle name',NULL,NULL,NULL,3,'ghi chu linh tinh',2,NULL,'phihs','2025-05-15 12:30:26','phihs','2025-05-15 12:30:26','OLD123'),(226,1,NULL,'cycle name',NULL,NULL,NULL,3,'ghi chu linh tinh',2,NULL,'phihs','2025-05-15 12:32:24','phihs','2025-05-15 12:32:24','OLD123'),(229,1,NULL,'2025-05-16',NULL,NULL,NULL,3,'ghi chu linh tinh',2,NULL,'phihs','2025-05-16 09:33:39','phihs','2025-05-16 09:33:39',NULL),(232,1,NULL,'2025-05-16',NULL,NULL,NULL,3,'ghi chu linh tinh',2,NULL,'phihs','2025-05-16 09:39:10','phihs','2025-05-16 09:39:10',NULL),(235,1,NULL,'2025-05-16',NULL,NULL,NULL,3,'ghi chu linh tinh',2,NULL,'phihs','2025-05-16 09:41:38','phihs','2025-05-16 09:41:38',NULL),(238,1,NULL,'2025-05-16',NULL,NULL,NULL,3,'ghi chu linh tinh',2,NULL,'phihs','2025-05-16 09:46:51','phihs','2025-05-16 09:46:51',NULL),(241,1,NULL,'2025-05-16',NULL,NULL,NULL,3,'ghi chu linh tinh',2,NULL,'phihs','2025-05-16 09:47:40','phihs','2025-05-16 09:47:40',NULL),(244,1,NULL,'2025-05-16',NULL,NULL,NULL,3,'ghi chu linh tinh',2,NULL,'phihs','2025-05-16 09:50:11','phihs','2025-05-16 09:50:11',NULL),(442,1,191,'ck gốc 1',NULL,NULL,NULL,2,'',0,NULL,'admin','2025-06-25 05:06:16','admin','2025-10-16 07:25:44','ck gốc 1'),(454,1,198,'hapt',NULL,2,23,1,'',1,45,'admin','2025-06-27 02:20:59','admin','2025-11-20 09:34:08','23'),(463,1,205,'Chu kỳ gốc 01',NULL,NULL,NULL,3,'Ghi chú',0,NULL,'admin','2025-06-27 10:10:43','admin','2025-06-27 10:10:43','ID chu kỳ'),(464,1,205,'1',NULL,NULL,NULL,1,'',0,NULL,'admin','2025-06-27 10:10:43','admin','2025-06-27 10:10:43','1'),(465,1,206,'Chu kỳ gốc nút giao Trần Hữu Dực',NULL,NULL,NULL,4,'đề test',0,NULL,'admin','2025-06-30 01:32:52','admin','2025-07-14 03:57:43','IDCK01'),(468,-1,209,'Chu kỳ 1',NULL,NULL,NULL,3,'Chu kỳ bình thường hằng ngày',0,NULL,'admin','2025-06-30 11:41:16','admin','2025-07-07 07:39:21','1nhz23'),(469,-1,209,'ck PVB',NULL,NULL,NULL,3,'',0,NULL,'admin','2025-06-30 11:54:24','admin','2025-07-18 11:26:38','1nhz23'),(471,-1,209,'ck PVB chuẩn',469,NULL,NULL,3,'',1,92,'admin','2025-07-01 12:00:30','admin','2025-07-01 12:20:02','1nhz23'),(473,1,211,'Nút giao BK - ck gốc',NULL,NULL,NULL,3,'111',0,NULL,'admin','2025-07-07 08:04:01','admin','2025-07-18 09:23:38','1111'),(489,-1,209,'ck con PVB',468,NULL,NULL,3,'',1,109,'admin','2025-07-10 12:50:16','admin','2025-07-10 12:50:16','1nhz23'),(491,1,206,'Chu kỳ con THD',465,NULL,NULL,3,'Không có',1,86,'admin','2025-07-11 04:11:54','admin','2025-07-11 04:11:54','IDCK01'),(492,1,205,'Văn Miếu',464,NULL,NULL,1,'',1,19,'admin','2025-07-11 06:57:29','admin','2025-07-11 06:57:29','1'),(493,1,218,'Chu Kỳ dlkfj309dj - nút giao Phi Hồ',NULL,NULL,NULL,2,'',0,NULL,'admin','2025-07-11 07:42:31','admin','2025-10-23 02:24:35','dlkfj309dj'),(494,1,218,'Chu kỳ nút giao Phi Hồ',493,NULL,NULL,2,'',1,48,'admin','2025-07-11 07:59:48','admin','2025-07-11 07:59:48','dlkfj309dj'),(495,1,211,'ck gốc nút giao BK test2',NULL,NULL,NULL,2,'',0,NULL,'admin','2025-07-12 10:12:20','admin','2025-07-18 10:16:46','ck gốc nút giao BK test2'),(496,1,211,'ck con test',495,NULL,NULL,2,'',1,86,'admin','2025-07-12 10:13:08','phihs','2025-07-21 04:09:43','ck gốc nút giao BK test2'),(504,-1,209,'chu kỳ nttt',469,NULL,NULL,3,'',1,450,'admin','2025-07-18 03:49:55','admin','2025-08-04 02:28:50','1nhz23'),(505,-1,209,'ưerwer',NULL,NULL,NULL,1,'',0,NULL,'admin','2025-07-18 11:25:36','admin','2025-07-18 11:25:36','ưer'),(518,1,230,'rr',NULL,1,1,2,'',1,NULL,'admin','2025-08-05 10:45:45','admin','2025-11-07 04:55:03','ẻwe'),(519,-1,231,'Chu kỳ gốc nút giao T8',NULL,NULL,NULL,2,'',0,NULL,'admin','2025-08-06 07:36:22','admin','2025-08-06 07:36:22','old123'),(551,-1,275,'Chu kỳ gốc hapt63',NULL,NULL,NULL,2,'',0,NULL,'admin','2025-08-20 09:36:01','admin','2025-08-20 09:36:01','Chu kỳ gốc hapt63'),(554,1,230,'ưerwer',518,NULL,NULL,2,'',1,316,'admin','2025-09-08 04:01:27','admin','2025-09-08 04:01:27','ẻwe'),(559,1,292,'Chu kỳ hapt',NULL,NULL,NULL,3,'',0,NULL,'admin','2025-09-10 10:54:16','admin','2025-09-10 11:00:25','Chu kỳ hapt'),(560,1,292,'Chu kỳ con hapt',559,NULL,NULL,3,'',1,474,'admin','2025-09-11 02:14:03','admin','2025-09-11 02:14:03','Chu kỳ hapt'),(567,1,191,'test',442,NULL,NULL,2,'',1,158,'admin','2025-09-14 08:49:40','admin','2025-09-14 08:49:40','ck gốc 1'),(569,1,230,'Chu kỳ trigger của test',555,NULL,NULL,1,'',1,47,'admin','2025-09-14 11:10:08','admin','2025-09-14 11:10:08','asdf'),(572,1,296,'Chu ky goc Duy test',NULL,NULL,NULL,3,'231412341234',0,NULL,'admin','2025-09-15 10:25:01','admin','2025-09-15 11:09:17','12341234'),(581,1,305,'Chu kỳ gốc v_lamp_by_stage',NULL,NULL,NULL,3,'',0,NULL,'admin','2025-09-16 10:10:10','admin','2025-09-16 11:48:43','1'),(586,1,310,'Chu kỳ gốc',NULL,NULL,NULL,3,'',0,NULL,'admin','2025-09-19 07:52:04','admin','2025-09-19 08:53:09','1'),(587,1,305,'test123',581,NULL,NULL,3,'',1,177,'admin','2025-09-22 07:08:35','admin','2025-09-22 07:08:35','1'),(588,1,296,'test4566',572,NULL,NULL,3,'',1,111,'admin','2025-09-22 07:10:26','admin','2025-09-22 07:10:26','12341234'),(589,1,310,'test789',586,NULL,NULL,3,'',1,247,'admin','2025-09-22 07:11:16','admin','2025-09-22 07:11:16','1'),(591,1,312,'Chu kỳ Viettel Adaptive',NULL,NULL,NULL,3,'',0,NULL,'admin','2025-10-03 04:37:38','admin','2025-10-03 04:37:38','2'),(592,1,313,'Chu kỳ Dương Đình Nghệ',NULL,NULL,NULL,3,'',0,NULL,'admin','2025-10-03 06:54:30','admin','2025-10-03 06:54:30','Chu kỳ Dương Đình Nghệ'),(593,-1,314,'Thành Thái',NULL,NULL,NULL,2,'',0,NULL,'admin','2025-10-03 07:50:58','admin','2025-10-03 07:50:58','1'),(594,1,315,'Chu kỳ gốc Trần Quý Kiên - Cầu Giấy',NULL,NULL,NULL,2,'',0,NULL,'Duybt4','2025-10-03 08:00:20','Duybt4','2025-10-03 08:00:20','123451234'),(595,1,312,'Chu kỳ con PVB- HQB',591,NULL,NULL,3,'',1,95,'admin','2025-10-03 09:47:41','admin','2025-10-03 09:47:41','2'),(596,1,313,'Chu kỳ con nút giao Vành đai 2 - Dương Đình Nghệ',592,NULL,NULL,3,'',1,89,'admin','2025-10-03 09:48:37','admin','2025-10-03 09:48:37','Chu kỳ Dương Đình Nghệ'),(597,-1,314,'Duy Tân - Thành Thái chu kỳ con',593,NULL,NULL,2,'',1,82,'admin','2025-10-03 09:49:10','admin','2025-10-03 09:49:10','1'),(598,1,316,'sdfg',NULL,NULL,NULL,1,'sdfg',0,NULL,'Duybt4','2025-10-03 10:22:32','Duybt4','2025-10-03 10:22:32','sdfg'),(609,1,347,'Chu kỳ gốc Hồ Tùng Mậu - Nguyễn Cơ Thạch',NULL,NULL,NULL,2,'',0,NULL,'admin','2025-10-09 09:59:06','admin','2025-10-09 09:59:06','1'),(610,1,343,'Chu kỳ gốc HTM - Lê Đức Thọ',NULL,NULL,NULL,3,'Chu kỳ gốc tuyến Hồ Tùng Mậu - Lê Đức Thọ',1,NULL,'admin','2025-10-09 10:02:53','admin','2025-10-09 10:02:53','2'),(611,1,320,'Chu kỳ gốc Lê Đức Thọ - Hàm Nghi',NULL,NULL,NULL,3,'Chu kỳ gốc Lê Đức Thọ - Hàm Nghi',0,98,'admin','2025-10-09 10:07:50','admin','2026-02-27 10:25:35','3'),(612,1,319,'Pha gốc Lê Đức Thọ - Hàm Nghi',NULL,NULL,NULL,3,'Pha gốc Lê Đức Thọ - Hàm Nghi',0,NULL,'admin','2025-10-09 10:11:44','admin','2025-10-09 10:11:44','4'),(613,1,318,'chu kỳ gốc Trần Hữu Dực -Nguyễn Cơ Thạch - Đỗ Xuân Hợp',NULL,NULL,NULL,3,'chu kỳ gốc Trần Hữu Dực -Nguyễn Cơ Thạch - Đỗ Xuân Hợp',0,NULL,'admin','2025-10-09 10:21:42','admin','2025-10-09 10:21:42','5'),(614,1,317,'Chu kỳ gốc Lê Đức Thọ - Trần Hữu Dực',NULL,NULL,NULL,3,'Chu kỳ gốc Lê Đức Thọ - Trần Hữu Dực',0,NULL,'admin','2025-10-09 10:25:36','admin','2025-10-09 10:25:36','6'),(615,1,347,'[READONLY] Chu kỳ PC điều khiển Hồ Tùng Mậu - Nguyễn Cơ Thạch',609,NULL,NULL,2,'Chu kỳ PC điều khiển Hồ Tùng Mậu - Nguyễn Cơ Thạch',1,83,'admin','2025-10-09 10:27:34','admin','2025-10-09 10:27:58','1'),(616,1,343,'[READONLY] Chu kỳ điều khiển PC Lê Đức Thọ - Hồ Tùng Mậu',610,NULL,NULL,3,'Chu kỳ điều khiển PC Lê Đức Thọ - Hồ Tùng Mậu',1,102,'admin','2025-10-09 10:30:43','admin','2025-10-09 10:30:43','2'),(617,1,320,'[READONLY] chu kỳ chính điều khiển PC Nguyễn Cơ Thạch - Hàm Nghi',NULL,NULL,NULL,3,'chu kỳ chính điều khiển PC Nguyễn Cơ Thạch - Hàm Nghi',1,107,'admin','2025-10-09 10:31:46','admin','2025-10-09 10:31:46','3'),(618,1,319,'[READONLY] Chu kỳ chính điều khiển nút Lê Đức Thọ - Nguyễn Hoàng - Hàm Nghi',612,NULL,NULL,3,'Chu kỳ chính điều khiển nút Lê Đức Thọ - Nguyễn Hoàng - Hàm Nghi',1,107,'admin','2025-10-09 10:33:56','admin','2025-10-09 10:33:56','4'),(619,1,318,'[READONLY] Chu kỳ chính điều khiển khu vực Trần Hữu Dực - Nguyễn Cơ Thạch - Đỗ Xuân Hợp',613,NULL,NULL,3,'Chu kỳ chính điều khiển khu vực Trần Hữu Dực - Nguyễn Cơ Thạch - Đỗ Xuân Hợp',1,107,'admin','2025-10-09 10:35:14','admin','2025-10-09 10:35:14','5'),(620,1,317,'[READONLY] Chu kỳ chính điều khiển khu vực Lê Đức Thọ - Trần Hữu Dực',614,NULL,NULL,3,'Chu kỳ chính điều khiển khu vực Lê Đức Thọ - Trần Hữu Dực',1,92,'admin','2025-10-09 10:36:18','admin','2025-10-09 10:36:18','6'),(622,-1,314,'Chu kỳ test trigger',593,NULL,NULL,2,'',1,125,'admin','2025-10-10 09:56:00','admin','2025-10-10 09:56:00','1'),(623,1,313,'Chu kỳ trigger',NULL,1,2,3,'',1,NULL,'admin','2025-10-10 09:56:26','admin','2025-10-28 03:14:40','Chu kỳ Dương Đình Nghệ'),(635,1,348,'Bug #75411',NULL,NULL,NULL,1,NULL,0,NULL,'admin','2025-10-14 08:15:38','admin','2025-10-17 03:04:25','Bug #75411'),(636,-1,314,'Chu kỳ trigger Thành Thái',593,NULL,NULL,2,'',0,72,'admin','2025-10-15 03:33:56','admin','2025-10-15 03:33:56','1'),(638,1,356,'Chu kỳ nút giao Hà tét',NULL,NULL,NULL,1,NULL,0,NULL,'admin','2025-10-21 10:24:13','admin','2025-10-21 10:24:13','Chu kỳ nút giao Hà tét'),(639,1,356,'Chu kỳ lập lịch tai nút',638,NULL,NULL,1,'',1,37,'admin','2025-10-21 10:25:50','admin','2025-10-21 10:25:50','Chu kỳ nút giao Hà tét'),(642,1,359,'asd',NULL,NULL,NULL,1,NULL,0,NULL,'Duybt4','2025-10-21 11:44:29','Duybt4','2025-10-21 12:00:15','asdf'),(643,1,359,'zxcv',NULL,NULL,NULL,3,'zxcv',0,NULL,'Duybt4','2025-10-21 12:00:15','Duybt4','2025-10-21 12:00:15','zxcv'),(644,1,358,'check lại',NULL,NULL,NULL,2,NULL,0,NULL,'admin','2025-10-22 01:44:03','admin','2025-10-22 01:44:03','57'),(645,1,360,'Chu kỳ liên kề với cross Jaf',NULL,NULL,NULL,2,NULL,0,NULL,'admin','2025-10-22 03:46:39','admin','2025-10-22 03:46:39','Chu kỳ liên kề với cross Jaf'),(646,1,361,'check',NULL,NULL,NULL,1,NULL,0,NULL,'admin','2025-10-22 04:14:45','admin','2025-10-22 04:14:45','23'),(654,1,363,'thangnd54_cross_1_T_1',NULL,30,3,1,NULL,1,48,'admin','2025-10-24 10:04:34','admin','2025-11-27 12:45:14','thangnd54_cross_1_T_1'),(655,1,364,'thangnd54_cross_1.2_T_1',NULL,30,3,2,NULL,1,96,'admin','2025-10-24 10:06:12','admin','2025-11-19 03:43:11','thangnd54_cross_1.2_T_1'),(656,1,365,'thangnd54_cross_1.1.1_T_1',NULL,30,3,2,NULL,1,96,'admin','2025-10-24 10:07:31','admin','2025-11-19 03:45:21','thangnd54_cross_1.1.1_T_1'),(664,1,366,'4',NULL,4,4,2,NULL,1,46,'admin','2025-10-28 09:16:21','admin','2025-11-07 07:55:57','4'),(666,1,319,'Chu kỳ điều khiển phụ thời gian thấp điểm nút Lê Đức Thọ - Nguyễn Hoàng - Hàm Nghi',NULL,1,3,3,'Chu kỳ phụ điều khiển thời gian thấp điểm',1,NULL,'admin','2025-10-29 03:12:48','admin','2025-10-29 03:12:48','121'),(667,1,347,'Chu kỳ đk thích ứng full các khung giờ trong ngày',NULL,1,3,2,'Chu kỳ đk thích ứng full các khung giờ trong ngày nút giao Hồ Tùng Mậu - Nguyễn Cơ Thạch',1,NULL,'admin','2025-10-29 03:52:04','admin','2025-10-29 03:52:04','10001'),(668,1,343,'[READONLY] Chu kỳ điều khiển PC Lê Đức Thọ - Hồ Tùng Mậu',NULL,1,3,3,'[READONLY] Chu kỳ điều khiển PC Lê Đức Thọ - Hồ Tùng Mậu',1,NULL,'admin','2025-10-29 03:57:21','admin','2025-10-29 03:57:21','10002'),(673,1,362,'2',NULL,22,22,1,'22',1,59,'Hungnm99','2025-10-29 11:46:08','admin','2025-11-28 02:32:57','2'),(675,-1,362,'c1',NULL,111,111,2,'111',1,493,'Hungnm99','2025-10-30 04:11:03','admin','2025-10-30 13:38:36','c1'),(683,-1,370,'Chu kỳ',NULL,30,3,1,NULL,1,NULL,'admin','2025-11-03 03:25:09','admin','2025-11-20 06:40:12','1234'),(695,1,33000000101002,'ux',NULL,2,2,2,NULL,1,52,'admin','2025-11-18 09:51:41','admin','2025-11-26 04:38:16','sfs'),(696,1,373,'test1811',NULL,1,3,1,'',1,19,'admin','2025-11-18 09:53:17','admin','2025-11-26 04:38:01','ck phihs'),(697,-1,369,'ck phihs 2',NULL,3,1,1,NULL,1,19,'admin','2025-11-19 03:30:11','admin','2025-11-26 07:08:23','ck phihs'),(698,-1,369,'ck phihs',NULL,3,1,1,NULL,1,19,'admin','2025-11-19 03:30:20','admin','2025-11-26 07:08:23','ck phihs'),(699,-1,364,'ck test',NULL,1,2,1,NULL,1,18,'admin','2025-11-19 03:43:11','admin','2025-11-26 04:34:36','ck test'),(700,-1,365,'ck test phihs',NULL,1,3,1,NULL,1,19,'admin','2025-11-19 03:45:21','admin','2025-11-20 09:30:34','ck test phihs'),(701,-1,33000000101003,'sg',NULL,4,4,1,NULL,1,23,'admin','2025-11-19 07:08:38','admin','2025-11-20 06:48:48','sgf'),(702,-1,33000000101002,'nameCycle',NULL,2,3,1,'',1,30,'admin','2025-11-26 03:01:10','admin','2025-11-26 03:52:23','IDCycle'),(703,-1,33000000101002,'nameCycle',NULL,1,3,1,'',1,29,'admin','2025-11-26 04:44:39','admin','2025-11-26 04:44:39','IDCycle'),(704,-1,33000000101002,'nameCycle',NULL,2,3,1,'',1,30,'admin','2025-11-26 04:54:07','admin','2025-11-26 04:54:24','IDCycle'),(705,-1,33000000101002,'nameCycle',NULL,2,3,1,'',1,30,'admin','2025-11-26 06:46:01','admin','2025-11-26 06:46:20','IDCycle'),(706,1,33000000101003,'check delete',NULL,123,123,1,NULL,1,261,'admin','2025-11-26 07:11:03','admin','2025-11-26 07:11:03','check delete'),(707,-1,33000000101003,'nameCycle',NULL,2,3,1,'',1,30,'admin','2025-11-26 07:34:27','admin','2025-11-26 07:34:47','IDCycle'),(708,-1,33000000101003,'nameCycle',NULL,2,3,1,'',1,30,'admin','2025-11-28 09:05:22','admin','2025-11-28 09:05:41','IDCycle'),(709,-1,33000000101003,'nameCycle',NULL,2,3,1,'',1,30,'admin','2025-11-28 09:22:48','admin','2025-11-28 09:23:08','IDCycle'),(710,-1,33000000101003,'nameCycle',NULL,2,3,1,'',1,30,'admin','2025-11-28 09:36:51','admin','2025-11-28 09:37:12','IDCycle'),(711,-1,33000000101003,'nameCycle',NULL,1,3,1,'',1,29,'admin','2025-11-28 09:53:08','admin','2025-11-28 09:53:08','IDCycle'),(712,-1,33000000101003,'nameCycle',NULL,2,3,1,'',1,30,'admin','2025-11-28 10:04:56','admin','2025-11-28 10:05:16','IDCycle'),(713,-1,33000000101003,'nameCycle',NULL,2,3,1,'',1,30,'admin','2025-11-28 10:19:54','admin','2025-11-28 10:20:12','IDCycle'),(714,-1,33000000101003,'nameCycle',NULL,2,3,1,'',1,30,'admin','2025-11-28 10:31:29','admin','2025-11-28 10:31:53','IDCycle'),(715,-1,33000000101003,'nameCycle',NULL,2,3,1,'',1,30,'admin','2025-11-28 10:54:42','admin','2025-11-28 10:55:02','IDCycle'),(716,1,33000000101003,'test0212',NULL,1,3,1,'',1,19,'testitl','2025-12-02 04:05:24','testitl','2025-12-02 04:05:24','test0212'),(717,1,33000000101003,'test03',NULL,1,1,1,NULL,1,17,'testitl','2025-12-02 04:06:36','testitl','2025-12-02 04:06:36','test03'),(718,1,33000000101003,'qưe',NULL,1,2,1,'',1,18,'admin','2025-12-16 02:47:00','admin','2025-12-16 02:59:08','ưe'),(719,1,33000000101014,'rtyrty',NULL,4,4,1,NULL,1,23,'admin','2025-12-16 04:21:53','admin','2026-01-20 07:51:42','rty'),(720,-1,33000000101015,'343',NULL,3,3,1,NULL,1,21,'admin','2025-12-16 04:23:54','admin','2025-12-16 04:38:49','34'),(721,1,33000000101019,'Duy test cycle',NULL,NULL,NULL,1,NULL,1,34,'admin','2026-01-05 07:40:09','admin','2026-03-09 10:25:25','1234'),(722,1,33000000101019,'1234',NULL,NULL,NULL,1,'1234',1,33,'admin','2026-01-22 09:12:15','admin','2026-01-23 03:23:25','1234'),(723,-1,33000000101019,'1234',NULL,NULL,NULL,2,'1234',1,48,'admin','2026-01-22 09:23:48','admin','2026-01-22 09:30:46','1234'),(724,1,33000000101003,'Duy  test',NULL,NULL,NULL,2,'1234',1,52,'admin','2026-01-22 09:31:35','admin','2026-01-22 09:47:43','1234'),(725,1,347,'ck tuan test',NULL,NULL,NULL,2,'',1,46,'admin','2026-01-27 09:06:27','admin','2026-01-27 09:06:27','123'),(726,1,33000000101019,'ck test tuannv',NULL,NULL,NULL,3,NULL,1,72,'admin','2026-01-28 04:14:27','admin','2026-03-09 10:25:25','111'),(727,-1,347,'Cycle name',NULL,NULL,NULL,3,'Note',1,72,'admin','2026-02-10 09:54:52','admin','2026-02-10 09:54:52','Cycle ID'),(728,1,347,'555',NULL,NULL,NULL,1,'77',1,24,'admin','2026-03-05 01:48:22','admin','2026-03-17 07:21:35','777'),(729,1,33000000101019,'ck test 04/05',NULL,NULL,NULL,2,'',1,48,'admin','2026-05-04 02:59:53','admin','2026-05-04 02:59:53','1'),(730,1,362,'test anco',NULL,NULL,NULL,2,'',1,48,'admin','2026-05-04 08:31:55','admin','2026-05-12 05:57:23','11'),(731,-1,33000000101014,'Pleiku',NULL,NULL,NULL,1,'Pleiku edited',1,24,'admin','2026-05-12 08:12:48','admin','2026-05-12 08:53:17','Pleiku');
/*!40000 ALTER TABLE `v_cycle` ENABLE KEYS */;
UNLOCK TABLES;

--
-- Table structure for table `v_device_type`
--

DROP TABLE IF EXISTS `v_device_type`;
/*!40101 SET @saved_cs_client     = @@character_set_client */;
/*!50503 SET character_set_client = utf8mb4 */;
CREATE TABLE `v_device_type` (
  `id` bigint NOT NULL AUTO_INCREMENT,
  `device_type_code` varchar(100) DEFAULT NULL COMMENT 'Mã loại thiết bị',
  `device_type_name` varchar(500) DEFAULT NULL COMMENT 'Tên loại thiết bị',
  `status` int DEFAULT NULL COMMENT 'Trạng thái',
  `created_by` varchar(500) DEFAULT NULL,
  `created_date` datetime DEFAULT NULL,
  `modified_by` varchar(500) DEFAULT NULL,
  `modified_date` datetime DEFAULT NULL,
  `type` int DEFAULT NULL,
  PRIMARY KEY (`id`),
  UNIQUE KEY `v_device_type_list_id_IDX` (`id`) USING BTREE,
  UNIQUE KEY `v_device_type_list_un` (`device_type_code`)
) ENGINE=InnoDB AUTO_INCREMENT=23 DEFAULT CHARSET=utf8mb4 COLLATE=utf8mb4_0900_ai_ci;
/*!40101 SET character_set_client = @saved_cs_client */;

--
-- Dumping data for table `v_device_type`
--

LOCK TABLES `v_device_type` WRITE;
/*!40000 ALTER TABLE `v_device_type` DISABLE KEYS */;
INSERT INTO `v_device_type` VALUES (11,'L01','device.device-type.lamp.lamp-straight',1,'admin',NULL,NULL,NULL,2),(12,'L02','device.device-type.lamp.lamp-left',1,'admin',NULL,NULL,NULL,2),(13,'L03','device.device-type.lamp.lamp-right',1,'admin',NULL,NULL,NULL,2),(17,'L04','device.device-type.lamp.lamp-turn-around',1,'admin',NULL,NULL,NULL,2),(18,'L05','device.device-type.lamp.lamp-walker',1,'admin',NULL,NULL,NULL,2),(19,'C01','device.device-type.camera.camera-monitoring',1,'admin',NULL,NULL,NULL,1),(20,'C02','device.device-type.camera.camera-flow',1,'admin',NULL,NULL,NULL,1),(21,'C03','device.device-type.camera.camera-speed',1,'admin',NULL,NULL,NULL,1),(22,'C04','device.device-type.camera.camera-penalty',1,'admin',NULL,NULL,NULL,1);
/*!40000 ALTER TABLE `v_device_type` ENABLE KEYS */;
UNLOCK TABLES;

--
-- Table structure for table `v_image`
--

DROP TABLE IF EXISTS `v_image`;
/*!40101 SET @saved_cs_client     = @@character_set_client */;
/*!50503 SET character_set_client = utf8mb4 */;
CREATE TABLE `v_image` (
  `id` bigint NOT NULL AUTO_INCREMENT,
  `cross_id` bigint NOT NULL,
  `type` int NOT NULL,
  `name` varchar(200) DEFAULT NULL,
  `link` varchar(500) NOT NULL,
  `cycle_history_id` bigint DEFAULT NULL,
  `represent_name` varchar(200) DEFAULT NULL,
  PRIMARY KEY (`id`)
) ENGINE=InnoDB AUTO_INCREMENT=533 DEFAULT CHARSET=utf8mb4 COLLATE=utf8mb4_0900_ai_ci;
/*!40101 SET character_set_client = @saved_cs_client */;

--
-- Dumping data for table `v_image`
--

LOCK TABLES `v_image` WRITE;
/*!40000 ALTER TABLE `v_image` DISABLE KEYS */;
INSERT INTO `v_image` VALUES (1,123456,1,'Sample Name','https://example.com',NULL,NULL),(87,230,4,'road-1-1516695747.jpg','data/id/2025/3/11/3h/f8ef9e30-81ff-4895-9c25-61a0e96d9314road-1-1516695747.jpg',1111,NULL),(88,230,4,'2024-12-19_09-43-44.png','data/id/2025/3/11/3h/8e9344ec-33a3-4345-b17c-49abcae2df6f2024-12-19_09-43-44.png',1111,NULL),(89,50,1,'road-1-1516695747.jpg','data/id/2025/3/11/3h/8aecfe4c-178f-48de-b9bf-4107fe77eae2road-1-1516695747.jpg',NULL,NULL),(90,50,2,'2024-12-19_09-43-44.png','data/id/2025/3/11/3h/fe2ecb52-7b48-489f-905e-33391807fe812024-12-19_09-43-44.png',NULL,NULL),(91,50,1,'road-1-1516695747.jpg','data/id/2025/3/11/3h/b520da23-e820-40f3-8099-a338dbb3d591road-1-1516695747.jpg',NULL,NULL),(92,50,2,'2024-12-19_09-43-44.png','data/id/2025/3/11/3h/81c5d5f3-5dfa-4243-80b7-1ab70c449a152024-12-19_09-43-44.png',NULL,NULL),(93,50,1,'road-1-1516695747.jpg','data/id/2025/3/11/3h/935482a6-3400-4af1-b1c0-ba60260b4f06road-1-1516695747.jpg',NULL,NULL),(94,50,2,'2024-12-19_09-43-44.png','data/id/2025/3/11/3h/cb084bc7-bb9b-470f-8504-f66500cbaed62024-12-19_09-43-44.png',NULL,NULL),(95,50,1,'road-1-1516695747.jpg','data/id/2025/3/11/3h/2063942f-c8b6-43a6-9b31-d48569839e63road-1-1516695747.jpg',NULL,NULL),(96,50,2,'2024-12-19_09-43-44.png','data/id/2025/3/11/3h/9533fb40-dd80-425c-b194-9422aafe11582024-12-19_09-43-44.png',NULL,NULL),(97,50,1,'road-1-1516695747.jpg','data/id/2025/3/11/3h/1105cea2-1cb1-4663-87f6-4b65b9aed2e9road-1-1516695747.jpg',NULL,NULL),(98,50,2,'2024-12-19_09-43-44.png','data/id/2025/3/11/3h/3487ec60-0725-4c29-9f5c-aa03f4f6f2182024-12-19_09-43-44.png',NULL,NULL),(99,50,1,'road-1-1516695747.jpg','data/id/2025/3/11/3h/ca83cd81-de56-4be6-9271-721b6396d81droad-1-1516695747.jpg',NULL,NULL),(100,50,2,'2024-12-19_09-43-44.png','data/id/2025/3/11/3h/c28128e6-5e06-4784-8623-7bbdf3a841982024-12-19_09-43-44.png',NULL,NULL),(101,50,1,'road-1-1516695747.jpg','data/id/2025/3/11/3h/634d8df5-8ade-4f46-b9b2-8df4d1c99b94road-1-1516695747.jpg',NULL,NULL),(102,50,2,'2024-12-19_09-43-44.png','data/id/2025/3/11/3h/1f2d875b-13c9-4fef-add1-a32636d99a492024-12-19_09-43-44.png',NULL,NULL),(291,191,1,'106ad2ed-2904-4135-9f05-220a6a9690baĐịa chỉ.png','traffic-light/id/2025/6/25/5h/b00385d3-34f4-420d-a0fa-1cb226379e57106ad2ed-2904-4135-9f05-220a6a9690baĐịa chỉ.png',NULL,NULL),(292,191,2,'noti_light.png','traffic-light/id/2025/6/25/5h/d7a67e47-cf8a-44f9-a0b2-055734c7c5ecnoti_light.png',NULL,NULL),(297,205,1,'51rayl0HnRL.jpg','traffic-light/id/2025/6/27/10h/24e164d6-548e-4a41-8e0c-67317ae7029951rayl0HnRL.jpg',NULL,NULL),(298,205,2,'Mức_độ_kẹt_xe_kinh_hoàng_tại_Thành_phố_Hồ_Chí_Minh.jpg','traffic-light/id/2025/6/27/10h/458a853f-784c-4233-8e00-2aacbef13be5Mức_độ_kẹt_xe_kinh_hoàng_tại_Thành_phố_Hồ_Chí_Minh.jpg',NULL,NULL),(299,205,2,'png-transparent-one-piece-pirate-warriors-monkey-d-luffy-roronoa-zoro-vinsmoke-sanji-nami-straw-hat-s-child-hat-hand-thumbnail.png','traffic-light/id/2025/6/27/10h/bec8a8a7-86f1-4959-b162-eef407e78156png-transparent-one-piece-pirate-warriors-monkey-d-luffy-roronoa-zoro-vinsmoke-sanji-nami-straw-hat-s-child-hat-hand-thumbnail.png',NULL,NULL),(300,205,2,'photo_6064254206182805484_y.jpg','traffic-light/id/2025/6/27/10h/ac12b209-77d1-49b4-8b9e-0cadd18e5b59photo_6064254206182805484_y.jpg',NULL,NULL),(301,205,2,'5b5c44dc-468a-4d1b-b792-18486f10de0dan-toan-giao-thong-16448357601842010334949-1732867907138777160379.jpeg','traffic-light/id/2025/6/27/10h/a3962a18-9be4-4360-b318-e1d59650b3de5b5c44dc-468a-4d1b-b792-18486f10de0dan-toan-giao-thong-16448357601842010334949-1732867907138777160379.jpeg',NULL,NULL),(302,205,2,'an-toan-giao-thong-16448357601842010334949-1732867907138777160379.jpeg','traffic-light/id/2025/6/27/10h/a66a3fe5-dbaf-466f-8452-9eaa0ea81d86an-toan-giao-thong-16448357601842010334949-1732867907138777160379.jpeg',NULL,NULL),(303,205,2,'Q14.jpg','traffic-light/id/2025/6/27/10h/3ec282e9-e465-4d93-96d5-f18296329814Q14.jpg',NULL,NULL),(304,205,2,'9530e666-1e10-4ee9-832b-a261bfdcd57cScreen Recording 2025-03-25 151325.mp4','traffic-light/id/2025/6/27/10h/3373783c-59a2-4a6d-aa8d-26f11595bc3a9530e666-1e10-4ee9-832b-a261bfdcd57cScreen Recording 2025-03-25 151325.mp4',NULL,NULL),(305,205,2,'51rayl0HnRL.jpg','traffic-light/id/2025/6/27/10h/8f9aee93-97a7-4152-90fa-d7090c8218da51rayl0HnRL.jpg',NULL,NULL),(306,205,2,'luffy.jpg','traffic-light/id/2025/6/27/10h/07a64e2f-834a-4ea7-b81a-cbc8a7134824luffy.jpg',NULL,NULL),(307,205,2,'2025-06-26_10-12-41.png','traffic-light/id/2025/6/27/10h/96d18795-c981-4613-9220-02011c6620032025-06-26_10-12-41.png',NULL,NULL),(308,205,2,'2025-06-26_10-28-48.png','traffic-light/id/2025/6/27/10h/0a5f2b9b-ef5f-44a4-abfb-aafe9cc3c4692025-06-26_10-28-48.png',NULL,NULL),(309,205,2,'2025-06-27_10-45-40.png','traffic-light/id/2025/6/27/10h/c9159f6c-98df-43e9-9cd4-75681365bd642025-06-27_10-45-40.png',NULL,NULL),(310,205,2,'2025-06-26_17-02-24.png','traffic-light/id/2025/6/27/10h/c8f0602b-2bdd-4323-8305-a006b3d9cbf42025-06-26_17-02-24.png',NULL,NULL),(311,205,2,'2025-06-27_10-45-13.png','traffic-light/id/2025/6/27/10h/73d9a285-26c2-4088-a3b3-a6fd572889e12025-06-27_10-45-13.png',NULL,NULL),(312,205,2,'2025-06-26_14-24-45.png','traffic-light/id/2025/6/27/10h/501bed66-1fca-4a12-9893-62b8ae0218542025-06-26_14-24-45.png',NULL,NULL),(313,205,2,'2025-06-26_17-44-19.png','traffic-light/id/2025/6/27/10h/22e8e080-fa2c-4388-9fd5-94421012f8492025-06-26_17-44-19.png',NULL,NULL),(314,205,2,'2025-06-26_16-47-12.mp4','traffic-light/id/2025/6/27/10h/39e6f521-3e38-43b3-afb1-8388edc48f7e2025-06-26_16-47-12.mp4',NULL,NULL),(315,205,2,'2025-06-27_10-51-28.mp4','traffic-light/id/2025/6/27/10h/e48f7792-2edb-4178-8e66-59eb664d6f072025-06-27_10-51-28.mp4',NULL,NULL),(316,205,2,'2025-06-26_9-16-44.mp4','traffic-light/id/2025/6/27/10h/00789ef3-4174-4e64-b6cf-150d04d81f5d2025-06-26_9-16-44.mp4',NULL,NULL),(317,205,2,'2025-06-27_9-39-37.mp4','traffic-light/id/2025/6/27/10h/cfa70d4d-ce5e-4232-940d-7f11c9a7e2582025-06-27_9-39-37.mp4',NULL,NULL),(319,206,2,'Mức_độ_kẹt_xe_kinh_hoàng_tại_Thành_phố_Hồ_Chí_Minh.jpg','traffic-light/id/2025/6/30/1h/616bee86-983f-4af1-92a2-81f2bf418d90Mức_độ_kẹt_xe_kinh_hoàng_tại_Thành_phố_Hồ_Chí_Minh.jpg',NULL,NULL),(320,206,2,'51rayl0HnRL.jpg','traffic-light/id/2025/6/30/1h/e691eb44-af4c-4a1f-8480-0f9ecd47387851rayl0HnRL.jpg',NULL,NULL),(321,206,2,'luffy.jpg','traffic-light/id/2025/6/30/1h/b6080c0f-0144-4e5f-8bd3-108a67fd5293luffy.jpg',NULL,NULL),(322,206,2,'png-transparent-one-piece-pirate-warriors-monkey-d-luffy-roronoa-zoro-vinsmoke-sanji-nami-straw-hat-s-child-hat-hand-thumbnail.png','traffic-light/id/2025/6/30/1h/75e99f1e-2244-425e-a44b-5ac0b7754bc0png-transparent-one-piece-pirate-warriors-monkey-d-luffy-roronoa-zoro-vinsmoke-sanji-nami-straw-hat-s-child-hat-hand-thumbnail.png',NULL,NULL),(323,206,2,'photo_6064254206182805484_y.jpg','traffic-light/id/2025/6/30/1h/7ac02333-6c51-4f79-8019-f4d81695a9d2photo_6064254206182805484_y.jpg',NULL,NULL),(324,206,2,'5b5c44dc-468a-4d1b-b792-18486f10de0dan-toan-giao-thong-16448357601842010334949-1732867907138777160379.jpeg','traffic-light/id/2025/6/30/1h/7a0919e9-52f9-4e94-aa50-9ba7df3099215b5c44dc-468a-4d1b-b792-18486f10de0dan-toan-giao-thong-16448357601842010334949-1732867907138777160379.jpeg',NULL,NULL),(325,206,2,'an-toan-giao-thong-16448357601842010334949-1732867907138777160379.jpeg','traffic-light/id/2025/6/30/1h/850a16cb-bd42-4e5d-a3df-e86194f56c70an-toan-giao-thong-16448357601842010334949-1732867907138777160379.jpeg',NULL,NULL),(326,206,2,'Q14.jpg','traffic-light/id/2025/6/30/1h/19114eb9-83cc-48ba-8f92-bb923e55dce7Q14.jpg',NULL,NULL),(327,206,2,'9530e666-1e10-4ee9-832b-a261bfdcd57cScreen Recording 2025-03-25 151325.mp4','traffic-light/id/2025/6/30/1h/c6319538-2a0c-46bb-a011-b6582d5f87289530e666-1e10-4ee9-832b-a261bfdcd57cScreen Recording 2025-03-25 151325.mp4',NULL,NULL),(329,206,2,'401f47f4ab436ce9a78cf6ade9fbc8d7.jpg','traffic-light/id/2025/6/30/1h/dcb8faa7-e9cf-45d6-bccd-542a44126e57401f47f4ab436ce9a78cf6ade9fbc8d7.jpg',NULL,NULL),(330,206,2,'51rayl0HnRL.jpg','traffic-light/id/2025/6/30/1h/43e56fac-ca85-4a60-a9e8-07c80bb7280e51rayl0HnRL.jpg',NULL,NULL),(331,206,2,'luffy.jpg','traffic-light/id/2025/6/30/1h/946443ad-d8fe-4deb-ab98-3f2c273b17bdluffy.jpg',NULL,NULL),(339,209,4,'1720199905-img-8877-7959-width1966height1310.jpeg','traffic-light/id/2025/6/30/11h/a5ceaf9a-8f07-4ac7-86ee-e443b10faea41720199905-img-8877-7959-width1966height1310.jpeg',89,'Pham Van Bach'),(340,209,4,'Giao-Thong.jpg','traffic-light/id/2025/6/30/11h/6f477731-1da6-4768-ae8b-16adfea4daf5Giao-Thong.jpg',89,'Hoang Quan Chi'),(341,209,4,'Pham-Van-Bach-5.jpg','traffic-light/id/2025/6/30/11h/032a3dbd-42b1-4bbf-a54e-9606e1bde6fbPham-Van-Bach-5.jpg',89,NULL),(342,209,4,'Camera-Phat-Nguoi-08.jpg','traffic-light/id/2025/6/30/11h/8dad35a5-c32e-44d4-bd88-278bc05fbd57Camera-Phat-Nguoi-08.jpg',89,NULL),(343,209,4,'2517e8b9-dd52-4fcd-89a1-63eaa1c09a97-1722417318448404995138.jpeg','traffic-light/id/2025/6/30/11h/35b09c5e-abbd-46bb-9768-6aa64d603bc62517e8b9-dd52-4fcd-89a1-63eaa1c09a97-1722417318448404995138.jpeg',89,NULL),(345,209,4,'Giao-Thong.jpg','traffic-light/id/2025/6/30/11h/5005a7a1-abc1-4c5f-a168-4adf64edee33Giao-Thong.jpg',89,NULL),(346,209,4,'Pham-Van-Bach-5.jpg','traffic-light/id/2025/6/30/11h/4741f837-7937-4e5a-aeee-e88366f6512bPham-Van-Bach-5.jpg',89,NULL),(347,209,4,'Camera-Phat-Nguoi-08.jpg','traffic-light/id/2025/6/30/11h/130e64c3-7a45-4bc5-9a7e-7b8d6346bbf1Camera-Phat-Nguoi-08.jpg',89,NULL),(348,209,4,'2517e8b9-dd52-4fcd-89a1-63eaa1c09a97-1722417318448404995138.jpeg','traffic-light/id/2025/6/30/11h/95bf3536-dee3-4a50-a59e-c4d26d4fe4562517e8b9-dd52-4fcd-89a1-63eaa1c09a97-1722417318448404995138.jpeg',88,NULL),(364,209,1,'14477845-5017-4b21-aa7c-efe6aaa20a86c6fdce79f2ef495a8e2711d31048ff9d.jpeg','traffic-light/id/2025/7/8/12h/072abf9d-9856-41a4-8725-22677514e33514477845-5017-4b21-aa7c-efe6aaa20a86c6fdce79f2ef495a8e2711d31048ff9d.jpeg',NULL,NULL),(365,209,1,'6d55188e-5280-465d-92b0-1fa07c4c30dbhe-thong-giao-thong-thong-minh11-47737996559441934929761.jpg','traffic-light/id/2025/7/8/12h/867fc892-9a34-4509-962b-2a9d76c9a6276d55188e-5280-465d-92b0-1fa07c4c30dbhe-thong-giao-thong-thong-minh11-47737996559441934929761.jpg',NULL,NULL),(366,209,1,'14477845-5017-4b21-aa7c-efe6aaa20a86c6fdce79f2ef495a8e2711d31048ff9d.jpeg','traffic-light/id/2025/7/8/12h/67f28c6d-e7fe-452e-946e-af944564e4b614477845-5017-4b21-aa7c-efe6aaa20a86c6fdce79f2ef495a8e2711d31048ff9d.jpeg',NULL,NULL),(367,209,1,'2_MTCP.jpg','traffic-light/id/2025/7/8/12h/e8acd372-b652-4228-8f1d-bba09749712d2_MTCP.jpg',NULL,NULL),(377,218,2,'photo-7-1678612866018992699412.jpg','traffic-light/id/2025/7/14/9h/43903a69-6d3c-406b-91c6-aa557271e838photo-7-1678612866018992699412.jpg',NULL,NULL),(379,218,2,'images.jpg','traffic-light/id/2025/7/14/9h/3eb7303a-0240-4aa6-a526-9def98419654images.jpg',NULL,NULL),(380,218,1,'Chu-ky-tay-tren-giay.jpg','traffic-light/id/2025/7/16/4h/c01ef911-8176-42cd-b86b-f8cdda9b88aeChu-ky-tay-tren-giay.jpg',NULL,NULL),(381,218,2,'07-07-9.mp4','traffic-light/id/2025/7/16/8h/bd03aeb0-713b-47a8-b200-44d0c474d5f207-07-9.mp4',NULL,NULL),(386,211,1,'cross.png','traffic-light/id/2025/7/18/6h/c2437550-f0b1-4b41-8475-4c97ea442cddcross.png',NULL,NULL),(388,211,2,'94614c38-8a06-4ae1-a2ab-b4aa3ca9aa4e59907dd2-1c80-4452-992c-baaf1808ad061720199905-img-8877-7959-width1966height1310.jpeg','traffic-light/id/2025/7/22/1h/6b91b4eb-974d-4137-ab7a-5ebc3911698f94614c38-8a06-4ae1-a2ab-b4aa3ca9aa4e59907dd2-1c80-4452-992c-baaf1808ad061720199905-img-8877-7959-width1966height1310.jpeg',NULL,NULL),(389,211,2,'59907dd2-1c80-4452-992c-baaf1808ad061720199905-img-8877-7959-width1966height1310 (1).jpeg','traffic-light/id/2025/7/22/1h/4174d5a9-abb7-4435-a581-c69643b9cd7259907dd2-1c80-4452-992c-baaf1808ad061720199905-img-8877-7959-width1966height1310 (1).jpeg',NULL,NULL),(390,211,2,'59907dd2-1c80-4452-992c-baaf1808ad061720199905-img-8877-7959-width1966height1310.jpeg','traffic-light/id/2025/7/22/1h/ee391fa4-e1e5-4234-a530-9e2160cf930959907dd2-1c80-4452-992c-baaf1808ad061720199905-img-8877-7959-width1966height1310.jpeg',NULL,NULL),(391,211,2,'14477845-5017-4b21-aa7c-efe6aaa20a86c6fdce79f2ef495a8e2711d31048ff9d.jpeg','traffic-light/id/2025/7/22/1h/2f5381a2-92be-492f-8475-213a7f8d58bb14477845-5017-4b21-aa7c-efe6aaa20a86c6fdce79f2ef495a8e2711d31048ff9d.jpeg',NULL,NULL),(392,211,2,'6d55188e-5280-465d-92b0-1fa07c4c30dbhe-thong-giao-thong-thong-minh11-47737996559441934929761.jpg','traffic-light/id/2025/7/22/1h/6fbc4401-a7fe-4c12-9b76-ec9dee982e4f6d55188e-5280-465d-92b0-1fa07c4c30dbhe-thong-giao-thong-thong-minh11-47737996559441934929761.jpg',NULL,NULL),(423,230,1,'01-08-3.jpg','traffic-light/id/2025/8/5/10h/2ecf3b7f-b83f-4e7d-869f-bb2c2eafdac801-08-3.jpg',1111,NULL),(424,231,1,'cross.png','traffic-light/id/2025/8/6/7h/4e6e4c2f-0efd-4db5-9fce-40dc50e78ab0cross.png',NULL,NULL),(430,206,1,'cross.png','traffic-light/id/2025/9/15/9h/34859663-82a4-4b4e-b0cc-48cda35aed20cross.png',NULL,NULL),(432,198,1,'cross.png','traffic-light/id/2025/9/15/9h/4e3c1ef1-8a60-40e4-89b9-578fb66170e4cross.png',NULL,NULL),(434,292,1,'phihs-signature.png','traffic-light/id/2025/9/16/1h/65204017-166a-4a7f-9942-9e727a536ca7phihs-signature.png',NULL,NULL),(441,296,1,'04-09-1.jpg','traffic-light/id/2025/9/16/8h/521d11bf-ff86-4786-8974-57ee4570697c04-09-1.jpg',NULL,NULL),(444,305,1,'cross.png','traffic-light/id/2025/9/16/10h/d660f34e-f7b5-49cd-8e5e-2da1b1054cc3cross.png',NULL,NULL),(449,310,1,'cross.png','traffic-light/id/2025/9/19/7h/8809619e-5bd7-4fbb-bcc2-59263904e366cross.png',NULL,NULL),(451,312,1,'cross.png','traffic-light/id/2025/10/3/4h/b31fd2fb-7cb8-4091-ac49-d5bfd0f18023cross.png',18,NULL),(452,313,1,'cross.png','traffic-light/id/2025/10/3/6h/4b309816-6fb3-4684-b188-13939d12bfd0cross.png',NULL,NULL),(453,314,1,'cross.png','traffic-light/id/2025/10/3/7h/50354f14-9752-404f-b708-9543b5088ad1cross.png',NULL,NULL),(454,315,1,'cross.png','traffic-light/id/2025/10/3/8h/3be7876e-e1bd-4172-9b7d-75d2e2388168cross.png',NULL,NULL),(455,316,1,'cross.png','traffic-light/id/2025/10/3/10h/523c7720-22d0-4aef-b5c2-cfd2cd752acfcross.png',NULL,NULL),(456,317,1,'cross.png','traffic-light/id/2025/10/6/9h/dc00d24b-6baf-41ea-96fe-9b4d5210fd8ecross.png',NULL,NULL),(457,318,1,'cross.png','traffic-light/id/2025/10/6/9h/e0f77f1a-67f6-4319-9506-8376c58d8777cross.png',NULL,NULL),(458,319,1,'cross.png','traffic-light/id/2025/10/8/7h/b92ab9ec-5657-4eaa-91b8-aec595624086cross.png',NULL,NULL),(459,320,1,'cross.png','traffic-light/id/2025/10/8/7h/340bbdea-b567-4917-965c-14a38ddb8fddcross.png',48545,NULL),(464,343,1,'cross.png','traffic-light/id/2025/10/8/8h/f015cda7-c484-49df-badf-3ea52e3381a2cross.png',NULL,NULL),(465,347,1,'cross.png','traffic-light/id/2025/10/8/9h/33bcad32-639d-4b6e-9517-9fd333e5bcaacross.png',NULL,NULL),(472,319,1,'road-1-1516695747110102025.jpg','data/id/2025/3/11/3h/f8ef9e30-81ff-4895-9c25-61a0e96d9314road-1-1516695747.jpg',48533,NULL),(473,319,1,'road-1-1516695747210102025.jpg','data/id/2025/3/11/3h/8e9344ec-33a3-4345-b17c-49abcae2df6f2024-12-19_09-43-44.png',48533,NULL),(474,319,1,'road-1-1516695747310102025.jpg','data/id/2025/3/11/3h/2063942f-c8b6-43a6-9b31-d48569839e63road-1-1516695747.jpg',48533,NULL),(475,319,1,'road-1-1516695747410102025.jpg','traffic-light/id/2025/6/25/2h/388e3044-969d-45cb-bee7-78d5823f54d12025-06-23_16-43-41.png',48533,NULL),(476,348,1,'cross.png','traffic-light/id/2025/10/14/8h/c92c3b5a-a5c3-47fe-b43f-8290e4caef41cross.png',NULL,NULL),(478,356,1,'cross.png','traffic-light/id/2025/10/21/10h/f4e4b92d-eb91-4b84-b8ee-bd03ff85b70bcross.png',NULL,NULL),(479,358,1,'cross.png','traffic-light/id/2025/10/21/10h/aa32147c-b10a-4b41-87e3-462bcd39bd5fcross.png',NULL,NULL),(481,360,1,'cross.png','traffic-light/id/2025/10/22/3h/d2b2a058-89f1-4ab0-9aa0-a5e44685b9a5cross.png',NULL,NULL),(484,361,1,'cross.png','traffic-light/id/2025/10/22/4h/b08fe545-3051-4bc3-bf52-ef33d64e1894cross.png',NULL,NULL),(485,361,2,'2-1740362564457423986844-17406509751271802140252.jpg','traffic-light/id/2025/10/22/10h/8516fe5b-88bc-4032-8afb-d15be47e7f602-1740362564457423986844-17406509751271802140252.jpg',NULL,NULL),(486,361,2,'chart (1).png','traffic-light/id/2025/10/22/12h/dc87d4ef-96bb-45e2-b28d-eaa5d001865bchart (1).png',NULL,NULL),(487,361,2,'chart.png','traffic-light/id/2025/10/22/12h/fc32e340-fddb-4958-a0c0-c5ef6bbc181dchart.png',NULL,NULL),(488,359,1,'anhdep.jpg','traffic-light/id/2025/10/23/1h/c8fe94b8-2606-4fce-ae68-bfe0286e8311anhdep.jpg',NULL,NULL),(489,362,1,'cross.png','traffic-light/id/2025/10/23/3h/b19359ff-8fd4-4786-80cf-c544e9d82768cross.png',NULL,NULL),(490,363,1,'cross.png','traffic-light/id/2025/10/24/10h/98ff0186-9f39-4499-a000-b4958d65095ecross.png',NULL,NULL),(491,364,1,'cross.png','traffic-light/id/2025/10/24/10h/fbddf7ad-3fca-4dd3-856d-e022cdd2638ccross.png',NULL,NULL),(492,365,1,'cross.png','traffic-light/id/2025/10/24/10h/8b8c0c69-a144-496f-8054-b91356b59eb1cross.png',NULL,NULL),(493,366,1,'cross.png','traffic-light/id/2025/10/27/2h/325b36bf-17d6-423e-93da-12cbc312fa4fcross.png',NULL,NULL),(502,373,1,'cross.png','traffic-light/id/2025/11/3/8h/92431fb9-60bc-4b63-89d1-8a3449473ce0cross.png',NULL,NULL),(504,33000000101001,1,'cross.png','traffic-light/id/2025/11/5/8h/48fbc688-834d-478a-bddb-d9d9d2f45aedcross.png',NULL,NULL),(509,373,2,'Hệ thống Điều khiển đèn giao thông - Google Chrome 2025-10-21 20-13-21.mp4','traffic-light/id/2025/11/6/11h/9488313f-e498-4691-aa2c-b0eb5364d327Hệ thống Điều khiển đèn giao thông - Google Chrome 2025-10-21 20-13-21.mp4',NULL,NULL),(519,373,2,'file_example_MP4_1920_18MG.mp4','traffic-light/id/2025/11/7/2h/cfc6a2e9-6365-4d38-bf01-39042bfc75f6file_example_MP4_1920_18MG.mp4',NULL,NULL),(520,33000000101002,1,'cross.png','traffic-light/id/2025/11/18/9h/8ac69357-ed21-44bf-8473-413c6a980953cross.png',NULL,NULL),(529,33000000101014,1,'cross.png','traffic-light/id/2026/1/5/7h/f74f924b-4ac3-42cd-8824-aa19efc086b0cross.png',NULL,NULL),(531,33000000101003,1,'cross.png','traffic-light/id/2026/1/5/7h/69616cf4-1e65-43de-8699-25258227dea0cross.png',NULL,NULL),(532,33000000101019,1,'cross.png','traffic-light/id/2026/1/5/7h/fcd72f85-1104-42a0-a1c6-a31c6851152across.png',NULL,NULL);
/*!40000 ALTER TABLE `v_image` ENABLE KEYS */;
UNLOCK TABLES;

--
-- Table structure for table `v_lamp`
--

DROP TABLE IF EXISTS `v_lamp`;
/*!40101 SET @saved_cs_client     = @@character_set_client */;
/*!50503 SET character_set_client = utf8mb4 */;
CREATE TABLE `v_lamp` (
  `id` bigint NOT NULL AUTO_INCREMENT,
  `is_active` tinyint(1) NOT NULL DEFAULT '1',
  `vendor_id` bigint DEFAULT NULL,
  `created_by` varchar(500) DEFAULT NULL,
  `created_date` datetime DEFAULT NULL,
  `modified_by` varchar(500) DEFAULT NULL,
  `modified_date` datetime DEFAULT NULL,
  `device_type_id` bigint NOT NULL,
  `direction` int DEFAULT NULL,
  `route` int DEFAULT NULL,
  `old_id` varchar(50) DEFAULT NULL,
  `description` varchar(500) CHARACTER SET utf8mb4 COLLATE utf8mb4_0900_ai_ci DEFAULT NULL,
  `active_status` varchar(255) DEFAULT NULL,
  `road_id` bigint DEFAULT NULL,
  `live_status` tinyint NOT NULL DEFAULT '1',
  PRIMARY KEY (`id`)
) ENGINE=InnoDB AUTO_INCREMENT=1874 DEFAULT CHARSET=utf8mb4 COLLATE=utf8mb4_0900_ai_ci;
/*!40101 SET character_set_client = @saved_cs_client */;

--
-- Dumping data for table `v_lamp`
--

LOCK TABLES `v_lamp` WRITE;
/*!40000 ALTER TABLE `v_lamp` DISABLE KEYS */;
INSERT INTO `v_lamp` VALUES (161,-1,1,'admin','2024-12-13 09:00:20','admin','2024-12-13 09:01:26',13,1,3,'OLD123','ghi chú',NULL,113,1),(162,-1,1,'admin','2024-12-13 09:00:20','admin','2024-12-13 09:01:26',14,2,2,'OLD123','ghi chú',NULL,114,1),(175,-1,NULL,'admin','2024-12-16 10:15:05','admin','2025-05-30 10:33:52',12,6,2,'7878','8787878',NULL,127,1),(176,-1,NULL,'admin','2024-12-17 01:27:27','admin','2025-05-30 10:33:52',12,3,2,'7878','8787878',NULL,128,1),(420,-1,NULL,'admin','2025-03-11 03:15:41','admin','2025-03-11 03:16:15',12,0,2,'123','',NULL,272,1),(421,-1,NULL,'admin','2025-03-11 03:15:42','admin','2025-03-11 03:16:15',11,4,1,'123456','',NULL,273,1),(422,-1,NULL,'admin','2025-03-11 03:15:42','admin','2025-03-11 03:16:15',13,4,3,'12345','',NULL,273,1),(423,-1,NULL,'admin','2025-03-11 03:15:42','admin','2025-03-11 03:16:15',17,1,NULL,'123','',NULL,274,1),(424,-1,NULL,'admin','2025-03-11 03:15:42','admin','2025-03-11 03:16:15',18,1,NULL,'123','',NULL,274,1),(425,-1,NULL,'admin','2025-03-11 03:15:42','admin','2025-03-11 03:16:15',11,1,1,'123','',NULL,274,1),(426,-1,NULL,'admin','2025-03-11 03:15:43','admin','2025-03-11 03:16:08',12,0,2,'123','',NULL,275,1),(427,-1,NULL,'admin','2025-03-11 03:15:43','admin','2025-03-11 03:16:08',11,4,1,'123456','',NULL,276,1),(428,-1,NULL,'admin','2025-03-11 03:15:43','admin','2025-03-11 03:16:08',13,4,3,'12345','',NULL,276,1),(429,-1,NULL,'admin','2025-03-11 03:15:43','admin','2025-03-11 03:16:08',17,1,NULL,'123','',NULL,277,1),(430,-1,NULL,'admin','2025-03-11 03:15:43','admin','2025-03-11 03:16:08',18,1,NULL,'123','',NULL,277,1),(431,-1,NULL,'admin','2025-03-11 03:15:43','admin','2025-03-11 03:16:08',11,1,1,'123','',NULL,277,1),(432,-1,NULL,'admin','2025-03-11 03:15:43','admin','2025-03-11 03:15:57',12,0,2,'123','',NULL,278,1),(433,-1,NULL,'admin','2025-03-11 03:15:43','admin','2025-03-11 03:15:57',11,4,1,'123456','',NULL,279,1),(434,-1,NULL,'admin','2025-03-11 03:15:43','admin','2025-03-11 03:15:57',13,4,3,'12345','',NULL,279,1),(435,-1,NULL,'admin','2025-03-11 03:15:43','admin','2025-03-11 03:15:57',17,1,NULL,'123','',NULL,280,1),(436,-1,NULL,'admin','2025-03-11 03:15:43','admin','2025-03-11 03:15:57',18,1,NULL,'123','',NULL,280,1),(437,-1,NULL,'admin','2025-03-11 03:15:43','admin','2025-03-11 03:15:57',11,1,1,'123','',NULL,280,1),(438,-1,NULL,'admin','2025-03-11 03:15:44','admin','2025-03-11 03:16:11',12,0,2,'123','',NULL,281,1),(439,-1,NULL,'admin','2025-03-11 03:15:44','admin','2025-03-11 03:16:11',11,4,1,'123456','',NULL,282,1),(440,-1,NULL,'admin','2025-03-11 03:15:44','admin','2025-03-11 03:16:11',13,4,3,'12345','',NULL,282,1),(441,-1,NULL,'admin','2025-03-11 03:15:44','admin','2025-03-11 03:16:11',17,1,NULL,'123','',NULL,283,1),(442,-1,NULL,'admin','2025-03-11 03:15:44','admin','2025-03-11 03:16:11',18,1,NULL,'123','',NULL,283,1),(443,-1,NULL,'admin','2025-03-11 03:15:44','admin','2025-03-11 03:16:11',11,1,1,'123','',NULL,283,1),(444,-1,NULL,'admin','2025-03-11 03:15:44','admin','2025-03-11 03:16:13',12,0,2,'123','',NULL,287,1),(445,-1,NULL,'admin','2025-03-11 03:15:44','admin','2025-03-11 03:16:06',12,0,2,'123','',NULL,284,1),(446,-1,NULL,'admin','2025-03-11 03:15:44','admin','2025-03-11 03:16:13',11,4,1,'123456','',NULL,288,1),(447,-1,NULL,'admin','2025-03-11 03:15:44','admin','2025-03-11 03:16:06',11,4,1,'123456','',NULL,285,1),(448,-1,NULL,'admin','2025-03-11 03:15:44','admin','2025-03-11 03:16:13',13,4,3,'12345','',NULL,288,1),(449,-1,NULL,'admin','2025-03-11 03:15:44','admin','2025-03-11 03:16:06',13,4,3,'12345','',NULL,285,1),(450,-1,NULL,'admin','2025-03-11 03:15:44','admin','2025-03-11 03:16:13',17,1,NULL,'123','',NULL,289,1),(451,-1,NULL,'admin','2025-03-11 03:15:44','admin','2025-03-11 03:16:06',17,1,NULL,'123','',NULL,286,1),(452,-1,NULL,'admin','2025-03-11 03:15:44','admin','2025-03-11 03:16:13',18,1,NULL,'123','',NULL,289,1),(453,-1,NULL,'admin','2025-03-11 03:15:44','admin','2025-03-11 03:16:06',18,1,NULL,'123','',NULL,286,1),(454,-1,NULL,'admin','2025-03-11 03:15:44','admin','2025-03-11 03:16:13',11,1,1,'123','',NULL,289,1),(455,-1,NULL,'admin','2025-03-11 03:15:44','admin','2025-03-11 03:16:06',11,1,1,'123','',NULL,286,1),(578,-1,NULL,'admin','2025-03-28 11:11:43','admin','2025-05-30 10:33:52',11,0,1,'1234','',NULL,426,1),(792,-1,NULL,'admin','2025-05-20 09:59:42','admin','2025-06-12 07:54:18',11,1,1,'ID_OLD_XEM_L','',NULL,625,1),(793,-1,NULL,'admin','2025-05-20 09:59:42','admin','2025-06-12 07:54:18',11,2,1,'3435','',NULL,626,1),(794,-1,NULL,'admin','2025-05-20 09:59:42','admin','2025-06-12 07:54:18',11,4,1,'564456','',NULL,627,1),(1000,-1,27,'phihs','2025-06-12 07:47:00','admin','2025-06-12 08:00:07',11,0,1,'1','',NULL,721,1),(1001,-1,27,'phihs','2025-06-12 07:47:00','admin','2025-06-12 08:00:07',11,4,1,'2','',NULL,722,1),(1002,-1,27,'phihs','2025-06-12 07:47:00','admin','2025-06-12 08:00:07',18,2,NULL,'1','1',NULL,723,1),(1027,-1,NULL,'admin','2025-06-16 02:33:23','admin','2025-06-16 02:57:11',11,0,1,'Đèn đi thẳng đường 1','',NULL,742,0),(1028,-1,NULL,'admin','2025-06-16 02:33:23','admin','2025-06-16 02:57:11',12,0,2,'Đèn rẽ trái đường 1','',NULL,742,0),(1029,-1,NULL,'admin','2025-06-16 02:33:23','admin','2025-06-16 02:57:11',11,4,1,'Đèn đi thằng road 2 - nút giao 113','',NULL,743,0),(1030,-1,NULL,'admin','2025-06-16 02:33:23','admin','2025-06-16 02:57:11',12,4,2,'Đèn rẽ trái road 2 - nút giao 113','',NULL,743,0),(1031,-1,NULL,'admin','2025-06-16 02:33:23','admin','2025-06-16 02:57:11',11,6,1,'Đèn đi thẳng - road 3','',NULL,744,0),(1032,-1,NULL,'admin','2025-06-16 02:33:23','admin','2025-06-16 02:57:11',12,6,2,'Đèn rẽ trái - road 3','',NULL,744,0),(1038,-1,NULL,'admin','2025-06-17 01:47:03','admin','2025-06-17 02:14:13',11,0,1,'1','',NULL,747,0),(1039,-1,NULL,'admin','2025-06-17 01:47:03','admin','2025-06-17 02:14:13',13,2,3,'2','',NULL,748,0),(1040,-1,NULL,'admin','2025-06-17 01:47:03','admin','2025-06-17 02:14:13',11,3,1,'23','',NULL,749,0),(1582,1,83,'admin','2025-09-09 09:10:05','admin','2025-10-03 04:41:33',11,0,1,'Đèn đi thẳng - Tôn Thất Thuyết','',NULL,1088,1),(1583,1,83,'admin','2025-09-09 09:10:05','admin','2025-10-03 04:41:33',12,0,2,'Đèn rẽ trái - Tôn Thất Thuyết','',NULL,1088,1),(1584,1,83,'admin','2025-09-09 09:10:05','admin','2025-10-03 04:41:33',13,0,3,'Đèn rẽ phải - Tôn Thất Thuyết','asdf',NULL,1088,1),(1592,-1,83,'admin','2025-09-13 03:41:40','admin','2025-10-29 04:09:33',18,2,0,'1','',NULL,1120,1),(1593,-1,83,'admin','2025-09-13 03:41:45','admin','2025-09-23 04:37:56',13,2,3,'2','',NULL,1120,0),(1603,1,83,'admin','2025-09-15 08:29:30','admin','2025-10-28 01:27:58',18,0,0,'1234sadfas','',NULL,1132,0),(1606,1,83,'admin','2025-09-15 09:31:18','admin','2025-09-16 10:10:10',13,7,3,'','',NULL,1136,1),(1607,1,79,'admin','2025-09-15 09:31:18','admin','2025-09-16 10:10:10',13,7,3,'1','',NULL,1136,1),(1611,1,82,'admin','2025-09-16 07:19:05','admin','2025-10-29 04:10:09',18,4,0,'','',NULL,1141,1),(1612,1,82,'admin','2025-09-16 07:19:18','admin','2025-11-20 02:20:37',18,2,-1,'','',NULL,1140,0),(1613,1,83,'admin','2025-09-16 07:19:29','admin','2025-10-03 10:41:06',12,3,2,'','',NULL,1151,0),(1614,1,83,'admin','2025-09-16 10:00:48','admin','2025-09-19 09:09:08',13,3,3,'','',NULL,1152,1),(1615,1,83,'admin','2025-09-16 10:00:48','admin','2025-09-19 09:09:08',12,3,2,'','',NULL,1152,1),(1616,1,83,'admin','2025-09-16 10:00:48','admin','2025-09-19 09:09:08',11,3,1,'','',NULL,1152,1),(1617,1,83,'admin','2025-09-16 10:01:29','admin','2025-10-03 10:41:06',13,4,3,'','',NULL,1153,0),(1618,1,83,'admin','2025-09-16 10:01:29','admin','2025-10-03 10:41:06',12,4,2,'','',NULL,1153,0),(1619,1,83,'admin','2025-09-16 10:01:29','admin','2025-10-03 10:41:06',11,4,1,'','',NULL,1153,0),(1620,1,83,'admin','2025-09-16 10:02:28','admin','2025-10-29 04:10:26',17,1,0,'','',NULL,1154,1),(1621,1,83,'admin','2025-09-16 10:02:28','admin','2025-09-17 01:24:31',12,1,2,'','',NULL,1154,1),(1622,1,83,'admin','2025-09-16 10:02:28','admin','2025-09-17 01:24:31',11,1,1,'','',NULL,1154,1),(1623,1,83,'admin','2025-09-19 07:46:04','Duybt4','2025-09-24 09:25:08',13,5,3,'','',NULL,1155,1),(1624,1,83,'admin','2025-09-19 07:46:04','Duybt4','2025-09-24 09:25:08',12,5,2,'','',NULL,1155,1),(1625,1,83,'admin','2025-09-19 07:46:04','Duybt4','2025-09-24 09:25:08',11,5,1,'','',NULL,1155,1),(1626,1,83,'admin','2025-09-19 07:46:49','admin','2025-09-24 09:26:43',13,5,3,'','',NULL,1156,1),(1627,1,83,'admin','2025-09-19 07:46:49','admin','2025-09-24 09:26:43',12,5,2,'','',NULL,1156,1),(1628,1,83,'admin','2025-09-19 07:46:49','admin','2025-09-24 09:26:43',11,5,1,'','',NULL,1156,1),(1629,1,83,'admin','2025-09-19 07:47:25','Hungnm99','2025-10-30 10:03:17',13,0,3,'ID_Den1_Nut giao HSP','',NULL,1157,1),(1630,1,83,'admin','2025-09-19 07:47:25','Hungnm99','2025-10-30 10:03:17',12,0,2,'ID_Den2_Nut giao HSP','',NULL,1157,1),(1631,1,83,'admin','2025-09-19 07:47:25','Hungnm99','2025-10-30 10:03:17',11,0,1,'ID_Den3_Nut giao HSP','',NULL,1157,1),(1632,-1,83,'admin','2025-10-01 10:16:03','Hungnm99','2025-10-30 10:03:17',13,2,3,'','',NULL,1159,1),(1633,-1,83,'admin','2025-10-01 10:16:03','Hungnm99','2025-10-30 10:03:17',12,2,2,'','',NULL,1159,1),(1634,-1,83,'admin','2025-10-01 10:16:03','Hungnm99','2025-10-30 10:03:17',11,2,1,'','',NULL,1159,1),(1635,-1,83,'admin','2025-10-01 10:16:43','admin','2025-10-03 10:42:59',13,5,3,'','',NULL,1160,0),(1636,-1,83,'admin','2025-10-01 10:16:43','admin','2025-10-03 10:42:59',12,5,2,'','',NULL,1160,0),(1637,-1,83,'admin','2025-10-01 10:16:43','admin','2025-10-03 10:42:59',11,5,1,'','',NULL,1160,0),(1638,1,83,'admin','2025-10-01 10:17:17','admin','2025-10-28 07:35:49',13,0,3,'','',NULL,1161,1),(1639,1,83,'admin','2025-10-01 10:17:17','admin','2025-10-28 07:35:49',12,0,2,'','',NULL,1161,1),(1640,1,83,'admin','2025-10-01 10:17:17','admin','2025-10-28 07:35:49',11,0,1,'','',NULL,1161,1),(1641,1,84,'admin','2025-10-02 03:21:52','admin','2025-10-03 10:19:43',11,7,1,'11','',NULL,1162,0),(1642,1,84,'admin','2025-10-02 03:21:52','admin','2025-10-03 10:19:43',12,7,2,'12','',NULL,1162,0),(1643,1,84,'admin','2025-10-02 03:21:52','admin','2025-10-03 10:19:43',13,7,3,'13','',NULL,1162,0),(1644,1,84,'admin','2025-10-02 03:24:01','admin','2025-10-03 10:41:06',11,2,1,'21','',NULL,1163,0),(1645,1,84,'admin','2025-10-02 03:24:01','admin','2025-10-03 10:41:06',12,2,2,'22','',NULL,1163,0),(1646,1,84,'admin','2025-10-02 03:24:01','admin','2025-10-03 10:41:06',13,2,3,'23','',NULL,1163,0),(1647,1,84,'admin','2025-10-02 03:25:32','admin','2025-10-03 04:37:38',11,1,1,'31','',NULL,1164,0),(1648,1,84,'admin','2025-10-02 03:25:32','admin','2025-10-03 04:37:38',12,1,2,'32','',NULL,1164,0),(1649,1,84,'admin','2025-10-02 03:25:32','admin','2025-10-03 04:37:38',13,1,3,'33','',NULL,1164,0),(1653,1,83,'Duybt4','2025-10-03 04:13:31','admin','2025-11-18 03:56:09',18,2,-1,'12341234124123','',NULL,1166,1),(1654,1,83,'Duybt4','2025-10-03 04:13:31','Duybt4','2025-10-03 04:18:47',13,2,3,'ádfádfádf','',NULL,1166,1),(1655,1,83,'Duybt4','2025-10-03 04:13:31','Duybt4','2025-10-03 04:18:47',12,2,2,'hdgfhdhdfsg','',NULL,1166,1),(1656,1,82,'Duybt4','2025-10-03 04:14:56','admin','2025-11-18 03:57:14',17,0,-1,'ádfád','',NULL,1167,1),(1657,1,82,'Duybt4','2025-10-03 04:16:26','Duybt4','2025-10-03 04:18:47',12,4,2,'','',NULL,1168,1),(1658,1,82,'Duybt4','2025-10-03 04:16:26','Duybt4','2025-10-03 04:18:47',13,4,3,'ádfádfádfád','',NULL,1168,1),(1659,1,23,'Duybt4','2025-10-03 04:16:26','Duybt4','2025-10-03 04:18:47',11,4,1,'zcxvzxcvzxc','',NULL,1168,1),(1660,1,84,'admin','2025-10-03 04:52:18','admin','2025-10-03 06:54:30',13,5,3,'1','',NULL,1169,1),(1661,1,84,'admin','2025-10-03 04:52:18','admin','2025-10-03 06:54:30',12,5,2,'2','',NULL,1169,1),(1662,1,84,'admin','2025-10-03 04:52:18','admin','2025-10-03 06:54:30',11,5,1,'3','',NULL,1169,1),(1663,1,84,'admin','2025-10-03 04:56:54','admin','2025-10-03 06:54:30',13,3,3,'4','',NULL,1170,1),(1664,1,84,'admin','2025-10-03 04:56:54','admin','2025-10-03 06:54:30',12,3,2,'5','',NULL,1170,1),(1665,1,84,'admin','2025-10-03 04:56:54','admin','2025-10-03 06:54:30',11,3,1,'6','',NULL,1170,1),(1666,1,84,'admin','2025-10-03 06:43:10','admin','2025-10-03 06:54:30',13,1,3,'7','',NULL,1171,1),(1667,1,84,'admin','2025-10-03 06:43:10','admin','2025-10-03 06:54:30',12,1,2,'8','',NULL,1171,1),(1668,1,84,'admin','2025-10-03 06:43:10','admin','2025-10-03 06:54:30',11,1,1,'9','',NULL,1171,1),(1669,1,84,'admin','2025-10-03 06:46:29','admin','2025-10-03 06:54:30',13,6,3,'15','',NULL,1172,1),(1670,1,84,'admin','2025-10-03 06:46:29','admin','2025-10-03 06:54:30',12,6,2,'16','',NULL,1172,1),(1671,1,84,'admin','2025-10-03 06:46:29','admin','2025-10-03 06:54:30',11,6,1,'17','',NULL,1172,1),(1672,1,84,'admin','2025-10-03 07:30:02','admin','2025-10-03 07:50:58',13,2,3,'18','',NULL,1173,1),(1673,1,84,'admin','2025-10-03 07:30:02','admin','2025-10-03 07:50:58',12,2,2,'19','',NULL,1173,1),(1674,1,84,'admin','2025-10-03 07:30:02','admin','2025-10-03 07:50:58',11,2,1,'20','',NULL,1173,1),(1675,1,84,'admin','2025-10-03 07:32:07','admin','2025-10-03 07:50:58',13,6,3,'24','',NULL,1174,1),(1676,1,84,'admin','2025-10-03 07:32:07','admin','2025-10-03 07:50:58',12,6,2,'25','',NULL,1174,1),(1677,1,84,'admin','2025-10-03 07:32:07','admin','2025-10-03 07:50:58',11,6,1,'26','',NULL,1174,1),(1678,1,84,'admin','2025-10-03 07:34:45','admin','2025-10-16 07:06:43',13,0,3,'29','',NULL,1175,1),(1679,1,84,'admin','2025-10-03 07:34:45','admin','2025-10-16 07:06:43',12,0,2,'30','',NULL,1175,1),(1680,1,84,'admin','2025-10-03 07:34:45','admin','2025-10-16 07:06:43',11,0,1,'34','',NULL,1175,1),(1681,1,84,'admin','2025-10-03 07:36:21','admin','2025-10-03 07:50:58',13,7,3,'44','',NULL,1176,1),(1682,1,84,'admin','2025-10-03 07:36:21','admin','2025-10-03 07:50:58',12,7,2,'45','',NULL,1176,1),(1683,1,84,'admin','2025-10-03 07:36:21','admin','2025-10-03 07:50:58',11,7,1,'46','',NULL,1176,1),(1684,1,83,'Duybt4','2025-10-03 07:54:28','admin','2025-10-29 07:24:16',18,6,0,'','',NULL,1177,1),(1685,1,83,'Duybt4','2025-10-03 07:54:28','Duybt4','2025-10-03 08:00:20',13,6,3,'ádfádf','',NULL,1177,1),(1686,1,83,'Duybt4','2025-10-03 07:54:28','Duybt4','2025-10-03 08:00:20',12,6,2,'ádfádfzxcv','',NULL,1177,1),(1687,1,83,'Duybt4','2025-10-03 07:54:28','Duybt4','2025-10-03 08:00:20',11,6,1,'q2wẻqewr','',NULL,1177,1),(1688,1,83,'Duybt4','2025-10-03 07:55:58','admin','2025-11-03 03:31:18',13,2,3,'','',NULL,1178,1),(1689,1,83,'Duybt4','2025-10-03 07:55:58','admin','2025-11-03 03:31:18',12,2,2,'','',NULL,1178,1),(1690,1,83,'Duybt4','2025-10-03 07:55:58','admin','2025-11-03 03:31:18',11,2,1,'','',NULL,1178,1),(1691,1,84,'Duybt4','2025-10-03 07:57:48','Duybt4','2025-10-03 08:00:20',13,2,3,'','',NULL,1179,1),(1692,1,84,'Duybt4','2025-10-03 07:57:48','Duybt4','2025-10-03 08:00:20',12,2,2,'','',NULL,1179,1),(1693,1,84,'Duybt4','2025-10-03 09:43:28','Duybt4','2025-10-03 10:22:32',13,1,3,'','',NULL,1180,1),(1694,1,84,'Duybt4','2025-10-03 09:43:28','Duybt4','2025-10-03 10:22:32',12,1,2,'ádfádfád','',NULL,1180,1),(1695,1,84,'Duybt4','2025-10-03 09:43:28','Duybt4','2025-10-03 10:22:32',11,1,1,'ádfádf','',NULL,1180,1),(1696,1,22,'Duybt4','2025-10-03 09:45:20','Duybt4','2025-10-03 10:22:32',13,6,3,'aaaaa','',NULL,1181,1),(1697,1,22,'Duybt4','2025-10-03 09:45:20','Duybt4','2025-10-03 10:22:32',12,6,2,'fdsad','',NULL,1181,1),(1698,1,22,'Duybt4','2025-10-03 09:45:20','Duybt4','2025-10-03 10:22:32',11,6,1,'fdds','',NULL,1181,1),(1699,1,84,'Duybt4','2025-10-03 09:46:51','Duybt4','2025-10-03 10:22:32',13,2,3,'','',NULL,1182,1),(1700,1,84,'Duybt4','2025-10-03 09:46:51','Duybt4','2025-10-03 10:22:32',12,2,2,'','',NULL,1182,1),(1701,1,84,'Duybt4','2025-10-03 09:46:51','Duybt4','2025-10-03 10:22:32',11,2,1,'','',NULL,1182,1),(1702,-1,84,'admin','2025-10-03 10:22:46','admin','2025-10-29 03:59:32',18,0,0,'','',NULL,1165,0),(1703,-1,84,'admin','2025-10-03 10:22:46','admin','2025-10-03 10:40:07',12,0,2,'','',NULL,1165,0),(1704,-1,84,'admin','2025-10-03 10:23:44','admin','2025-10-29 03:59:32',17,0,0,'','',NULL,1165,0),(1705,-1,84,'admin','2025-10-03 10:23:44','admin','2025-10-03 10:40:07',11,0,1,'','',NULL,1165,0),(1706,-1,83,'admin','2025-10-06 08:15:47','admin','2025-10-29 04:12:42',11,0,1,'','',NULL,1183,1),(1707,-1,83,'admin','2025-10-06 08:17:52','admin','2025-10-29 04:12:54',11,2,1,'','',NULL,1184,0),(1708,1,83,'admin','2025-10-06 08:19:24','admin','2025-10-28 01:27:58',11,4,1,'','',NULL,1185,0),(1709,-1,83,'admin','2025-10-06 08:20:56','admin','2025-11-03 03:25:10',11,0,1,'','',NULL,1186,1),(1710,-1,83,'admin','2025-10-06 09:04:06','admin','2025-10-31 02:29:21',11,2,1,'','',NULL,1187,1),(1711,-1,83,'admin','2025-10-06 09:06:51','admin','2025-11-03 03:25:10',11,5,1,'','',NULL,1188,1),(1713,-1,83,'admin','2025-10-06 09:25:52','admin','2025-11-03 09:13:58',11,0,1,'','',NULL,1190,1),(1723,1,84,'admin','2025-10-08 03:44:00','admin','2025-10-09 10:21:42',11,0,1,'','',NULL,1199,0),(1724,1,84,'admin','2025-10-08 04:11:24','admin','2025-10-08 04:11:24',11,NULL,1,'','',NULL,1200,1),(1725,1,83,'admin','2025-10-08 04:13:37','admin','2025-10-29 04:03:43',11,NULL,1,'','',NULL,1201,1),(1726,1,84,'admin','2025-10-08 04:15:14','admin','2025-10-09 10:21:42',11,6,1,'','',NULL,1202,0),(1727,1,84,'admin','2025-10-08 04:17:06','admin','2025-10-08 05:01:51',11,1,1,'','',NULL,1203,1),(1728,1,84,'admin','2025-10-08 04:18:54','admin','2025-10-09 10:21:42',11,2,1,'','',NULL,1205,0),(1729,1,84,'admin','2025-10-08 04:20:38','admin','2025-10-09 10:21:42',11,4,1,'','',NULL,1206,0),(1730,1,84,'admin','2025-10-08 04:24:11','admin','2025-10-08 07:58:30',11,0,1,'','',NULL,1207,1),(1731,1,84,'admin','2025-10-08 04:26:27','admin','2025-10-08 07:44:43',11,2,1,'','',NULL,1208,1),(1732,1,84,'admin','2025-10-08 04:29:20','admin','2025-10-08 07:58:30',11,6,1,'','',NULL,1209,1),(1733,1,84,'admin','2025-10-08 04:44:27','admin','2026-02-27 10:12:00',11,2,1,'','',NULL,1211,1),(1734,1,84,'admin','2025-10-08 04:50:05','admin','2025-10-08 07:58:30',11,2,1,'','',NULL,1212,1),(1735,1,84,'admin','2025-10-08 04:54:23','admin','2025-10-08 05:01:51',11,3,1,'','',NULL,1213,1),(1736,1,84,'admin','2025-10-08 04:56:18','admin','2025-10-08 04:56:18',11,NULL,1,'','',NULL,1214,1),(1737,1,84,'admin','2025-10-08 04:58:32','admin','2025-10-08 07:44:43',11,0,1,'','',NULL,1215,1),(1738,1,84,'admin','2025-10-08 04:59:44','admin','2025-10-08 05:01:51',11,5,1,'','',NULL,1216,1),(1740,1,84,'admin','2025-10-08 07:32:41','admin','2025-10-08 07:44:43',11,4,1,'','',NULL,1219,1),(1741,1,84,'admin','2025-10-08 07:38:18','admin','2025-10-08 07:44:43',11,6,1,'','',NULL,1220,1),(1742,1,84,'admin','2025-10-08 07:39:51','admin','2025-10-08 07:39:51',11,NULL,1,'','',NULL,1221,1),(1743,1,84,'admin','2025-10-08 07:51:44','admin','2025-10-08 09:15:32',11,0,1,'1','check test',NULL,1222,1),(1744,1,84,'admin','2025-10-08 07:53:16','admin','2025-10-08 07:58:30',11,4,1,'','',NULL,1223,1),(1745,1,84,'admin','2025-10-08 08:03:13','admin','2025-10-29 04:02:58',11,NULL,1,'','',NULL,1224,1),(1746,1,84,'admin','2025-10-08 08:04:31','admin','2025-10-08 08:59:32',11,4,1,'','',NULL,1225,1),(1747,1,84,'admin','2025-10-08 08:06:17','admin','2025-10-08 08:59:32',11,2,1,'','',NULL,1226,1),(1748,1,84,'admin','2025-10-08 08:09:47','Duybt4','2025-10-21 11:44:29',11,1,1,'','',NULL,1228,0),(1749,1,84,'admin','2025-10-08 08:12:11','admin','2025-10-08 09:15:32',11,6,1,'2','check test',NULL,1229,1),(1750,1,84,'admin','2025-10-08 08:16:00','admin','2025-10-08 09:12:19',11,6,1,'','',NULL,1230,1),(1751,1,84,'admin','2025-10-08 08:18:56','Duybt4','2025-10-21 11:44:29',11,2,1,'','',NULL,1233,1),(1752,1,84,'admin','2025-10-08 08:20:35','admin','2025-10-08 09:15:32',11,2,1,'3','check test',NULL,1234,1),(1755,1,84,'admin','2025-10-09 09:12:48','admin','2025-10-09 09:59:06',13,2,3,'','',NULL,1234,1),(1756,1,84,'admin','2025-10-09 09:12:48','admin','2025-10-09 09:59:06',12,2,2,'','',NULL,1234,1),(1757,1,84,'admin','2025-10-09 09:13:18','Duybt4','2025-10-21 11:44:29',13,2,3,'','',NULL,1233,1),(1758,1,84,'admin','2025-10-09 09:13:18','Duybt4','2025-10-21 11:44:29',12,2,2,'','',NULL,1233,1),(1759,1,84,'admin','2025-10-09 09:13:47','admin','2025-10-09 09:59:06',13,6,3,'','',NULL,1230,1),(1760,1,84,'admin','2025-10-09 09:13:47','admin','2025-10-09 09:59:06',12,6,2,'','',NULL,1230,1),(1761,1,84,'admin','2025-10-09 09:14:25','admin','2025-10-09 09:59:06',13,6,3,'','',NULL,1229,1),(1762,1,84,'admin','2025-10-09 09:14:25','admin','2025-10-09 09:59:06',12,6,2,'','',NULL,1229,1),(1763,1,84,'admin','2025-10-09 09:14:55','Duybt4','2025-10-21 11:44:29',13,1,3,'','',NULL,1228,0),(1764,1,84,'admin','2025-10-09 09:14:55','Duybt4','2025-10-21 11:44:29',12,1,2,'','',NULL,1228,0),(1765,1,84,'admin','2025-10-09 09:16:16','admin','2025-10-09 10:02:53',13,2,3,'','',NULL,1226,1),(1766,1,84,'admin','2025-10-09 09:16:16','admin','2025-10-09 10:02:53',12,2,2,'','',NULL,1226,1),(1767,1,84,'admin','2025-10-09 09:16:33','admin','2025-10-09 10:02:53',13,4,3,'','',NULL,1225,1),(1768,1,84,'admin','2025-10-09 09:16:33','admin','2025-10-09 10:02:53',12,4,2,'','',NULL,1225,1),(1769,1,84,'admin','2025-10-09 09:16:53','admin','2025-10-29 04:02:58',13,NULL,3,'','',NULL,1224,1),(1770,1,84,'admin','2025-10-09 09:16:53','admin','2025-10-29 04:02:58',12,NULL,2,'','',NULL,1224,1),(1771,1,84,'admin','2025-10-09 09:17:11','admin','2025-10-09 09:59:06',13,4,3,'','',NULL,1223,1),(1772,1,84,'admin','2025-10-09 09:17:11','admin','2025-10-09 09:59:06',12,4,2,'','',NULL,1223,1),(1773,1,84,'admin','2025-10-09 09:17:29','admin','2025-10-09 09:59:06',13,0,3,'','',NULL,1222,1),(1774,1,84,'admin','2025-10-09 09:17:29','admin','2025-10-09 09:59:06',12,0,2,'','',NULL,1222,1),(1775,1,84,'admin','2025-10-09 09:17:49','admin','2025-10-09 09:17:49',13,NULL,3,'','',NULL,1221,1),(1776,1,84,'admin','2025-10-09 09:17:49','admin','2025-10-09 09:17:49',12,NULL,2,'','',NULL,1221,1),(1777,1,84,'admin','2025-10-09 09:18:11','admin','2025-10-09 10:11:44',13,6,3,'','',NULL,1220,1),(1778,1,84,'admin','2025-10-09 09:18:11','admin','2025-10-09 10:11:44',12,6,2,'','',NULL,1220,1),(1779,1,84,'admin','2025-10-09 09:18:27','admin','2025-10-09 10:02:53',13,4,3,'','',NULL,1219,1),(1780,1,84,'admin','2025-10-09 09:18:27','admin','2025-10-09 10:02:53',12,4,2,'','',NULL,1219,1),(1783,1,84,'admin','2025-10-09 09:19:03','admin','2025-10-09 10:11:44',13,5,3,'','',NULL,1216,1),(1784,1,84,'admin','2025-10-09 09:19:03','admin','2025-10-09 10:11:44',12,5,2,'','',NULL,1216,1),(1785,1,84,'admin','2025-10-09 09:19:28','admin','2025-10-09 10:11:44',13,0,3,'','',NULL,1215,1),(1786,1,84,'admin','2025-10-09 09:19:28','admin','2025-10-09 10:11:44',12,0,2,'','',NULL,1215,1),(1787,1,84,'admin','2025-10-09 09:19:47','admin','2025-10-09 09:19:47',13,NULL,3,'','',NULL,1214,1),(1788,1,84,'admin','2025-10-09 09:19:47','admin','2025-10-09 09:19:47',12,NULL,2,'','',NULL,1214,1),(1789,1,84,'admin','2025-10-09 09:20:05','admin','2025-10-09 10:25:36',13,3,3,'','',NULL,1213,1),(1790,1,84,'admin','2025-10-09 09:20:05','admin','2025-10-09 10:25:36',12,3,2,'','',NULL,1213,1),(1791,1,84,'admin','2025-10-09 09:20:22','admin','2025-10-09 10:07:50',13,2,3,'','',NULL,1212,1),(1792,1,84,'admin','2025-10-09 09:20:22','admin','2025-10-09 10:07:50',12,2,2,'','',NULL,1212,1),(1793,1,84,'admin','2025-10-09 09:20:39','admin','2026-02-27 10:12:00',13,2,3,'','',NULL,1211,1),(1794,1,84,'admin','2025-10-09 09:20:39','admin','2026-02-27 10:12:00',12,2,2,'','',NULL,1211,1),(1795,1,84,'admin','2025-10-09 09:21:04','admin','2025-10-09 10:07:50',13,6,3,'','',NULL,1209,1),(1796,1,84,'admin','2025-10-09 09:21:04','admin','2025-10-09 10:07:50',12,6,2,'','',NULL,1209,1),(1797,1,84,'admin','2025-10-09 09:21:25','admin','2025-10-09 10:07:50',13,2,3,'','',NULL,1208,1),(1798,1,84,'admin','2025-10-09 09:21:25','admin','2025-10-09 10:07:50',12,2,2,'','',NULL,1208,1),(1799,1,84,'admin','2025-10-09 09:21:50','admin','2025-10-09 10:07:50',13,0,3,'','',NULL,1207,1),(1800,1,84,'admin','2025-10-09 09:21:50','admin','2025-10-09 10:07:50',12,0,2,'','',NULL,1207,1),(1801,1,84,'admin','2025-10-09 09:23:31','admin','2025-10-09 10:21:42',13,4,3,'','',NULL,1206,0),(1802,1,84,'admin','2025-10-09 09:23:31','admin','2025-10-09 10:21:42',12,4,2,'','',NULL,1206,0),(1803,1,84,'admin','2025-10-09 09:23:49','admin','2025-10-09 10:21:42',13,2,3,'','',NULL,1205,0),(1804,1,84,'admin','2025-10-09 09:23:49','admin','2025-10-09 10:21:42',12,2,2,'','',NULL,1205,0),(1805,1,84,'admin','2025-10-09 09:24:11','admin','2025-10-09 10:21:42',13,1,3,'','',NULL,1203,1),(1806,1,84,'admin','2025-10-09 09:24:11','admin','2025-10-09 10:21:42',12,1,2,'','',NULL,1203,1),(1807,1,84,'admin','2025-10-09 09:24:36','admin','2025-10-09 10:21:42',13,6,3,'','',NULL,1202,0),(1808,1,84,'admin','2025-10-09 09:24:36','admin','2025-10-09 10:21:42',12,6,2,'','',NULL,1202,0),(1809,1,84,'admin','2025-10-09 09:24:59','admin','2025-10-29 04:03:43',13,NULL,3,'','',NULL,1201,1),(1810,1,84,'admin','2025-10-09 09:24:59','admin','2025-10-29 04:03:43',12,NULL,2,'','',NULL,1201,1),(1811,1,84,'admin','2025-10-09 09:25:21','admin','2025-10-09 09:25:21',13,NULL,3,'','',NULL,1200,1),(1812,1,84,'admin','2025-10-09 09:25:21','admin','2025-10-09 09:25:21',12,NULL,2,'','',NULL,1200,1),(1813,1,84,'admin','2025-10-09 09:25:36','admin','2025-10-09 10:21:42',13,0,3,'','',NULL,1199,0),(1814,1,84,'admin','2025-10-09 09:25:36','admin','2025-10-09 10:21:42',12,0,2,'','',NULL,1199,0),(1815,1,83,'admin','2025-10-10 04:52:34','admin','2025-10-27 10:36:52',18,0,0,'','',NULL,1088,1),(1816,1,83,'admin','2025-10-10 04:53:06','admin','2025-10-29 03:59:09',18,1,0,'','',NULL,1118,1),(1817,1,84,'admin','2025-10-13 02:27:39','admin','2025-10-14 08:15:38',18,0,NULL,'','',NULL,1090,1),(1818,1,83,'admin','2025-10-13 02:27:39','admin','2025-10-14 08:15:38',17,0,NULL,'','',NULL,1090,1),(1820,1,84,'Duybt4','2025-10-13 04:22:06','Duybt4','2025-10-13 04:22:51',13,3,3,'qư54ád','',NULL,1240,0),(1821,1,83,'Duybt4','2025-10-13 04:22:06','Duybt4','2025-10-13 04:22:51',13,3,3,'qrtdfgdsf','',NULL,1240,0),(1822,1,84,'Duybt4','2025-10-13 09:41:50','admin','2025-10-16 07:26:49',13,0,3,'fsdaasdf','',NULL,1242,1),(1823,1,84,'Duybt4','2025-10-13 09:41:50','admin','2025-10-16 07:26:49',12,0,2,'xczvzxcvcx','',NULL,1242,1),(1824,1,84,'Duybt4','2025-10-13 09:41:50','admin','2025-10-16 07:26:49',11,0,1,'hdsfghsdfg','',NULL,1242,1),(1825,1,84,'admin','2025-10-14 08:15:54','admin','2025-10-29 04:02:58',11,0,1,'','',NULL,1250,1),(1826,1,84,'admin','2025-10-14 08:15:54','admin','2025-10-29 04:02:58',13,0,3,'','',NULL,1250,1),(1827,1,84,'admin','2025-10-14 08:15:54','admin','2025-10-29 04:02:58',12,0,2,'','',NULL,1250,1),(1828,1,84,'admin','2025-10-16 07:24:54','admin','2025-10-29 04:08:34',18,3,0,'','',NULL,1241,1),(1829,1,83,'admin','2025-10-16 07:24:54','admin','2025-10-29 04:08:34',17,3,0,'','',NULL,1241,1),(1830,1,84,'admin','2025-10-17 03:04:02','admin','2025-10-29 04:02:03',17,2,0,'','',NULL,1104,1),(1831,1,84,'admin','2025-10-17 03:04:02','admin','2025-10-29 04:02:03',13,2,3,'','',NULL,1104,1),(1832,1,84,'testitl','2025-10-21 09:59:41','admin','2025-10-22 01:44:03',13,0,3,'','',NULL,1252,1),(1833,1,84,'testitl','2025-10-21 09:59:41','admin','2025-10-22 01:44:03',11,0,1,'','',NULL,1252,1),(1834,1,84,'testitl','2025-10-21 09:59:41','admin','2025-10-22 01:44:03',12,0,2,'','',NULL,1252,1),(1835,1,84,'admin','2025-10-21 10:21:24','admin','2026-01-16 03:26:20',13,3,3,'','',NULL,1256,0),(1836,1,84,'admin','2025-10-21 10:21:24','admin','2026-01-16 03:26:20',12,3,2,'','',NULL,1256,0),(1837,1,84,'admin','2025-10-21 10:21:24','admin','2026-01-16 03:26:20',11,3,1,'','',NULL,1256,0),(1838,1,84,'admin','2025-10-21 10:22:08','admin','2025-10-21 10:24:13',13,1,3,'','',NULL,1257,1),(1839,1,84,'admin','2025-10-21 10:22:08','admin','2025-10-21 10:24:13',12,1,2,'','',NULL,1257,1),(1840,1,84,'admin','2025-10-21 10:22:08','admin','2025-10-21 10:24:13',11,1,1,'','',NULL,1257,1),(1841,1,84,'admin','2025-10-21 10:22:42','admin','2025-10-21 10:24:13',13,2,3,'','',NULL,1258,1),(1842,1,84,'admin','2025-10-21 10:22:42','admin','2025-10-21 10:24:13',12,2,2,'','',NULL,1258,1),(1843,1,84,'admin','2025-10-21 10:22:42','admin','2025-10-21 10:24:13',11,2,1,'','',NULL,1258,1),(1844,1,84,'admin','2025-10-22 03:42:47','admin','2025-10-27 04:52:24',13,NULL,3,'','',NULL,1261,1),(1845,1,84,'admin','2025-10-22 03:42:47','admin','2025-10-27 04:52:24',12,NULL,2,'','',NULL,1261,1),(1846,1,84,'admin','2025-10-22 03:43:19','admin','2025-10-28 02:21:05',13,3,3,'','',NULL,1262,1),(1847,1,84,'admin','2025-10-22 03:43:19','admin','2025-11-20 04:36:21',18,3,-1,'','',NULL,1262,1),(1850,1,82,'admin','2025-10-23 02:20:00','admin','2025-10-29 04:02:03',17,4,0,'','',NULL,1128,1),(1851,1,82,'admin','2025-10-23 02:22:33','admin','2025-10-27 10:36:52',12,2,2,'','đèn để chạy',NULL,1122,1),(1852,1,79,'admin','2025-10-23 03:19:51','admin','2026-01-16 03:26:20',11,5,1,'','',NULL,1264,0),(1853,1,23,'admin','2025-10-23 03:21:09','admin','2025-10-23 03:28:16',13,2,3,'','',NULL,1265,1),(1855,-1,84,'admin','2025-10-24 09:19:28','admin','2025-10-24 09:19:28',13,NULL,3,'123','',NULL,1268,1),(1856,-1,82,'admin','2025-10-24 10:09:18','admin','2025-10-24 10:09:18',13,NULL,3,'117','1',NULL,1268,1),(1857,-1,84,'admin','2025-10-27 09:03:17','admin','2025-11-03 07:47:34',13,0,3,'','',NULL,1269,1),(1858,1,23,'admin','2025-10-27 09:03:37','admin','2025-11-03 08:50:29',11,2,1,'','',NULL,1270,1),(1859,1,23,'admin','2025-10-27 09:03:55','admin','2025-11-03 07:47:34',13,6,3,'','',NULL,1271,1),(1860,-1,23,'admin','2025-10-27 09:04:14','admin','2025-10-27 09:04:14',13,NULL,3,'','',NULL,1272,1),(1861,-1,82,'admin','2025-10-27 09:04:41','admin','2025-10-27 09:04:41',17,NULL,0,'','',NULL,1273,1),(1862,-1,22,'admin','2025-10-27 09:05:22','admin','2025-10-27 09:05:22',17,NULL,0,'','',NULL,1274,1),(1863,-1,82,'admin','2025-10-30 11:13:36','admin','2025-11-21 08:59:13',17,0,-1,'1234','',NULL,1290,0),(1864,1,82,'admin','2025-10-30 11:13:36','admin','2025-11-21 08:59:13',17,0,-1,'12345','',NULL,1290,0),(1865,1,83,'admin','2025-10-31 02:15:04','admin','2026-01-16 04:22:28',13,3,3,'','',NULL,1292,0),(1866,1,84,'admin','2025-10-31 02:15:04','admin','2026-01-16 04:22:28',12,3,2,'Đ1','',NULL,1292,0),(1870,1,83,'admin','2026-01-15 10:09:18','admin','2026-01-16 03:26:20',17,1,-1,'','',NULL,1310,0),(1871,-1,83,'admin','2026-01-15 10:12:33','admin','2026-01-16 03:26:20',18,2,-1,'','',NULL,1311,1),(1872,1,83,'admin','2026-05-04 08:30:31','admin','2026-05-04 08:30:31',11,1,1,'1','',NULL,1302,1),(1873,1,83,'admin','2026-05-04 08:30:31','admin','2026-05-04 08:30:31',13,1,3,'2','',NULL,1302,1);
/*!40000 ALTER TABLE `v_lamp` ENABLE KEYS */;
UNLOCK TABLES;

--
-- Table structure for table `v_lamp_by_stage`
--

DROP TABLE IF EXISTS `v_lamp_by_stage`;
/*!40101 SET @saved_cs_client     = @@character_set_client */;
/*!50503 SET character_set_client = utf8mb4 */;
CREATE TABLE `v_lamp_by_stage` (
  `id` bigint NOT NULL AUTO_INCREMENT,
  `stage_id` bigint NOT NULL,
  `lamp_id` bigint NOT NULL,
  PRIMARY KEY (`id`,`stage_id`)
) ENGINE=InnoDB AUTO_INCREMENT=47981 DEFAULT CHARSET=utf8mb4 COLLATE=utf8mb4_0900_ai_ci;
/*!40101 SET character_set_client = @saved_cs_client */;

--
-- Dumping data for table `v_lamp_by_stage`
--

LOCK TABLES `v_lamp_by_stage` WRITE;
/*!40000 ALTER TABLE `v_lamp_by_stage` DISABLE KEYS */;
INSERT INTO `v_lamp_by_stage` VALUES (306,15,234),(307,16,235),(308,17,236),(41191,735,1215),(41192,735,1216),(41193,735,1217),(42063,806,1215),(42064,806,1216),(42065,806,1217),(43986,863,1366),(44214,762,1272),(44215,762,1274),(44216,762,1278),(44217,762,1280),(44218,763,1275),(44219,763,1276),(44220,763,1277),(44221,763,1281),(44222,763,1282),(44223,763,1283),(44224,764,1273),(44225,764,1278),(44226,764,1279),(44227,811,1272),(44228,811,1273),(44229,811,1319),(44230,812,1275),(44231,812,1276),(44232,812,1277),(44233,813,1272),(44234,813,1273),(44235,813,1319),(44236,814,1275),(44237,814,1276),(44238,814,1277),(44436,927,1503),(44437,927,1505),(44438,928,1504),(46405,1014,1672),(46406,1014,1673),(46407,1024,1672),(46408,1024,1673),(46409,1072,1672),(46410,1072,1673),(46411,1089,1672),(46412,1089,1673),(46954,1008,1641),(46955,1008,1643),(46956,1008,1644),(46957,1008,1646),(46958,1009,1647),(46959,1009,1648),(46960,1009,1649),(46961,1010,1642),(46962,1010,1645),(46963,1018,1641),(46964,1018,1643),(46965,1018,1644),(46966,1018,1646),(46967,1019,1647),(46968,1019,1648),(46969,1019,1649),(46970,1020,1642),(46971,1020,1645),(46972,1102,1844),(46973,1102,1845),(46974,1103,1846),(46975,1103,1847),(46976,1103,1848),(46977,1103,1849),(46998,1100,1833),(46999,1100,1834),(47006,1088,1830),(47007,1088,1831),(47026,1037,1749),(47027,1037,1752),(47028,1037,1755),(47029,1037,1761),(47030,1038,1743),(47031,1038,1773),(47032,1038,1774),(47033,1143,1749),(47034,1143,1752),(47035,1144,1773),(47036,1144,1774),(47037,1054,1749),(47038,1054,1752),(47039,1054,1755),(47040,1054,1761),(47041,1055,1743),(47042,1055,1773),(47043,1055,1774),(47044,1039,1747),(47045,1039,1750),(47046,1039,1759),(47047,1039,1765),(47048,1040,1746),(47049,1040,1767),(47050,1040,1768),(47051,1145,1747),(47052,1145,1750),(47053,1145,1759),(47054,1145,1765),(47055,1146,1746),(47056,1146,1767),(47057,1146,1768),(47058,1146,1825),(47059,1146,1826),(47060,1146,1827),(47061,1147,1760),(47062,1147,1766),(47063,1056,1747),(47064,1056,1750),(47065,1056,1759),(47066,1056,1765),(47067,1057,1746),(47068,1057,1767),(47069,1057,1768),(47094,1045,1737),(47095,1045,1740),(47096,1045,1779),(47097,1045,1785),(47098,1046,1780),(47099,1046,1786),(47100,1047,1731),(47101,1047,1741),(47102,1047,1777),(47103,1047,1797),(47104,1140,1737),(47105,1140,1740),(47106,1140,1779),(47107,1140,1785),(47108,1141,1731),(47109,1141,1741),(47110,1141,1777),(47111,1141,1778),(47112,1141,1797),(47113,1141,1798),(47114,1142,1780),(47115,1142,1786),(47116,1062,1737),(47117,1062,1740),(47118,1062,1779),(47119,1062,1785),(47120,1063,1780),(47121,1063,1786),(47122,1064,1731),(47123,1064,1741),(47124,1064,1777),(47125,1064,1797),(47126,1048,1726),(47127,1048,1728),(47128,1048,1803),(47129,1048,1807),(47130,1049,1804),(47131,1049,1808),(47132,1050,1723),(47133,1050,1729),(47134,1050,1801),(47135,1050,1802),(47136,1050,1813),(47137,1050,1814),(47138,1065,1726),(47139,1065,1728),(47140,1065,1803),(47141,1065,1807),(47142,1066,1804),(47143,1066,1808),(47144,1067,1723),(47145,1067,1729),(47146,1067,1801),(47147,1067,1802),(47148,1067,1813),(47149,1067,1814),(47150,1051,1738),(47151,1051,1783),(47152,1051,1784),(47153,1052,1735),(47154,1052,1789),(47155,1052,1790),(47156,1053,1727),(47157,1053,1805),(47158,1053,1806),(47159,1068,1738),(47160,1068,1783),(47161,1068,1784),(47162,1069,1735),(47163,1069,1789),(47164,1069,1790),(47165,1070,1727),(47166,1070,1805),(47167,1070,1806),(47168,704,1828),(47169,705,1829),(47170,963,1828),(47171,964,1829),(47172,807,1851),(47173,809,1851),(47174,976,1607),(47175,977,1607),(47176,978,1603),(47177,1000,1607),(47178,1001,1607),(47179,1002,1603),(47180,987,1620),(47181,988,1611),(47182,997,1620),(47183,998,1611),(47184,994,1623),(47185,994,1626),(47186,994,1629),(47187,995,1624),(47188,995,1627),(47189,995,1630),(47190,996,1625),(47191,996,1628),(47192,996,1631),(47193,1003,1623),(47194,1003,1626),(47195,1003,1629),(47196,1004,1624),(47197,1004,1627),(47198,1004,1630),(47199,1005,1625),(47200,1005,1628),(47201,1005,1631),(47260,1096,1745),(47261,1096,1751),(47262,1096,1757),(47263,1096,1758),(47264,1096,1764),(47265,1096,1769),(47266,1097,1748),(47267,1097,1751),(47268,1097,1757),(47269,1097,1758),(47270,1097,1764),(47271,1098,1748),(47272,1098,1763),(47273,1098,1764),(47274,1099,1763),(47275,1099,1764),(47296,1092,1835),(47297,1092,1836),(47298,1092,1837),(47299,1093,1835),(47300,1093,1836),(47301,1093,1837),(47302,1016,1686),(47303,1016,1688),(47304,1016,1689),(47305,1011,1660),(47306,1011,1662),(47307,1011,1669),(47308,1011,1671),(47309,1012,1663),(47310,1012,1664),(47311,1012,1665),(47312,1012,1666),(47313,1012,1667),(47314,1012,1668),(47315,1013,1661),(47316,1013,1670),(47317,1074,1660),(47318,1074,1662),(47319,1074,1669),(47320,1074,1671),(47321,1075,1663),(47322,1075,1664),(47323,1075,1665),(47324,1075,1666),(47325,1075,1667),(47326,1075,1668),(47327,1076,1661),(47328,1076,1670),(47329,1021,1660),(47330,1021,1662),(47331,1021,1669),(47332,1021,1671),(47333,1022,1663),(47334,1022,1664),(47335,1022,1665),(47336,1022,1666),(47337,1022,1667),(47338,1022,1668),(47339,1023,1661),(47340,1023,1670),(47348,1026,1693),(47349,1026,1694),(47492,861,1582),(47493,861,1583),(47494,861,1584),(47495,862,1582),(47496,862,1583),(47497,862,1584),(47498,933,1582),(47499,933,1583),(47500,933,1584),(47501,934,1582),(47502,934,1583),(47503,934,1584),(47535,1137,1707),(47558,1135,1708),(47594,1149,1612),(47664,1194,1653),(47665,1204,1657),(47666,1205,1656),(47667,1206,1657),(47676,1183,1859),(47681,1182,1678),(47770,1218,1654),(47771,1219,1658),(47772,1219,1659),(47789,1220,1752),(47790,1220,1755),(47791,1220,1756),(47792,1220,1749),(47793,1220,1761),(47794,1220,1762),(47795,1221,1743),(47796,1221,1773),(47797,1221,1774),(47865,1042,1730),(47866,1042,1744),(47867,1042,1771),(47868,1042,1799),(47869,1043,1772),(47870,1043,1800),(47871,1044,1732),(47872,1044,1734),(47873,1044,1791),(47874,1044,1792),(47875,1044,1795),(47876,1044,1796),(47877,1059,1730),(47878,1059,1744),(47879,1059,1771),(47880,1059,1799),(47881,1060,1772),(47882,1060,1800),(47883,1061,1732),(47884,1061,1734),(47885,1061,1791),(47886,1061,1792),(47887,1061,1795),(47888,1061,1796),(47935,1228,1752),(47936,1228,1755),(47946,1207,1748),(47947,1207,1763),(47948,1207,1764),(47962,1231,1638),(47963,1231,1872),(47964,1231,1873),(47965,1232,1853),(47972,1209,1852),(47973,1209,1870),(47974,1222,1836),(47975,1222,1837),(47976,1222,1852),(47977,1223,1852),(47978,1224,1835),(47979,1229,1870),(47980,1230,1852);
/*!40000 ALTER TABLE `v_lamp_by_stage` ENABLE KEYS */;
UNLOCK TABLES;

--
-- Table structure for table `v_movement`
--

DROP TABLE IF EXISTS `v_movement`;
/*!40101 SET @saved_cs_client     = @@character_set_client */;
/*!50503 SET character_set_client = utf8mb4 */;
CREATE TABLE `v_movement` (
  `id` bigint NOT NULL AUTO_INCREMENT,
  `stage_id` bigint DEFAULT NULL,
  `from_road_id` bigint DEFAULT NULL,
  `to_road_id` bigint DEFAULT NULL,
  `proportion` double DEFAULT NULL,
  `turn_type` int DEFAULT NULL,
  PRIMARY KEY (`id`)
) ENGINE=InnoDB AUTO_INCREMENT=25 DEFAULT CHARSET=utf8mb4 COLLATE=utf8mb4_0900_ai_ci;
/*!40101 SET character_set_client = @saved_cs_client */;

--
-- Dumping data for table `v_movement`
--

LOCK TABLES `v_movement` WRITE;
/*!40000 ALTER TABLE `v_movement` DISABLE KEYS */;
INSERT INTO `v_movement` VALUES (1,777,882,NULL,0.8,1),(2,779,882,NULL,0.1,2),(3,777,882,NULL,0.1,3),(4,777,883,899,0.8,1),(5,779,883,NULL,0.1,2),(6,777,883,NULL,0.1,3),(7,778,884,899,0.3,2),(8,778,884,NULL,0.4,1),(9,778,884,NULL,0.3,3),(10,778,885,899,0.3,3),(11,778,885,NULL,0.4,2),(12,778,885,NULL,0.3,1),(13,840,898,882,0.8,1),(14,842,898,NULL,0.1,2),(15,840,898,NULL,0.1,3),(16,840,899,NULL,0.8,1),(17,842,899,NULL,0.1,2),(18,840,899,NULL,0.1,3),(19,841,900,882,0.3,2),(20,841,900,NULL,0.3,2),(21,841,900,NULL,0.4,1),(22,841,901,882,0.3,2),(23,841,901,NULL,0.3,3),(24,841,901,NULL,0.4,1);
/*!40000 ALTER TABLE `v_movement` ENABLE KEYS */;
UNLOCK TABLES;

--
-- Table structure for table `v_ogn_area`
--

DROP TABLE IF EXISTS `v_ogn_area`;
/*!40101 SET @saved_cs_client     = @@character_set_client */;
/*!50503 SET character_set_client = utf8mb4 */;
CREATE TABLE `v_ogn_area` (
  `ID` bigint NOT NULL AUTO_INCREMENT COMMENT 'TRIAL',
  `OGN_ID` bigint DEFAULT NULL COMMENT 'TRIAL',
  `AREA_ID` bigint DEFAULT NULL COMMENT 'TRIAL',
  `IS_ACTIVE` double DEFAULT '1' COMMENT 'TRIAL',
  `CREATED_BY` varchar(500) DEFAULT NULL COMMENT 'TRIAL',
  `created_date` datetime DEFAULT NULL,
  `MODIFIED_BY` varchar(500) DEFAULT NULL COMMENT 'TRIAL',
  `modified_date` datetime DEFAULT NULL,
  PRIMARY KEY (`ID`)
) ENGINE=InnoDB AUTO_INCREMENT=4246 DEFAULT CHARSET=utf8mb3 COMMENT='TRIAL';
/*!40101 SET character_set_client = @saved_cs_client */;

--
-- Dumping data for table `v_ogn_area`
--

LOCK TABLES `v_ogn_area` WRITE;
/*!40000 ALTER TABLE `v_ogn_area` DISABLE KEYS */;
INSERT INTO `v_ogn_area` VALUES (1903,2394,1308459,1,'admin','2025-08-06 07:22:49','admin','2025-08-06 07:22:49'),(2039,2327,1308499,1,'admin','2025-09-01 03:17:17','admin','2025-09-01 03:17:17'),(2040,2327,1308500,1,'admin','2025-09-01 03:18:33','admin','2025-09-01 03:18:33'),(2041,2327,1308501,1,'admin','2025-09-01 03:20:31','admin','2025-09-01 03:20:31'),(2042,2327,1308502,1,'admin','2025-09-01 03:20:41','admin','2025-09-01 03:20:41'),(2043,2327,1308503,1,'admin','2025-09-01 03:21:56','admin','2025-09-01 03:21:56'),(2045,2327,1308505,1,'admin','2025-09-01 03:42:13','admin','2025-09-01 03:42:13'),(2061,2327,1308507,1,'admin','2025-09-03 02:07:34','admin','2025-09-03 02:07:34'),(2920,2394,1308555,1,'admin','2025-10-06 02:51:14','admin','2025-10-06 02:51:14'),(2931,2394,1308556,1,'admin','2025-10-06 10:56:58','admin','2025-10-06 10:56:58'),(3059,2329,1308560,1,'admin','2025-10-10 10:32:50','admin','2025-10-10 10:32:50'),(3128,2394,1308557,1,'admin','2025-10-14 04:06:30','admin','2025-10-14 04:06:30'),(4091,2327,1308591,1,'admin','2025-11-10 04:02:46','admin','2025-11-10 04:02:46'),(4128,2396,1308599,1,'Hungnm99','2025-11-18 06:53:57','Hungnm99','2025-11-18 06:53:57'),(4139,2327,1308607,1,'admin','2025-11-20 08:29:03','admin','2025-11-20 08:29:03'),(4144,2419,1308609,1,'admin','2025-11-24 08:34:32','admin','2025-11-24 08:34:32'),(4145,2420,1308604,1,'Hungnm99','2025-11-24 09:04:58','Hungnm99','2025-11-24 09:04:58'),(4230,2392,1308608,1,'admin','2025-12-30 04:46:00','admin','2025-12-30 04:46:00'),(4231,2390,1308608,1,'admin','2025-12-30 04:46:00','admin','2025-12-30 04:46:00'),(4232,2397,1308608,1,'admin','2025-12-30 04:46:00','admin','2025-12-30 04:46:00'),(4239,2327,1308565,1,'admin','2026-03-10 02:46:52','admin','2026-03-10 02:46:52'),(4240,2329,1308565,1,'admin','2026-03-10 02:46:52','admin','2026-03-10 02:46:52'),(4241,2327,1308606,1,'admin','2026-03-10 02:50:47','admin','2026-03-10 02:50:47'),(4245,2327,1308582,1,'admin','2026-03-10 03:09:44','admin','2026-03-10 03:09:44');
/*!40000 ALTER TABLE `v_ogn_area` ENABLE KEYS */;
UNLOCK TABLES;

--
-- Table structure for table `v_road`
--

DROP TABLE IF EXISTS `v_road`;
/*!40101 SET @saved_cs_client     = @@character_set_client */;
/*!50503 SET character_set_client = utf8mb4 */;
CREATE TABLE `v_road` (
  `id` bigint NOT NULL AUTO_INCREMENT,
  `is_active` int NOT NULL DEFAULT '1',
  `road_name` varchar(255) CHARACTER SET utf8mb3 COLLATE utf8mb3_general_ci DEFAULT NULL,
  `from_cross` bigint DEFAULT NULL,
  `from_cross_direction` int DEFAULT NULL,
  `to_cross` bigint DEFAULT NULL,
  `to_cross_direction` int DEFAULT NULL,
  `number_of_lanes` int NOT NULL,
  `description` varchar(500) CHARACTER SET utf8mb4 COLLATE utf8mb4_0900_ai_ci DEFAULT NULL,
  `created_date` datetime DEFAULT NULL,
  `created_by` varchar(500) DEFAULT NULL,
  `modified_date` datetime DEFAULT NULL,
  `modified_by` varchar(500) DEFAULT NULL,
  `width` float DEFAULT NULL,
  `length` float DEFAULT NULL,
  `straight_proportion` float DEFAULT NULL COMMENT 'Tỉ lệ xe cộ rẽ phải của đường',
  `left_proportion` float DEFAULT NULL COMMENT 'Tỉ lệ xe cộ rẽ trái của đường',
  `right_proportion` float DEFAULT NULL COMMENT 'Tỉ lệ xe cộ rẽ phải của đường',
  `capacity_design` int DEFAULT NULL COMMENT 'Thiết kế lưu lượng tối đa của đường',
  `road_type` int DEFAULT NULL COMMENT '"Loại đường theo TCVN: +....',
  `speed_design` int DEFAULT NULL COMMENT 'Thiết kế tốc độ cho phép của đường',
  `capacity_utilization` double DEFAULT NULL COMMENT 'Hệ số sử dụng KNTH (capacity_design)',
  `weight` float DEFAULT NULL COMMENT 'Trọng số của đường',
  PRIMARY KEY (`id`)
) ENGINE=InnoDB AUTO_INCREMENT=1312 DEFAULT CHARSET=utf8mb4 COLLATE=utf8mb4_0900_ai_ci;
/*!40101 SET character_set_client = @saved_cs_client */;

--
-- Dumping data for table `v_road`
--

LOCK TABLES `v_road` WRITE;
/*!40000 ALTER TABLE `v_road` DISABLE KEYS */;
INSERT INTO `v_road` VALUES (1088,1,'Đường Tôn Thất Thuyết',218,1,230,0,6,NULL,'2025-08-22 07:45:23','admin','2025-10-10 04:52:35','admin',NULL,3,0.6,0.1,0.3,2000,1,80,0.75,3),(1090,-1,'Đường Mỹ ĐÌnh',NULL,NULL,231,0,2,NULL,'2025-08-22 08:27:50','admin','2025-10-29 04:09:33','admin',NULL,NULL,0,1,0,NULL,1,100,NULL,1),(1104,-1,'Nguyễn Cơ Thạch (Hàm Nghi đến Trần Hữu Dực)',363,0,348,2,2,'Đường Nguyễn Cơ Thạch hướng từ Hàm Nghi đến Trần Hữu Dực','2025-09-08 07:04:16','admin','2025-10-24 10:04:34','admin',3.5,500,0.2,0.4,0.4,1600,2,50,0.8,25),(1105,-1,'Nguyễn Cơ Thạch (Trần Hữu Dực đi Hàm Nghi)',348,1,218,0,2,NULL,'2025-09-08 07:06:39','admin','2025-10-15 03:01:11','Duybt4',3.5,500,0.2,0.4,0.4,NULL,2,50,NULL,25),(1106,-1,'Đỗ Xuân Hợp (Trần Hữu Dực đi Tân Mỹ)',318,0,364,1,2,NULL,'2025-09-08 07:08:02','admin','2025-10-24 10:06:12','admin',3.5,400,0.4,0.3,0.3,NULL,2,50,NULL,25),(1114,-1,'Đường 1',206,1,363,2,2,NULL,'2025-09-10 10:31:03','admin','2025-10-24 10:04:34','admin',NULL,2,0,1,0,NULL,1,100,NULL,2),(1115,-1,'đường 2',206,2,363,1,1,NULL,'2025-09-10 10:31:55','admin','2025-10-24 10:04:34','admin',NULL,1,0,1,0,NULL,1,100,NULL,1),(1116,-1,'đường 3',363,2,206,0,2,NULL,'2025-09-10 10:32:17','admin','2025-10-24 10:04:34','admin',NULL,1,0,1,0,2000,1,100,0.65,1),(1118,1,'Đường 1',292,0,230,1,12,NULL,'2025-09-11 09:13:29','admin','2025-10-14 09:29:02','Hungnm99',123,123,0.5,0.2,0.3,2000,1,100,0.65,123),(1119,1,'Đường 2',191,1,292,0,12,NULL,'2025-09-11 09:14:19','admin','2025-10-22 03:23:28','Hungnm99',123,123,0.5,0.2,0.3,2000,1,100,0.65,123),(1120,-1,'Đường 5',305,3,292,2,1,NULL,'2025-09-11 09:16:30','admin','2025-10-22 03:18:51','Hungnm99',NULL,1,0,1,0,2000,1,100,0.65,1),(1121,1,'Đường 6 update',292,1,230,2,2,NULL,'2025-09-11 09:17:08','admin','2025-10-14 09:41:38','Hungnm99',NULL,2,0,1,0,2000,1,100,0.65,1),(1122,-1,'Đường 7(1)',363,1,218,2,3,NULL,'2025-09-11 09:17:39','admin','2025-10-24 10:04:34','admin',0,3,0,1,0,2000,1,100,0.65,1),(1123,-1,'1',364,2,356,0,1,NULL,'2025-09-12 04:21:52','admin','2025-10-28 02:12:18','admin',1,1,1,0.5,0.5,2000,1,80,0.75,1),(1124,1,'Đường hapt',360,2,361,0,2,NULL,'2025-09-12 04:28:39','admin','2025-11-06 04:43:12','admin',0,2,0,1,0,600,4,20,0.9,2),(1126,1,'Test đường 1409',20,0,191,1,1,NULL,'2025-09-14 08:48:07','admin','2025-09-15 06:47:52','admin',NULL,1,1,0.5,0.5,2000,1,80,0.75,1),(1127,-1,'Đường để xóa',364,1,348,1,2,NULL,'2025-09-15 06:48:38','admin','2025-10-24 10:06:12','admin',NULL,1,1,1,0,2000,1,80,0.75,1),(1128,-1,'Đường 7',364,3,348,4,3,NULL,'2025-09-15 06:59:03','admin','2025-10-24 10:06:12','admin',0,5,0,1,0,2000,1,100,0.65,1),(1129,-1,'Đường 8',365,4,364,3,4,NULL,'2025-09-15 06:59:24','admin','2025-10-24 10:07:31','admin',NULL,4,1,1,0,1600,2,60,0.8,1),(1130,-1,'Đường 9',NULL,NULL,366,1,3,NULL,'2025-09-15 06:59:49','admin','2025-10-28 01:27:56','admin',NULL,3,1,1,0,2000,1,100,0.65,1),(1131,-1,'ry',NULL,NULL,365,1,2,NULL,'2025-09-15 08:18:47','admin','2025-10-24 10:07:31','admin',NULL,2,1,1,0,2000,1,80,0.75,2),(1132,1,'Đường 1- Duy test',365,2,296,0,12,NULL,'2025-09-15 08:29:29','admin','2025-10-24 10:07:31','admin',NULL,123,1,0.2,0.2,2000,1,100,0.65,123),(1133,1,'2-Duy test',366,0,310,3,12,NULL,'2025-09-15 08:33:54','admin','2025-11-20 08:38:42','admin',NULL,12341200,1,0.3,0.2,2000,1,80,0.75,12341200),(1134,-1,'ẻwer',NULL,NULL,365,2,1,NULL,'2025-09-15 08:34:17','admin','2025-10-24 10:07:31','admin',NULL,3,1,1,0,2000,1,100,0.65,3),(1135,1,'1',NULL,NULL,359,1,1,NULL,'2025-09-15 08:48:18','admin','2026-04-28 08:50:09','admin',NULL,1,0,1,0,2000,1,100,0.65,1),(1136,1,'3-Duy test',305,1,296,7,12,NULL,'2025-09-15 09:15:43','admin','2025-09-16 10:17:37','admin',NULL,1234,1,0.3,0.3,2000,1,80,0.75,12341200),(1137,1,'4-Duy test',296,7,310,4,12,NULL,'2025-09-15 10:31:01','admin','2025-09-19 08:55:27','admin',NULL,1234,1,0.2,0.2,2000,1,100,0.65,1234120),(1138,1,'5-Duy  test',305,0,296,6,12,NULL,'2025-09-15 10:31:18','admin','2025-09-16 10:17:37','admin',NULL,1234,0.5,0.2,0.3,2000,1,80,0.75,1243),(1139,1,'6 - Duy test Chỉnh sửa thông tin đường',296,6,310,5,12,NULL,'2025-09-15 10:31:42','admin','2025-09-30 09:30:55','admin',NULL,1234120,1,0.3,0.3,2000,1,100,0.65,1234),(1140,1,'Đường 10',33000000101002,1,366,2,8,NULL,'2025-09-16 01:27:42','admin','2025-11-20 03:24:31','admin',0,3,0.5,0.5,0,16000,1,80,0.75,12),(1141,1,'đường 11',33000000101014,1,296,4,2,NULL,'2025-09-16 01:31:09','admin','2025-12-16 04:21:53','admin',NULL,2,1,1,0,2000,1,100,0.65,1),(1151,1,'Đại lộ Thăng Long (Hà Nội)',33000000101014,2,312,3,22,'Chỉnh sửa thôngChỉnh sửa thông tin đường Chỉnh sửa thông tin đườngChỉnh sửa thông tin đường Chỉnh sửa thông tin đườngChỉnh sửa thông tin đường Chỉnh sửa thông tin đườngChỉnh sửa thông tin đường Chỉnh sửa thông tin đường tin đường Chỉnh sửa thông tin đườngChỉnh sửa thôngChỉnh sửa thông tin đường Chỉnh sửa thông tin đườngChỉnh sửa thông tin đường Chỉnh sửa thông tin đườngChỉnh sửa thông tin đường Chỉnh sửa thông tin đườngChỉnh sửa thông tin đường Chỉnh sửa thông tin đường tin đường Chỉnh sửa thông','2025-09-16 02:54:07','admin','2025-12-16 04:21:53','admin',NULL,22,0,0,1,2000,1,100,0.65,2),(1152,1,'Đường 12',310,3,305,3,1,NULL,'2025-09-16 10:00:48','admin','2025-10-06 09:26:59','admin',NULL,4,1,1,0,2000,1,100,0.65,1),(1153,1,'Đường 13',296,5,312,4,3,NULL,'2025-09-16 10:01:29','admin','2025-10-03 10:41:05','admin',NULL,1,1,1,0,2000,1,100,0.65,1),(1154,1,'Đường 14',NULL,NULL,305,1,3,NULL,'2025-09-16 10:02:28','admin','2026-04-28 08:50:19','admin',NULL,4,1,0,1,2000,1,100,0.65,1),(1155,1,'Road 20',NULL,NULL,296,5,3,NULL,'2025-09-19 07:46:03','admin','2025-12-16 04:38:49','admin',NULL,3,1,1,0,2000,1,100,0.65,1),(1156,1,'Road 21',33000000101019,3,292,5,3,NULL,'2025-09-19 07:46:49','admin','2026-01-07 03:14:20','admin',NULL,3,1,1,0,2000,1,100,0.65,1),(1157,1,'Road 22',292,5,364,1,3,NULL,'2025-09-19 07:47:25','admin','2025-11-19 03:43:08','admin',NULL,3,0.1,0.5,0.4,2000,1,60,0.8,1),(1158,-1,'Đường Hàm Nghi',NULL,0,369,1,3,'fg','2025-10-01 10:11:29','admin','2025-11-03 02:25:34','admin',NULL,3,1,1,0,2000,1,100,0.65,3),(1159,-1,'1',NULL,NULL,NULL,NULL,1,NULL,'2025-10-01 10:14:30','admin','2025-11-18 04:35:54','admin',NULL,1,1,1,0,2000,1,100,0.65,1),(1160,-1,'2',NULL,NULL,312,5,2,NULL,'2025-10-01 10:16:43','admin','2025-10-03 10:42:58','admin',NULL,2,1,1,0,2000,1,100,0.65,2),(1161,1,'3',NULL,NULL,362,0,3,NULL,'2025-10-01 10:17:17','admin','2025-10-28 07:35:49','admin',NULL,3,1,1,0,2000,1,100,0.65,3),(1162,1,'Phạm Văn Bạch Báo Lao động',NULL,NULL,312,7,3,NULL,'2025-10-02 03:21:51','admin','2025-10-03 10:19:42','admin',3.5,600,0.8,0.1,0.1,2000,1,60,0.8,1),(1163,1,'Phạm Văn Bạch Viện Huyết học',230,1,312,2,3,NULL,'2025-10-02 03:24:01','admin','2025-10-09 03:30:40','Hungnm99',3.5,800,0.8,0.1,0.1,2000,1,60,0.8,1),(1164,1,'Hoàng Quán Chi - Đại sứ quán Mỹ',NULL,NULL,312,1,1,NULL,'2025-10-02 03:25:32','admin','2025-10-03 09:02:28','admin',3.5,800,0.3,0.3,0.4,2000,1,60,0.8,1),(1165,-1,'Hoàng Quán Chi - PVI',NULL,NULL,312,0,1,NULL,'2025-10-02 03:28:49','admin','2025-10-03 10:36:35','admin',3.5,900,0.4,0.3,0.3,2000,1,60,0.8,1),(1166,1,'Đường Duy 1',NULL,NULL,33000000101003,0,13,NULL,'2025-10-03 04:13:30','Duybt4','2025-11-26 07:11:03','admin',123,123,0.6,0.2,0.2,26000,1,80,0.75,123),(1167,1,'Đường Duy 2',365,0,33000000101003,1,12,NULL,'2025-10-03 04:14:56','Duybt4','2025-11-26 07:11:03','admin',0,1234,0.6,0.2,0.2,24000,1,80,0.75,1234),(1168,1,'Đường Duy 3',NULL,NULL,33000000101003,2,12,'12341234','2025-10-03 04:16:26','Duybt4','2025-11-26 07:11:03','admin',NULL,1234,1,0.2,0.2,2000,1,80,0.75,1234),(1169,1,'Dương Đình Nghệ',NULL,NULL,313,5,3,NULL,'2025-10-03 04:52:18','admin','2025-10-06 09:42:11','Hungnm99',NULL,600,1,0.1,0.1,2000,1,60,0.8,1),(1170,1,'Đường Phạm Văn Bạch hướng Dương Đình Nghệ',NULL,NULL,313,3,3,NULL,'2025-10-03 04:56:54','admin','2025-10-03 06:54:30','admin',NULL,700,1,0.1,0.1,2000,1,60,0.8,1),(1171,1,'Đường Vành Đai 2.5',NULL,NULL,313,1,3,NULL,'2025-10-03 06:43:09','admin','2025-10-16 07:00:18','admin',NULL,400,1,0.1,0.1,2000,1,60,0.8,1),(1172,1,'Đường Dương Đình Nghệ - Hướng về Hải Quan',NULL,NULL,313,6,3,NULL,'2025-10-03 06:46:29','admin','2025-10-03 06:54:30','admin',NULL,300,1,0.1,0.1,2000,1,60,0.8,1),(1173,1,'Đường Duy Tân',313,1,314,2,2,NULL,'2025-10-03 07:30:02','admin','2025-10-06 10:52:21','admin',NULL,200,1,0.1,0.1,2000,1,60,0.8,1),(1174,1,'Đường Thành Thái',NULL,NULL,314,6,3,NULL,'2025-10-03 07:32:07','admin','2025-10-06 09:43:32','Hungnm99',NULL,300,1,0.1,0.1,2000,1,60,0.8,1),(1175,1,'Đường Vành đai 2.5 hướng Trần Thái Tông',NULL,NULL,33000000101002,0,5,NULL,'2025-10-03 07:34:45','admin','2025-11-18 09:51:41','admin',NULL,500,1,0.1,0.3,2000,1,100,0.65,1),(1176,1,'Đường Trần Thái Tông',NULL,NULL,314,7,3,NULL,'2025-10-03 07:36:21','admin','2025-10-06 09:42:57','Hungnm99',NULL,3,1,0.1,0.1,2000,1,60,0.8,1),(1177,1,'Xuân Thủy 2',NULL,NULL,315,6,3,'1234','2025-10-03 07:54:28','Duybt4','2025-10-03 08:00:20','Duybt4',NULL,123,1,0.2,0.2,2000,1,80,0.75,1234),(1178,1,'Trần Quý Kiên',NULL,NULL,33000000101002,2,12,NULL,'2025-10-03 07:55:58','Duybt4','2025-11-20 06:40:12','admin',NULL,1234,1,0.2,0.3,2000,1,80,0.75,1234),(1179,1,'Xuân Thủy 3',NULL,NULL,315,2,12,NULL,'2025-10-03 07:57:48','Duybt4','2025-10-03 08:00:20','Duybt4',NULL,1234,1,0.2,0.3,2000,1,80,0.75,1234),(1180,1,'Phạm Văn Bạch vòng xuyến',NULL,NULL,316,1,2,NULL,'2025-10-03 09:43:28','Duybt4','2025-10-03 10:22:32','Duybt4',NULL,34,1,0.2,0.1,2000,1,80,0.75,234),(1181,1,'Duy Tân',NULL,NULL,316,6,2,NULL,'2025-10-03 09:45:20','Duybt4','2025-10-20 04:50:18','admin',32,232,1,0.2,0.3,2000,1,80,0.75,234),(1182,1,'Thành Thái',NULL,NULL,316,2,2,NULL,'2025-10-03 09:46:51','Duybt4','2025-10-06 02:17:53','admin',NULL,32,1,0.2,0.3,2000,1,80,0.75,12341200),(1183,-1,'[immutable] Đ. Vành đai 2.5 hướng PVB',NULL,7,363,0,3,NULL,'2025-10-06 08:15:47','admin','2025-10-24 10:04:34','admin',9,2000,1,0.5,0.5,1600,2,60,0.8,1),(1184,-1,'[immutable] Trung Kính đi Trần Duy Hưng',NULL,3,364,2,2,NULL,'2025-10-06 08:17:52','admin','2025-10-24 10:06:12','admin',5,1000,1,0.5,0.5,2000,1,60,0.8,1),(1185,1,'[immutable] Mạc Thái Tông đi Vũ Phạm Hàm',373,0,365,4,3,NULL,'2025-10-06 08:19:24','admin','2025-11-06 02:58:13','admin',9,1000,1,0.5,0.5,2000,1,60,0.8,1),(1186,-1,'[immutable] Vũ Phạm Hàm -> Mạc Thái Tông',NULL,NULL,370,0,4,NULL,'2025-10-06 08:20:56','admin','2025-11-19 07:58:50','admin',10,2000,0,0.5,0.5,8000,1,60,0.8,1),(1187,-1,'[immutable] Trần Kim Xuyến - Trung Hòa',NULL,NULL,NULL,NULL,3,NULL,'2025-10-06 09:04:06','admin','2025-11-20 06:40:12','admin',NULL,2000,0,0.5,0.5,2000,1,60,0.8,1),(1188,-1,'[immutable] Vành đai 2.5 hướng Trung Kính',NULL,NULL,NULL,NULL,3,NULL,'2025-10-06 09:06:51','admin','2025-11-20 06:40:12','admin',9,2000,1,0.5,0.5,2000,1,60,0.8,1),(1190,-1,'[immutable] Trung Kính hướng đi Công viên Cầu Giấy',NULL,NULL,373,0,3,NULL,'2025-10-06 09:25:52','admin','2025-11-03 09:13:58','admin',NULL,2000,1,0.5,0.5,2000,1,60,0.8,1),(1198,-1,'232',NULL,0,NULL,1,23,'467567','2025-10-08 03:37:33','admin','2025-10-08 03:37:40','admin',NULL,234,1,0.1,0.1,2000,1,100,0.65,6),(1199,1,'[READONLY] Đỗ Xuân Hợp đi Nguyễn Cơ Thạch',NULL,NULL,318,0,2,NULL,'2025-10-08 03:44:00','admin','2025-11-18 11:16:16','admin',8,400,0.2,0.4,0.4,3200,2,80,0.75,1),(1200,1,'[READONLY] Đỗ Xuân Hợp về phía Tân Mỹ',NULL,NULL,33000000101001,0,2,NULL,'2025-10-08 04:11:24','admin','2025-11-05 08:50:53','admin',8,400,0,0.5,0.5,1600,2,60,0.8,1),(1201,1,'[READONLY] Trần Hữu Dực đi Trịnh Văn Bô',318,6,33000000101001,1,4,NULL,'2025-10-08 04:13:37','admin','2025-11-05 09:02:23','admin',15,500,0,0.5,0.5,1600,2,60,0.8,1),(1202,1,'[READONLY] Trịnh Văn Bô đi vào Ngã 4 Trần Hữu Dực - Đỗ Xuân Hợp',NULL,NULL,318,6,4,NULL,'2025-10-08 04:15:14','admin','2025-10-24 11:17:23','admin',15,400,0.6,0.2,0.2,1600,2,60,0.8,1),(1203,1,'[READONLY] Trần Hữu Dực đi phía Lan 9',318,2,317,1,4,NULL,'2025-10-08 04:17:06','admin','2026-01-20 10:24:24','admin',15,300,0.1,0.4,0.5,6400,2,60,0.8,1),(1205,1,'[READONLY] Lan 9 đi cầu vượt Trịnh Văn Bô',317,1,318,2,4,NULL,'2025-10-08 04:18:53','admin','2025-10-24 11:13:40','admin',15,300,0.6,0.2,0.2,1600,2,60,0.8,1),(1206,1,'[READONLY] Nguyễn Cơ Thạch đi Đỗ Xuân Hợp',320,0,318,4,2,NULL,'2025-10-08 04:20:38','admin','2025-10-24 11:11:51','admin',8,400,0.2,0.4,0.4,1600,2,60,0.8,1),(1207,1,'[READONLY] Nguyễn Cơ Thạch đi Hàm Nghi phía ktx Mỹ Đình',318,4,320,0,2,NULL,'2025-10-08 04:24:11','admin','2025-10-24 11:09:02','admin',8,400,0.3,0.3,0.4,1600,2,60,0.8,1),(1208,1,'[READONLY] Hàm Nghi đi Lê Đức Thọ',320,6,319,2,3,NULL,'2025-10-08 04:26:27','admin','2025-10-24 11:06:54','admin',12,300,0.4,0.3,0.3,1600,2,60,0.8,1),(1209,1,'[READONLY] SunSquare Lê Đức Thọ đi phía sông Nhuệ',319,2,320,6,3,NULL,'2025-10-08 04:29:20','admin','2025-10-24 11:05:17','admin',12,300,0.2,0.4,0.4,1600,2,60,0.8,1),(1211,1,'[READONLY] Hàm Nghi đi Vinhomes Gardenia',320,2,33000000101001,2,3,NULL,'2025-10-08 04:44:26','admin','2025-11-05 09:03:18','admin',12,500,0,0.5,0.5,1600,2,60,0.8,1),(1212,1,'[READONLY] Vinhomes Gardenia Hàm Nghi đi HD Mon',NULL,NULL,320,2,3,NULL,'2025-10-08 04:50:05','admin','2025-10-24 11:00:42','admin',12,500,0.2,0.4,0.4,1600,2,60,0.8,1),(1213,1,'[READONLY] SVD Mỹ Đình đi Trần Hữu Dực',NULL,NULL,317,3,5,NULL,'2025-10-08 04:54:23','admin','2025-10-24 10:58:23','admin',20,2000,0.6,0.3,0.1,1600,2,60,0.8,1),(1214,1,'[READONLY] Trần Hữu Dực bia Thu Hằng đi phía SVD Mỹ Đình',317,3,363,0,5,NULL,'2025-10-08 04:56:18','admin','2025-11-27 12:47:57','admin',20,3000,0,0.5,0.5,1600,2,60,0.8,1),(1215,1,'[READONLY] Trần Hữu Dực đi Nguyễn Hoàng',317,5,319,0,3,NULL,'2025-10-08 04:58:32','admin','2025-10-24 10:55:15','admin',12,500,0.5,0.2,0.3,1600,2,60,0.8,1),(1216,1,'[READONLY] The Zei đi Trần Hữu Dực',NULL,NULL,317,5,3,NULL,'2025-10-08 04:59:44','admin','2025-10-29 04:03:23','admin',12,500,0.6,0.1,0.3,1600,2,60,0.8,1),(1218,-1,'111',NULL,NULL,361,0,11,NULL,'2025-10-08 07:25:01','admin','2025-10-22 04:14:45','admin',NULL,1,1,0,1,2000,1,80,0.75,1),(1219,1,'[READONLY] Hồ Tùng Mậu đi ngã 4 Lê Đức Thọ Nguyễn Hoàng',343,0,319,4,3,NULL,'2025-10-08 07:32:41','admin','2025-10-24 10:45:02','admin',12,500,0.6,0.2,0.2,1600,2,60,0.8,1),(1220,1,'[READONLY] Nguyễn Hoàng đi Hàm Nghi',NULL,NULL,319,6,3,NULL,'2025-10-08 07:38:18','admin','2025-10-24 10:49:11','admin',0,1500,0.5,0.2,0.3,1600,2,60,0.8,1),(1221,1,'[READONLY] Hàm Nghi - Nguyễn Hoàng đi Phạm Hùng',319,6,363,1,3,NULL,'2025-10-08 07:39:51','admin','2025-11-27 12:26:36','admin',NULL,1500,0,0.5,0.5,1600,2,60,0.8,1),(1222,1,'[READONLY] Nguyễn Cơ Thạch đi Hồ Tùng Mậu',320,4,347,0,2,NULL,'2025-10-08 07:51:44','admin','2025-10-28 07:47:17','admin',12,500,0,0.5,0.5,1600,2,60,0.8,1),(1223,1,'[READONLY] Hồ Tùng Mậu đi Nguyễn Cơ Thạch - Hàm Nghi',347,0,320,4,3,NULL,'2025-10-08 07:53:16','admin','2025-10-28 07:46:37','admin',12,500,0.2,0.4,0.4,1600,2,60,0.8,1),(1224,1,'[READONLY] Hồ Tùng Mậu - Trần Vỹ',343,4,363,2,3,NULL,'2025-10-08 08:03:13','admin','2025-11-27 12:26:36','admin',12,500,0,0.5,0.5,1600,2,60,0.8,1),(1225,1,'[Road - READONLY] Trần Vỹ - Hồ Tùng Mậu',NULL,NULL,343,4,3,NULL,'2025-10-08 08:04:31','admin','2025-11-13 09:24:35','admin',12,500,0.2,0.4,0.4,4800,2,60,0.8,1),(1226,1,'[Road - READONLY] Ngã 4 Xuân Thủy - Hồ Tùng Mậu',NULL,NULL,343,2,4,NULL,'2025-10-08 08:06:17','admin','2025-11-13 09:24:21','admin',20,900,0.6,0.2,0.2,6400,2,60,0.8,1),(1228,1,'[Road - READONLY] Hồ Tùng Mậu - Xuân Thủy',343,2,33000000101014,1,4,NULL,'2025-10-08 08:09:47','admin','2025-12-16 04:21:53','admin',20,900,0,0.5,0.5,6400,2,60,0.8,1),(1229,1,'[Road - READONLY] Hồ Tùng Mậu đi GoldMark City',343,6,347,6,4,NULL,'2025-10-08 08:12:11','admin','2025-11-13 09:23:40','admin',20,400,0.6,0.2,0.2,6400,2,60,0.8,1),(1230,1,'[Road - READONLY] Đối diện Goldmark City đi phía ga Metro Lê Đức Thọ',347,6,343,6,4,NULL,'2025-10-08 08:16:00','admin','2025-11-13 09:21:44','admin',20,400,0.6,0.2,0.2,6400,2,60,0.8,1),(1231,1,'Phi test',NULL,NULL,315,0,1,NULL,'2025-10-08 08:17:03','admin','2025-10-10 04:14:39','admin',NULL,2,0,0,1,2000,1,100,0.65,123),(1233,1,'[Road-READONLY] Hồ Tùng Mậu đi Metro Phú Diễn',347,2,359,2,4,NULL,'2025-10-08 08:18:56','admin','2025-11-13 09:21:27','admin',20,500,0,0.5,0.5,6400,2,60,0.8,1),(1234,1,'[Road - READONLY] Nguyễn Đổng Chi đi Hồ Tùng Mậu - Nguyễn Cơ Thạch',NULL,NULL,347,2,4,NULL,'2025-10-08 08:20:35','admin','2025-11-13 09:21:10','admin',20,300,0.6,0.2,0.2,6400,2,60,0.8,1),(1240,1,'duy test 1',NULL,NULL,365,2,3,NULL,'2025-10-08 12:43:53','Duybt4','2025-11-19 09:32:52','admin',0,2134,0,0,1,4800,2,60,0.8,2345),(1241,1,'duy test 2',NULL,NULL,191,3,12,NULL,'2025-10-08 12:45:13','Duybt4','2025-10-16 07:24:57','admin',NULL,1234,0,0,1,2000,1,100,0.65,123),(1242,1,'duy test 3',NULL,NULL,191,0,32,NULL,'2025-10-08 12:47:22','Duybt4','2025-10-20 04:51:04','admin',NULL,1234,0,0,1,2000,1,100,0.65,1234),(1243,1,'duy tets 4',NULL,NULL,364,3,12,NULL,'2025-10-08 12:47:40','Duybt4','2025-11-19 03:43:08','admin',NULL,1234,0.6,0.2,0.2,1600,2,50,0.8,1234),(1244,1,'Duy test 5',NULL,NULL,33000000101014,0,34,NULL,'2025-10-09 03:22:50','Duybt4','2025-12-16 04:21:53','admin',NULL,1234,0.7,0.1,0.2,2000,1,80,0.75,1234),(1245,1,'Duy test 5',NULL,NULL,33000000101014,2,23,NULL,'2025-10-09 03:23:25','Duybt4','2025-12-16 04:21:53','admin',NULL,234,0.8,0.1,0.1,2000,1,80,0.75,1234),(1246,1,'Duy test 6',NULL,NULL,33000000101019,0,12,NULL,'2025-10-09 03:23:41','Duybt4','2026-01-05 07:40:09','admin',0,2314,0.8,0.1,0.1,24000,1,80,0.75,1234),(1249,1,'phihs',NULL,NULL,NULL,NULL,11,NULL,'2025-10-14 07:14:27','admin','2026-01-06 02:37:16','admin',2134120000,1234120000,0,1,0,2000,1,100,0.65,1234),(1250,1,'[Road- READONLY] Ngã 4 Lê Đức Thọ - Nguyễn Hoàng đi Hồ Tùng Mậu',319,0,343,0,3,'Đường nối từ ngã tư Lê Đức Thọ - Nguyễn Hoàng đi ngã 4 Hồ Tùng Mậu - Lê Đức Thọ - Trần Vỹ','2025-10-14 08:15:54','admin','2025-11-13 09:20:27','admin',11,500,0.2,0.4,0.4,6000,1,60,0.8,1),(1251,-1,'tuan test đường',NULL,NULL,NULL,NULL,19,NULL,'2025-10-15 03:13:11','admin','2025-10-22 01:57:54','Duybt4',10000000000,10000000000,0,0.5,0.5,2000,1,100,0.65,1000000000),(1252,1,'ab',361,3,358,0,3,NULL,'2025-10-21 09:59:41','testitl','2025-10-22 04:14:45','admin',200,1000,0,0.5,0.5,2000,1,80,0.75,1),(1253,1,'cd',358,4,NULL,NULL,2,NULL,'2025-10-21 10:02:36','testitl','2025-12-16 04:38:49','admin',100,1000,0,0.5,0.5,1600,2,60,0.8,1),(1254,1,'ef',358,6,359,0,3,NULL,'2025-10-21 10:04:27','testitl','2025-10-22 01:44:02','admin',NULL,1000,0,0.5,0.5,1600,2,60,0.8,1),(1255,1,'gh',361,5,358,2,2,NULL,'2025-10-21 10:05:08','testitl','2025-10-22 08:23:53','admin',100,1000,0,0.5,0.5,1600,2,60,0.8,1),(1256,1,'[Cấm động] H&agrave; 1',360,0,33000000101019,3,12,NULL,'2025-10-21 10:21:24','admin','2026-01-06 02:37:17','admin',0,250,0.8,0.1,0.1,2000,1,100,0.65,1),(1257,1,'[Cấm động] H&agrave; 2',NULL,NULL,356,1,2,NULL,'2025-10-21 10:22:08','admin','2025-10-23 07:25:15','admin',0,250,0.8,0.1,0.1,2000,1,100,0.65,1),(1258,1,'[Cấm động] H&agrave; 3',NULL,NULL,356,2,3,NULL,'2025-10-21 10:22:42','admin','2025-10-28 09:18:55','admin',0,240,0.9,0.1,0,2000,1,100,0.65,1),(1259,-1,'789',NULL,NULL,NULL,NULL,7,NULL,'2025-10-22 01:56:50','admin','2025-10-22 02:42:10','Duybt4',10000000000,10000000000,0.8,0.1,0.1,2000,1,100,0.65,10000000000),(1260,1,'chua dat ten',NULL,NULL,NULL,NULL,1,'<a href=\"javascript:alert(\'Successful XSS\')\">Click here!</a>\n','2025-10-22 03:23:12','testitl','2025-12-16 04:38:49','admin',0,1,0,0.9,0.1,1600,2,80,0.75,1),(1261,1,'Hà 4',356,1,NULL,NULL,1,NULL,'2025-10-22 03:42:47','admin','2025-12-16 04:38:49','admin',0,123,0.8,0.1,0.1,2000,1,100,0.65,1),(1262,1,'Hà 5',NULL,NULL,NULL,NULL,3,NULL,'2025-10-22 03:43:19','admin','2025-12-16 04:38:49','admin',0,345,0.8,0.1,0.1,6000,1,80,0.75,4),(1263,-1,'Hà 6',NULL,NULL,NULL,NULL,3,NULL,'2025-10-22 03:44:06','admin','2025-11-06 04:43:47','admin',0,345,0.8,0.1,0.1,2000,1,100,0.65,4),(1264,1,'Phi Hung 1',360,7,33000000101019,5,3,NULL,'2025-10-23 03:19:51','admin','2026-01-05 07:40:09','admin',12,9383,0.7,0.1,0.2,2000,1,80,0.75,23),(1265,1,'Phi Hung 2',NULL,NULL,362,2,2,NULL,'2025-10-23 03:21:09','admin','2025-10-23 03:28:16','admin',2,2,0.2,0.5,0.3,2000,1,60,0.8,1),(1266,-1,'Phi Hung 3',NULL,NULL,NULL,NULL,2,NULL,'2025-10-23 03:22:22','admin','2025-10-28 01:41:59','admin',123412000,123412000,0.4,0.4,0.2,2000,1,80,0.75,2),(1267,-1,'Đường xưa lối cũ',NULL,NULL,NULL,NULL,3,NULL,'2025-10-23 07:08:08','admin','2025-10-24 04:46:44','admin',2341,2312,0.5,0.2,0.3,2000,1,80,0.75,2312),(1268,-1,'ưe',NULL,NULL,NULL,NULL,43,NULL,'2025-10-24 02:01:29','admin','2025-10-24 10:09:19','admin',9999,9999,0.8,0.1,0.1,2000,1,100,0.65,9999),(1270,1,'[ONLY PHI] r2',198,6,373,2,2,NULL,'2025-10-27 08:01:55','admin','2025-11-20 09:59:07','admin',2,2,0,0.7,0.3,2000,1,100,0.65,2),(1271,1,'[ONLY PHI] r3',NULL,NULL,373,6,3,NULL,'2025-10-27 08:03:05','admin','2025-11-03 08:50:29','admin',3,3,0.2,0.3,0.5,2000,1,100,0.65,3),(1284,1,'[ONLY PHI] r16',NULL,NULL,360,0,1,NULL,'2025-10-27 08:57:18','admin','2025-11-06 08:14:29','admin',0,1,0.1,0.3,0.6,2000,1,60,0.8,1),(1286,1,'[ONLY PHI] r18',NULL,NULL,NULL,NULL,1,NULL,'2025-10-27 08:58:01','admin','2026-01-16 03:28:17','admin',0,1,0.6,0.2,0.2,2000,1,80,0.75,14),(1288,-1,'45',NULL,NULL,366,0,5,NULL,'2025-10-30 10:09:57','admin','2025-11-20 04:35:53','admin',1234,5,0.8,0.1,0.1,10000,1,100,0.65,5),(1290,1,'Đặt tên gợi nhớ, không đặt bừa',NULL,NULL,365,0,12,NULL,'2025-10-30 10:20:17','admin','2025-11-21 09:08:11','admin',1234,1234,0.7,0.1,0.2,24000,1,100,0.65,1234),(1291,1,'45645654643243',NULL,NULL,358,4,1,'đường 456456546','2025-10-31 01:50:30','admin','2025-11-11 03:09:22','admin',123.4,12.34,0.7,0.1,0.2,2000,1,80,0.75,1.234),(1292,1,'Đường test QA1',NULL,NULL,366,3,2,'adsf\nasd\nfas\ndfas\ndfas\ndf\nads','2025-10-31 02:15:04','admin','2026-03-24 07:43:46','admin',6,250,0.7,0.1,0.2,4000,1,80,0.75,1),(1295,-1,'test trung 1',362,0,198,7,23,NULL,'2025-11-05 07:33:19','admin','2025-11-21 11:24:37','admin',56666,2134,0.6,0.2,0.2,46000,1,100,0.65,3),(1297,-1,'têtt',NULL,NULL,NULL,NULL,1,NULL,'2025-11-11 10:34:31','admin','2025-11-11 10:56:08','admin',0,111,0.3,0.7,0,2000,1,100,0.65,1),(1298,-1,'23423423424',NULL,NULL,NULL,NULL,23,NULL,'2025-11-11 10:57:25','admin','2025-11-11 10:57:25','admin',2233,333,0.9,0.1,0,2000,1,100,0.65,1),(1299,-1,'asdf',NULL,NULL,NULL,NULL,0,'','2025-11-17 09:17:15','admin','2025-11-17 09:17:15','admin',0,0,1,0,0,0,1,0,0,0),(1300,-1,'asdf',NULL,NULL,NULL,NULL,0,'','2025-11-17 09:18:35','admin','2025-11-17 09:18:35','admin',0,0,1,0,0,0,1,0,0,0),(1301,-1,'cấm đặt tên ngu',NULL,NULL,NULL,NULL,12,'','2025-11-17 09:32:57','admin','2025-11-19 09:52:54','admin',0,2134,0,0.6,0.4,24000,1,80,0.75,1234),(1302,1,'[ONLY PHI]Đường lẻ 1',198,2,362,1,1,'','2025-11-20 08:37:46','admin','2026-05-04 08:30:32','admin',0,1,0.5,0.2,0.3,2000,1,80,0.75,3),(1303,-1,'[ONLY PHI]Đường lẻ 2',198,4,NULL,NULL,2,'','2025-11-20 08:38:33','admin','2025-11-20 10:04:07','admin',0,1,0.6,0.2,0.2,4000,1,80,0.75,1),(1308,-1,'yttyj',NULL,NULL,NULL,NULL,4,'','2025-12-16 03:51:01','admin','2025-12-16 03:51:20','admin',44444,44444,0,1,0,8000,1,100,0.65,4),(1309,-1,'ẻt',NULL,NULL,NULL,NULL,3,'','2025-12-16 04:11:00','admin','2025-12-16 04:11:00','admin',0,3,0.8,0.1,0.1,6000,1,100,0.65,3),(1310,1,'ttt',NULL,NULL,33000000101019,1,5,'','2026-01-15 10:09:12','admin','2026-04-29 11:15:24','admin',0,5,0.8,0.1,0.1,10000,1,100,0.65,1),(1311,-1,'fwr',NULL,NULL,33000000101019,2,1,'','2026-01-15 10:12:33','admin','2026-01-23 07:10:20','admin',0,1,0.8,0.1,0.1,2000,1,100,0.65,1);
/*!40000 ALTER TABLE `v_road` ENABLE KEYS */;
UNLOCK TABLES;

--
-- Table structure for table `v_road_coordinate`
--

DROP TABLE IF EXISTS `v_road_coordinate`;
/*!40101 SET @saved_cs_client     = @@character_set_client */;
/*!50503 SET character_set_client = utf8mb4 */;
CREATE TABLE `v_road_coordinate` (
  `id` bigint NOT NULL AUTO_INCREMENT,
  `road_id` bigint NOT NULL,
  `order_number` int NOT NULL,
  `latitude` double NOT NULL,
  `longitude` double NOT NULL,
  PRIMARY KEY (`id`)
) ENGINE=InnoDB AUTO_INCREMENT=1140 DEFAULT CHARSET=utf8mb4 COLLATE=utf8mb4_0900_ai_ci;
/*!40101 SET character_set_client = @saved_cs_client */;

--
-- Dumping data for table `v_road_coordinate`
--

LOCK TABLES `v_road_coordinate` WRITE;
/*!40000 ALTER TABLE `v_road_coordinate` DISABLE KEYS */;
INSERT INTO `v_road_coordinate` VALUES (279,1235,1,21.02688,105.78772),(280,1235,2,21.02319,105.78991),(351,1090,1,11.32423,90.23908470923),(352,1090,2,9.23908470923,199.23908470923),(516,1200,1,21.02902,105.76392),(517,1200,2,21.02529,105.76258),(690,1293,1,21.02111,105.826),(691,1293,2,21.02649,105.82757),(754,1291,1,21.02692,105.78769),(755,1291,2,21.02314,105.79004),(805,1166,1,21.023497723820398,105.81978484775448),(806,1166,2,21.02393275839657,105.82013533371526),(807,1166,3,21.02462372280405,105.82094098134604),(808,1166,4,21.025687682769558,105.82221904270267),(809,1166,5,21.02776844817957,105.82467975996838),(810,1166,6,21.029562685578227,105.8271253120713),(811,1167,1,21.023420274489084,105.81992191979344),(812,1167,2,21.023695381473885,105.82020226892558),(813,1167,3,21.024480440077838,105.82107925852006),(814,1167,4,21.02610694924749,105.82299857183318),(815,1167,5,21.02765418186503,105.82480287008025),(816,1167,6,21.029499349512406,105.82734038915777),(865,1240,1,21.016650293843895,105.8149932393552),(866,1240,2,21.017952252927316,105.81583008856711),(867,1240,3,21.019093961538502,105.81664548010855),(868,1240,4,21.019875125550655,105.81720337958308),(869,1240,5,21.022238622511964,105.81891999335198),(870,1240,6,21.023260122313758,105.81975684256383),(871,1240,7,21.02336026897666,105.81984267325419),(1130,1292,1,21.026286040154005,105.7596941503719),(1131,1292,2,21.02536741338109,105.7625235898368),(1132,1302,1,21.02609400839941,105.78799320105134),(1133,1302,2,21.02473203299961,105.78833652380604),(1134,1302,3,21.02292939936548,105.79134059790158),(1135,1302,4,21.023530279665124,105.79430175665408),(1136,1302,5,21.025493138433717,105.79470945242537),(1137,1302,6,21.026975279968724,105.79357219580163),(1138,1302,7,21.028237091552143,105.78996730688709),(1139,1302,8,21.028237091552143,105.78996730688709);
/*!40000 ALTER TABLE `v_road_coordinate` ENABLE KEYS */;
UNLOCK TABLES;

--
-- Table structure for table `v_stage`
--

DROP TABLE IF EXISTS `v_stage`;
/*!40101 SET @saved_cs_client     = @@character_set_client */;
/*!50503 SET character_set_client = utf8mb4 */;
CREATE TABLE `v_stage` (
  `id` bigint NOT NULL AUTO_INCREMENT,
  `is_active` int NOT NULL DEFAULT '1',
  `order_number` int NOT NULL,
  `cycle_id` bigint NOT NULL,
  `stage_code` varchar(255) NOT NULL,
  `old_id` varchar(255) NOT NULL,
  `description` varchar(2000) DEFAULT NULL,
  `created_by` varchar(500) DEFAULT NULL,
  `created_date` datetime DEFAULT NULL,
  `modified_by` varchar(500) DEFAULT NULL,
  `modified_date` datetime DEFAULT NULL,
  `red` int DEFAULT NULL,
  `green` int DEFAULT NULL,
  `yellow` int DEFAULT NULL,
  `red_clear` int DEFAULT NULL,
  `weight` float DEFAULT NULL,
  `min_green_time` int DEFAULT NULL,
  `max_green_time` int DEFAULT NULL,
  `direction` int DEFAULT NULL,
  PRIMARY KEY (`id`)
) ENGINE=InnoDB AUTO_INCREMENT=1234 DEFAULT CHARSET=utf8mb4 COLLATE=utf8mb4_0900_ai_ci;
/*!40101 SET character_set_client = @saved_cs_client */;

--
-- Dumping data for table `v_stage`
--

LOCK TABLES `v_stage` WRITE;
/*!40000 ALTER TABLE `v_stage` DISABLE KEYS */;
INSERT INTO `v_stage` VALUES (15,1,1,62,'Giai đoạn 1','11','11','system','2024-12-18 01:25:57','admin','2024-12-23 08:35:47',NULL,NULL,NULL,NULL,NULL,NULL,NULL,NULL),(16,1,2,62,'Giai đoạn 2','22','22','system','2024-12-18 01:25:57','admin','2024-12-23 08:35:47',NULL,NULL,NULL,NULL,NULL,NULL,NULL,NULL),(17,1,3,62,'Giai đoạn 3','33','33','system','2024-12-18 01:25:57','admin','2024-12-23 08:35:47',NULL,NULL,NULL,NULL,NULL,NULL,NULL,NULL),(127,1,1,102,'Giai đoạn 1','','','admin','2025-03-11 03:15:44','admin','2025-03-11 03:15:44',NULL,NULL,NULL,NULL,NULL,NULL,NULL,NULL),(234,1,1,197,'A1','XYZ123','linhtinh','phihs','2025-05-15 04:19:13','phihs','2025-05-15 04:19:13',30,45,5,3,10,20,60,NULL),(235,1,2,197,'A2','XYZ1234','linhtinh','phihs','2025-05-15 04:19:13','phihs','2025-05-15 04:19:13',3,60,5,3,10,20,80,NULL),(237,1,1,199,'A1','XYZ123','linhtinh','phihs','2025-05-15 04:57:16','phihs','2025-05-15 04:57:16',30,45,5,3,10,20,60,NULL),(238,1,2,199,'A2','XYZ1234','linhtinh','phihs','2025-05-15 04:57:16','phihs','2025-05-15 04:57:16',3,60,5,3,10,20,80,NULL),(239,1,1,200,'A1','XYZ123','linhtinh','phihs','2025-05-15 07:23:04','phihs','2025-05-15 07:23:04',30,45,5,3,10,20,60,NULL),(240,1,2,200,'A2','XYZ1234','linhtinh','phihs','2025-05-15 07:23:05','phihs','2025-05-15 07:23:05',3,60,5,3,10,20,80,NULL),(241,1,1,201,'A1','XYZ123','linhtinh','phihs','2025-05-15 07:24:26','phihs','2025-05-15 07:24:26',30,45,5,3,10,20,60,NULL),(242,1,2,201,'A2','XYZ1234','linhtinh','phihs','2025-05-15 07:24:26','phihs','2025-05-15 07:24:26',3,60,5,3,10,20,80,NULL),(243,1,1,202,'A1','XYZ123','linhtinh','phihs','2025-05-15 07:28:24','phihs','2025-05-15 07:28:24',30,45,5,3,10,20,60,NULL),(244,1,2,202,'A2','XYZ1234','linhtinh','phihs','2025-05-15 07:28:24','phihs','2025-05-15 07:28:24',3,60,5,3,10,20,80,NULL),(245,1,1,203,'A1','XYZ123','linhtinh','phihs','2025-05-15 07:37:21','phihs','2025-05-15 07:37:21',30,45,5,3,10,20,60,NULL),(246,1,2,203,'A2','XYZ1234','linhtinh','phihs','2025-05-15 07:37:21','phihs','2025-05-15 07:37:21',3,60,5,3,10,20,80,NULL),(255,1,1,208,'A1','XYZ123','linhtinh','phihs','2025-05-15 08:20:35','phihs','2025-05-15 08:20:35',30,45,5,3,10,20,60,NULL),(256,1,2,208,'A2','XYZ1234','linhtinh','phihs','2025-05-15 08:20:35','phihs','2025-05-15 08:20:35',3,60,5,3,10,20,80,NULL),(267,1,1,214,'A1','XYZ123','linhtinh','phihs','2025-05-15 12:07:04','phihs','2025-05-15 12:07:04',30,45,5,3,10,20,60,NULL),(268,1,2,214,'A2','XYZ1234','linhtinh','phihs','2025-05-15 12:07:04','phihs','2025-05-15 12:07:04',3,60,5,3,10,20,80,NULL),(273,1,1,217,'A1','XYZ123','linhtinh','phihs','2025-05-15 12:07:45','phihs','2025-05-15 12:07:45',30,45,5,3,10,20,60,NULL),(274,1,2,217,'A2','XYZ1234','linhtinh','phihs','2025-05-15 12:07:45','phihs','2025-05-15 12:07:45',3,60,5,3,10,20,80,NULL),(279,1,1,220,'A1','XYZ123','linhtinh','phihs','2025-05-15 12:29:11','phihs','2025-05-15 12:29:11',30,45,5,3,10,20,60,NULL),(280,1,2,220,'A2','XYZ1234','linhtinh','phihs','2025-05-15 12:29:11','phihs','2025-05-15 12:29:11',3,60,5,3,10,20,80,NULL),(285,1,1,223,'A1','XYZ123','linhtinh','phihs','2025-05-15 12:30:26','phihs','2025-05-15 12:30:26',30,45,5,3,10,20,60,NULL),(286,1,2,223,'A2','XYZ1234','linhtinh','phihs','2025-05-15 12:30:26','phihs','2025-05-15 12:30:26',3,60,5,3,10,20,80,NULL),(291,1,1,226,'A1','XYZ123','linhtinh','phihs','2025-05-15 12:32:24','phihs','2025-05-15 12:32:24',30,45,5,3,10,20,60,NULL),(292,1,2,226,'A2','XYZ1234','linhtinh','phihs','2025-05-15 12:32:24','phihs','2025-05-15 12:32:24',3,60,5,3,10,20,80,NULL),(297,1,1,229,'A1','XYZ123','linhtinh','phihs','2025-05-16 09:33:40','phihs','2025-05-16 09:33:40',30,45,5,3,10,20,60,NULL),(298,1,2,229,'A2','XYZ1234','linhtinh','phihs','2025-05-16 09:33:40','phihs','2025-05-16 09:33:40',3,60,5,3,10,20,80,NULL),(303,1,1,232,'A1','XYZ123','linhtinh','phihs','2025-05-16 09:39:10','phihs','2025-05-16 09:39:10',30,45,5,3,10,20,60,NULL),(304,1,2,232,'A2','XYZ1234','linhtinh','phihs','2025-05-16 09:39:10','phihs','2025-05-16 09:39:10',3,60,5,3,10,20,80,NULL),(309,1,1,235,'A1','XYZ123','linhtinh','phihs','2025-05-16 09:41:39','phihs','2025-05-16 09:41:39',30,45,5,3,10,20,60,NULL),(310,1,2,235,'A2','XYZ1234','linhtinh','phihs','2025-05-16 09:41:39','phihs','2025-05-16 09:41:39',3,60,5,3,10,20,80,NULL),(315,1,1,238,'A1','XYZ123','linhtinh','phihs','2025-05-16 09:46:52','phihs','2025-05-16 09:46:52',30,45,5,3,10,20,60,NULL),(316,1,2,238,'A2','XYZ1234','linhtinh','phihs','2025-05-16 09:46:52','phihs','2025-05-16 09:46:52',3,60,5,3,10,20,80,NULL),(321,1,1,241,'A1','XYZ123','linhtinh','phihs','2025-05-16 09:47:40','phihs','2025-05-16 09:47:40',30,45,5,3,10,20,60,NULL),(322,1,2,241,'A2','XYZ1234','linhtinh','phihs','2025-05-16 09:47:40','phihs','2025-05-16 09:47:40',3,60,5,3,10,20,80,NULL),(327,1,1,244,'A1','XYZ123','linhtinh','phihs','2025-05-16 09:50:11','phihs','2025-05-16 09:50:11',30,45,5,3,10,20,60,NULL),(328,1,2,244,'A2','XYZ1234','linhtinh','phihs','2025-05-16 09:50:11','phihs','2025-05-16 09:50:11',3,60,5,3,10,20,80,NULL),(704,1,1,442,'Giai đoạn 1','1','','admin','2025-06-25 05:06:16','admin','2025-10-16 07:25:44',NULL,NULL,NULL,NULL,1,15,150,NULL),(705,1,2,442,'Giai đoạn 2','2','','admin','2025-06-25 05:06:16','admin','2025-10-16 07:25:44',NULL,NULL,NULL,NULL,1,15,150,NULL),(715,1,1,454,'Giai đoạn 1','2','','admin','2025-06-27 02:20:59','admin','2025-11-20 09:34:08',NULL,20,23,2,0.1,15,150,NULL),(732,1,1,463,'Giai đoạn 1','ID của giai đoạn*','Ghi chú','admin','2025-06-27 10:10:43','admin','2025-06-27 10:10:43',NULL,NULL,NULL,NULL,NULL,15,150,NULL),(733,1,2,463,'Giai đoạn 2','ID của giai đoạn*','Ghi chú','admin','2025-06-27 10:10:43','admin','2025-06-27 10:10:43',NULL,NULL,NULL,NULL,NULL,15,150,NULL),(734,1,3,463,'Giai đoạn 3','ID của giai đoạn*','Ghi chú','admin','2025-06-27 10:10:43','admin','2025-06-27 10:10:43',NULL,NULL,NULL,NULL,NULL,15,150,NULL),(735,1,1,464,'Giai đoạn 1','1','','admin','2025-06-27 10:10:43','admin','2025-06-27 10:10:43',NULL,NULL,NULL,NULL,NULL,15,150,NULL),(736,1,1,465,'Giai đoạn 1','ID_gdoan01','đề test','admin','2025-06-30 01:32:52','admin','2025-07-14 03:57:43',NULL,NULL,NULL,NULL,1,15,150,NULL),(737,1,2,465,'Giai đoạn 2','ID_gdoan02','đề test','admin','2025-06-30 01:32:52','admin','2025-07-14 03:57:43',NULL,NULL,NULL,NULL,1,25,130,NULL),(738,1,3,465,'Giai đoạn 3','ID_gdoan03','đề test','admin','2025-06-30 01:32:52','admin','2025-07-14 03:57:43',NULL,NULL,NULL,NULL,1,35,140,NULL),(745,1,1,468,'Giai đoạn 1','1','Đường Phạm Văn Bạch đi thẳng','admin','2025-06-30 11:41:16','admin','2025-07-07 07:39:21',NULL,NULL,NULL,NULL,0.1,35,150,NULL),(746,1,2,468,'Giai đoạn 2','2','Đường Hoàng Quán Chi đi các hướng','admin','2025-06-30 11:41:16','admin','2025-07-07 07:39:21',NULL,NULL,NULL,NULL,0.1,20,45,NULL),(747,1,3,468,'Giai đoạn 3','3','Đường Phạm Văn Bạch rẽ trái','admin','2025-06-30 11:41:16','admin','2025-07-07 07:39:21',NULL,NULL,NULL,NULL,0.1,15,45,NULL),(748,1,1,469,'Giai đoạn 1','2','Đường Phạm Văn Bạch đi thẳng','admin','2025-06-30 11:54:24','admin','2025-07-18 11:26:38',NULL,NULL,NULL,NULL,1,35,145,NULL),(749,1,2,469,'Giai đoạn 2','3','Đường Hoàng Quán Chi đi các hướng','admin','2025-06-30 11:54:24','admin','2025-07-18 11:26:38',NULL,NULL,NULL,NULL,1,25,146,NULL),(750,1,3,469,'Giai đoạn 3','4','Đường Phạm Văn Bạch rẽ trái','admin','2025-06-30 11:54:24','admin','2025-07-18 11:26:38',NULL,NULL,NULL,NULL,1,45,147,NULL),(756,1,1,471,'Giai đoạn 1','2','Đường Phạm Văn Bạch đi thẳng','admin','2025-07-01 12:00:30','admin','2025-07-18 11:26:38',NULL,40,3,1,1,35,145,NULL),(757,1,2,471,'Giai đoạn 2','3','Đường Hoàng Quán Chi đi các hướng','admin','2025-07-01 12:00:30','admin','2025-07-18 11:26:38',NULL,146,3,1,1,25,146,NULL),(758,1,3,471,'Giai đoạn 3','4','Đường Phạm Văn Bạch rẽ trái','admin','2025-07-01 12:00:30','admin','2025-07-18 11:26:38',NULL,147,3,1,1,45,147,NULL),(762,1,1,473,'Giai đoạn 1','101','','admin','2025-07-07 08:04:01','admin','2025-07-18 09:23:38',NULL,NULL,NULL,NULL,0.32,15,150,NULL),(763,1,2,473,'Giai đoạn 2','102','','admin','2025-07-07 08:04:01','admin','2025-07-18 09:23:38',NULL,NULL,NULL,NULL,0.41,15,150,NULL),(764,1,3,473,'Giai đoạn 3','103','','admin','2025-07-07 08:04:01','admin','2025-07-18 09:23:38',NULL,NULL,NULL,NULL,0.31,15,150,NULL),(798,1,1,489,'Giai đoạn 1','1','Đường Phạm Văn Bạch đi thẳng','admin','2025-07-10 12:50:16','admin','2025-07-10 12:50:16',NULL,23,2,1,0.1,35,150,NULL),(799,1,2,489,'Giai đoạn 2','2','Đường Hoàng Quán Chi đi các hướng','admin','2025-07-10 12:50:16','admin','2025-07-10 12:50:16',NULL,33,2,1,0.1,20,45,NULL),(800,1,3,489,'Giai đoạn 3','3','Đường Phạm Văn Bạch rẽ trái','admin','2025-07-10 12:50:16','admin','2025-07-10 12:50:16',NULL,44,2,1,0.1,15,45,NULL),(803,1,1,491,'Giai đoạn 1','ID_gdoan01','đề test','admin','2025-07-11 04:11:54','admin','2025-07-11 04:11:54',NULL,15,3,1,NULL,15,150,NULL),(804,1,2,491,'Giai đoạn 2','ID_gdoan02','đề test','admin','2025-07-11 04:11:54','admin','2025-07-11 04:11:54',NULL,36,3,1,NULL,25,130,NULL),(805,1,3,491,'Giai đoạn 3','ID_gdoan03','đề test','admin','2025-07-11 04:11:54','admin','2025-07-11 04:11:54',NULL,23,3,1,NULL,35,140,NULL),(806,1,1,492,'Giai đoạn 1','1','','admin','2025-07-11 06:57:29','admin','2025-07-11 06:57:29',NULL,15,3,1,NULL,15,150,NULL),(807,1,1,493,'Giai đoạn 1','o389wjf','','admin','2025-07-11 07:42:31','admin','2025-10-23 02:24:35',NULL,NULL,NULL,NULL,1,18,145,NULL),(808,1,2,493,'Giai đoạn 2','8327cn48','','admin','2025-07-11 07:42:31','admin','2025-10-23 02:24:35',NULL,NULL,NULL,NULL,1,18,145,NULL),(809,1,1,494,'Giai đoạn 1','o389wjf','','admin','2025-07-11 07:59:48','admin','2025-10-23 02:24:35',NULL,20,3,1,1,18,145,NULL),(810,1,2,494,'Giai đoạn 2','8327cn48','','admin','2025-07-11 07:59:48','admin','2025-10-23 02:24:35',NULL,20,3,1,1,18,145,NULL),(811,1,1,495,'Giai đoạn 1','114455','11','admin','2025-07-12 10:12:21','admin','2025-07-18 10:16:46',NULL,NULL,NULL,NULL,0.5,20,39,NULL),(812,1,2,495,'Giai đoạn 2','224455','22','admin','2025-07-12 10:12:21','admin','2025-07-18 10:16:46',NULL,NULL,NULL,NULL,0.5,20,39,NULL),(813,1,1,496,'Giai đoạn 1','114455','11','admin','2025-07-12 10:13:08','phihs','2025-07-21 04:09:43',43,39,3,1,0.5,20,39,NULL),(814,1,2,496,'Giai đoạn 2','224455','22','admin','2025-07-12 10:13:08','phihs','2025-07-21 04:09:43',43,39,3,1,0.5,20,39,NULL),(815,1,4,465,'Giai đoạn 4','ID_gdoan04','đề test','admin','2025-07-14 03:57:20','admin','2025-07-14 03:57:43',NULL,NULL,NULL,NULL,0.9,30,150,NULL),(831,1,1,504,'Giai đoạn 1','2','Đường Phạm Văn Bạch đi thẳng','admin','2025-07-18 03:49:55','admin','2025-08-04 02:28:50',301,145,3,1,1,35,145,NULL),(832,1,2,504,'Giai đoạn 2','3','Đường Hoàng Quán Chi đi các hướng','admin','2025-07-18 03:49:55','admin','2025-08-04 02:28:50',300,146,3,1,1,25,146,NULL),(833,1,3,504,'Giai đoạn 3','4','Đường Phạm Văn Bạch rẽ trái','admin','2025-07-18 03:49:55','admin','2025-08-04 02:28:50',299,147,3,1,1,45,147,NULL),(834,1,1,505,'Pha 1','e','','admin','2025-07-18 11:25:36','admin','2025-07-18 11:25:36',NULL,NULL,NULL,NULL,1,15,150,NULL),(861,1,1,518,'Pha 1','2','','admin','2025-08-05 10:45:45','admin','2025-11-07 04:55:03',NULL,23,1,1,1,15,150,NULL),(862,1,2,518,'Pha 2','2','','admin','2025-08-05 10:45:45','admin','2025-11-07 04:55:03',NULL,34,1,1,1,15,150,NULL),(863,1,1,519,'Pha 1','pha123','','admin','2025-08-06 07:36:22','admin','2025-08-06 07:36:22',NULL,NULL,NULL,NULL,1,15,150,NULL),(864,1,2,519,'Pha 2','pha345','','admin','2025-08-06 07:36:22','admin','2025-08-06 07:36:22',NULL,NULL,NULL,NULL,1,15,150,NULL),(927,1,1,551,'Giai đoạn 1','Chu kỳ gốc hapt63','','admin','2025-08-20 09:36:01','admin','2025-08-20 09:36:01',NULL,NULL,NULL,NULL,NULL,15,150,NULL),(928,1,2,551,'Giai đoạn 2','Chu kỳ gốc hapt63','','admin','2025-08-20 09:36:01','admin','2025-08-20 09:36:01',NULL,NULL,NULL,NULL,NULL,15,150,NULL),(933,1,1,554,'Pha 1','2','','admin','2025-09-08 04:01:27','admin','2025-09-08 04:01:27',158,23,123,12,1,15,150,NULL),(934,1,2,554,'Pha 2','2','','admin','2025-09-08 04:01:27','admin','2025-09-08 04:01:27',158,23,123,12,1,15,150,NULL),(939,1,1,559,'Pha 1','1','','admin','2025-09-10 10:54:16','admin','2025-09-10 11:00:25',NULL,NULL,NULL,NULL,1,15,150,NULL),(940,1,2,559,'Pha 2','2','','admin','2025-09-10 10:54:16','admin','2025-09-10 11:00:25',NULL,NULL,NULL,NULL,1,15,150,NULL),(941,1,3,559,'Pha 3','3','','admin','2025-09-10 10:54:16','admin','2025-09-10 11:00:25',NULL,NULL,NULL,NULL,1,15,150,NULL),(942,1,1,560,'Pha 1','1','','admin','2025-09-11 02:14:03','admin','2025-09-11 02:14:03',316,23,123,12,1,15,150,NULL),(949,1,2,560,'Pha 2','2','','admin','2025-09-11 02:14:04','admin','2025-09-11 02:14:04',316,23,123,12,1,15,150,NULL),(952,1,3,560,'Pha 3','3','','admin','2025-09-11 02:14:04','admin','2025-09-11 02:14:04',316,23,123,12,1,15,150,NULL),(963,1,1,567,'Giai đoạn 1','1','','admin','2025-09-14 08:49:41','Duybt4','2025-10-13 09:50:39',54,100,3,1,1,15,150,NULL),(964,1,2,567,'Giai đoạn 2','2','','admin','2025-09-14 08:49:41','Duybt4','2025-10-13 09:50:39',104,50,3,1,1,15,150,NULL),(967,1,1,569,'Pha 1','asdf','','admin','2025-09-14 11:10:08','admin','2025-09-14 11:10:08',0,23,12,12,1,15,150,NULL),(976,1,1,572,'Pha 1','12341234','','admin','2025-09-15 10:25:01','admin','2025-09-15 11:09:17',NULL,NULL,NULL,NULL,1,15,150,NULL),(977,1,2,572,'Pha 2','5werqwr','','admin','2025-09-15 10:25:01','admin','2025-09-15 11:09:17',NULL,NULL,NULL,NULL,1,15,150,NULL),(978,1,3,572,'Pha 3','wqesadfasdf','','admin','2025-09-15 10:25:01','admin','2025-09-15 11:09:17',NULL,NULL,NULL,NULL,1,15,150,NULL),(987,1,1,581,'Pha 1','1','','admin','2025-09-16 10:10:10','admin','2025-09-16 11:48:43',NULL,NULL,NULL,NULL,1,15,150,NULL),(988,1,2,581,'Pha 2','2','','admin','2025-09-16 10:10:10','admin','2025-09-16 11:48:43',NULL,NULL,NULL,NULL,1,15,150,NULL),(989,1,3,581,'Pha 3','3','','admin','2025-09-16 10:10:10','admin','2025-09-16 11:48:43',NULL,NULL,NULL,NULL,1,15,150,NULL),(994,1,1,586,'Pha 1','1','','admin','2025-09-19 07:52:04','admin','2025-09-19 08:53:09',NULL,NULL,NULL,NULL,1,15,150,NULL),(995,1,2,586,'Pha 2','2','','admin','2025-09-19 07:52:04','admin','2025-09-19 08:53:09',NULL,NULL,NULL,NULL,1,15,150,NULL),(996,1,3,586,'Pha 3','3','','admin','2025-09-19 07:52:04','admin','2025-09-19 08:53:09',NULL,NULL,NULL,NULL,1,15,150,NULL),(997,1,1,587,'Pha 1','1','','admin','2025-09-22 07:08:35','admin','2025-09-22 07:08:35',117,56,3,1,1,15,150,NULL),(998,1,2,587,'Pha 2','2','','admin','2025-09-22 07:08:35','admin','2025-09-22 07:08:35',118,55,3,1,1,15,150,NULL),(999,1,3,587,'Pha 3','3','','admin','2025-09-22 07:08:35','admin','2025-09-22 07:08:35',119,54,3,1,1,15,150,NULL),(1000,1,1,588,'Pha 1','12341234','','admin','2025-09-22 07:10:26','admin','2025-09-22 07:10:26',74,33,3,1,1,15,150,NULL),(1001,1,2,588,'Pha 2','5werqwr','','admin','2025-09-22 07:10:26','admin','2025-09-22 07:10:26',74,33,3,1,1,15,150,NULL),(1002,1,3,588,'Pha 3','wqesadfasdf','','admin','2025-09-22 07:10:26','admin','2025-09-22 07:10:26',74,33,3,1,1,15,150,NULL),(1003,1,1,589,'Pha 1','1','','admin','2025-09-22 07:11:16','admin','2025-09-22 07:11:16',176,67,3,1,1,15,150,NULL),(1004,1,2,589,'Pha 2','2','','admin','2025-09-22 07:11:16','admin','2025-09-22 07:11:16',165,78,3,1,1,15,150,NULL),(1005,1,3,589,'Pha 3','3','','admin','2025-09-22 07:11:16','admin','2025-09-22 07:11:16',153,90,3,1,1,15,150,NULL),(1008,1,1,591,'Pha 1','701','Pha chính Phạm Văn Bạch','admin','2025-10-03 04:37:38','admin','2025-10-03 04:37:38',NULL,NULL,NULL,NULL,1,38,100,NULL),(1009,1,2,591,'Pha 2','702','','admin','2025-10-03 04:37:38','admin','2025-10-03 04:37:38',NULL,NULL,NULL,NULL,1,23,50,NULL),(1010,1,3,591,'Pha 3','703','','admin','2025-10-03 04:37:38','admin','2025-10-03 04:37:38',NULL,NULL,NULL,NULL,1,15,25,NULL),(1011,1,1,592,'Pha 1','1','','admin','2025-10-03 06:54:30','admin','2025-10-03 06:54:30',NULL,NULL,NULL,NULL,1,15,100,NULL),(1012,1,2,592,'Pha 2','2','','admin','2025-10-03 06:54:30','admin','2025-10-03 06:54:30',NULL,NULL,NULL,NULL,1,23,40,NULL),(1013,1,3,592,'Pha 3','3','','admin','2025-10-03 06:54:30','admin','2025-10-03 06:54:30',NULL,NULL,NULL,NULL,1,15,36,NULL),(1014,1,1,593,'Pha 1','800','','admin','2025-10-03 07:50:58','admin','2025-10-03 07:50:58',NULL,NULL,NULL,NULL,1,15,150,NULL),(1015,1,2,593,'Pha 2','801','','admin','2025-10-03 07:50:58','admin','2025-10-03 07:50:58',NULL,NULL,NULL,NULL,1,15,150,NULL),(1016,1,1,594,'Pha 1','345623456','','Duybt4','2025-10-03 08:00:20','Duybt4','2025-10-03 08:00:20',NULL,NULL,NULL,NULL,0.8,15,150,NULL),(1017,1,2,594,'Pha 2','12341234','','Duybt4','2025-10-03 08:00:20','Duybt4','2025-10-03 08:00:20',NULL,NULL,NULL,NULL,1,15,150,NULL),(1018,1,1,595,'Pha 1','701','Pha chính Phạm Văn Bạch','admin','2025-10-03 09:47:41','admin','2025-10-03 09:47:41',51,38,5,1,1,38,100,NULL),(1019,1,2,595,'Pha 2','702','','admin','2025-10-03 09:47:41','admin','2025-10-03 09:47:41',66,23,5,1,1,23,50,NULL),(1020,1,3,595,'Pha 3','703','','admin','2025-10-03 09:47:41','admin','2025-10-03 09:47:41',73,16,5,1,1,15,25,NULL),(1021,1,1,596,'Pha 1','1','','admin','2025-10-03 09:48:37','admin','2025-10-03 09:48:37',63,23,2,1,1,15,100,NULL),(1022,1,2,596,'Pha 2','2','','admin','2025-10-03 09:48:37','admin','2025-10-03 09:48:37',63,23,2,1,1,23,40,NULL),(1023,1,3,596,'Pha 3','3','','admin','2025-10-03 09:48:37','admin','2025-10-03 09:48:37',52,34,2,1,1,15,36,NULL),(1024,1,1,597,'Pha 1','800','','admin','2025-10-03 09:49:10','admin','2025-10-03 09:49:10',41,34,5,2,1,15,150,NULL),(1025,1,2,597,'Pha 2','801','','admin','2025-10-03 09:49:10','admin','2025-10-03 09:49:10',41,34,5,2,1,15,150,NULL),(1026,1,1,598,'Pha 1','sdfg','','Duybt4','2025-10-03 10:22:32','Duybt4','2025-10-03 10:22:32',NULL,NULL,NULL,NULL,1,15,150,NULL),(1037,1,1,609,'Pha 1','101','Pha chính đi thẳng','admin','2025-10-09 09:59:06','admin','2025-10-09 09:59:06',NULL,NULL,NULL,NULL,0.7,30,80,NULL),(1038,1,2,609,'Pha 2','102','Pha phụ đi các hướng','admin','2025-10-09 09:59:06','admin','2025-10-09 09:59:06',NULL,NULL,NULL,NULL,0.3,15,35,NULL),(1039,1,1,610,'Pha 1','201','Hướng chính đi thẳng','admin','2025-10-09 10:02:53','admin','2025-10-09 10:02:53',NULL,NULL,NULL,NULL,0.6,30,80,NULL),(1040,1,2,610,'Pha 2','202','Lê Đức Thọ đi các hướng','admin','2025-10-09 10:02:53','admin','2025-10-09 10:02:53',NULL,NULL,NULL,NULL,0.2,15,30,NULL),(1041,1,3,610,'Pha 3','203','Trần Vỹ đi các hướng','admin','2025-10-09 10:02:53','admin','2025-10-09 10:02:53',NULL,NULL,NULL,NULL,0.2,15,30,NULL),(1042,1,1,611,'Pha 1','301','Hướng chính Lê Đức Thọ','admin','2025-10-09 10:07:50','admin','2025-10-09 10:07:50',NULL,41,3,1,0.5,25,80,NULL),(1043,1,2,611,'Pha 2','302','Hướng chính rẽ trái','admin','2025-10-09 10:07:50','admin','2025-10-09 10:07:50',NULL,20,3,1,0.2,15,25,NULL),(1044,1,3,611,'Pha 3','303','Hướng phụ đi tất cả các hướng','admin','2025-10-09 10:07:50','admin','2025-10-09 10:07:50',NULL,25,3,1,0.3,20,35,NULL),(1045,1,1,612,'Pha 1','401','Hướng chính đi thẳng','admin','2025-10-09 10:11:44','admin','2025-10-09 10:11:44',NULL,NULL,NULL,NULL,0.5,30,80,NULL),(1046,1,2,612,'Pha 2','402','Hướng chính rẽ trái','admin','2025-10-09 10:11:44','admin','2025-10-09 10:11:44',NULL,NULL,NULL,NULL,0.2,15,25,NULL),(1047,1,3,612,'Pha 3','403','Hướng phụ đi thẳng','admin','2025-10-09 10:11:44','admin','2025-10-09 10:11:44',NULL,NULL,NULL,NULL,0.3,20,40,NULL),(1048,1,1,613,'Pha 1','501','Hướng chính Trần Hữu Dực','admin','2025-10-09 10:21:42','admin','2025-10-09 10:21:42',NULL,NULL,NULL,NULL,0.5,30,80,NULL),(1049,1,2,613,'Pha 2','502','Hướng chính rẽ trái','admin','2025-10-09 10:21:42','admin','2025-10-09 10:21:42',NULL,NULL,NULL,NULL,0.2,15,25,NULL),(1050,1,3,613,'Pha 3','503','Hướng phụ đi các hướng','admin','2025-10-09 10:21:42','admin','2025-10-09 10:21:42',NULL,NULL,NULL,NULL,0.3,20,35,NULL),(1051,1,1,614,'Pha 1','601','Hướng Lê Đức Thọ đi các hướng','admin','2025-10-09 10:25:36','admin','2025-10-09 10:25:36',NULL,NULL,NULL,NULL,0.35,20,50,NULL),(1052,1,2,614,'Pha 2','602','Hướng SVĐ Mỹ Đình đi các hướng','admin','2025-10-09 10:25:36','admin','2025-10-09 10:25:36',NULL,NULL,NULL,NULL,0.35,20,50,NULL),(1053,1,3,614,'Pha 3','603','Trần Hữu Dực đi các hướng','admin','2025-10-09 10:25:36','admin','2025-10-09 10:25:36',NULL,NULL,NULL,NULL,0.3,20,50,NULL),(1054,1,1,615,'Pha 1','101','Pha chính đi thẳng','admin','2025-10-09 10:27:34','admin','2025-10-09 10:27:58',29,50,3,1,0.7,30,80,NULL),(1055,1,2,615,'Pha 2','102','Pha phụ đi các hướng','admin','2025-10-09 10:27:34','admin','2025-10-09 10:27:58',54,25,3,1,0.3,15,35,NULL),(1056,1,1,616,'Pha 1','201','Hướng chính đi thẳng','admin','2025-10-09 10:30:43','admin','2025-10-09 10:30:43',48,50,3,1,0.6,30,80,NULL),(1057,1,2,616,'Pha 2','202','Lê Đức Thọ đi các hướng','admin','2025-10-09 10:30:43','admin','2025-10-09 10:30:43',78,20,3,1,0.2,15,30,NULL),(1058,1,3,616,'Pha 3','203','Trần Vỹ đi các hướng','admin','2025-10-09 10:30:43','admin','2025-10-09 10:30:43',78,20,3,1,0.2,15,30,NULL),(1059,1,1,617,'Pha 1','301','Hướng chính Lê Đức Thọ','admin','2025-10-09 10:31:46','admin','2025-10-09 10:31:46',53,50,3,1,0.5,25,80,NULL),(1060,1,2,617,'Pha 2','302','Hướng chính rẽ trái','admin','2025-10-09 10:31:46','admin','2025-10-09 10:31:46',83,20,3,1,0.2,15,25,NULL),(1061,1,3,617,'Pha 3','303','Hướng phụ đi tất cả các hướng','admin','2025-10-09 10:31:46','admin','2025-10-09 10:31:46',78,25,3,1,0.3,20,35,NULL),(1062,1,1,618,'Pha 1','401','Hướng chính đi thẳng','admin','2025-10-09 10:33:56','admin','2025-10-09 10:33:56',53,50,3,1,0.5,30,80,NULL),(1063,1,2,618,'Pha 2','402','Hướng chính rẽ trái','admin','2025-10-09 10:33:56','admin','2025-10-09 10:33:56',83,20,3,1,0.2,15,25,NULL),(1064,1,3,618,'Pha 3','403','Hướng phụ đi thẳng','admin','2025-10-09 10:33:56','admin','2025-10-09 10:33:56',78,25,3,1,0.3,20,40,NULL),(1065,1,1,619,'Pha 1','501','Hướng chính Trần Hữu Dực','admin','2025-10-09 10:35:14','admin','2025-10-09 10:35:14',53,50,3,1,0.5,30,80,NULL),(1066,1,2,619,'Pha 2','502','Hướng chính rẽ trái','admin','2025-10-09 10:35:14','admin','2025-10-09 10:35:14',83,20,3,1,0.2,15,25,NULL),(1067,1,3,619,'Pha 3','503','Hướng phụ đi các hướng','admin','2025-10-09 10:35:14','admin','2025-10-09 10:35:14',78,25,3,1,0.3,20,35,NULL),(1068,1,1,620,'Pha 1','601','Hướng Lê Đức Thọ đi các hướng','admin','2025-10-09 10:36:18','admin','2025-10-09 10:36:18',58,30,3,1,0.35,20,50,NULL),(1069,1,2,620,'Pha 2','602','Hướng SVĐ Mỹ Đình đi các hướng','admin','2025-10-09 10:36:18','admin','2025-10-09 10:36:18',58,30,3,1,0.35,20,50,NULL),(1070,1,3,620,'Pha 3','603','Trần Hữu Dực đi các hướng','admin','2025-10-09 10:36:18','admin','2025-10-09 10:36:18',68,20,3,1,0.3,20,50,NULL),(1072,1,1,622,'Pha 1','800','','admin','2025-10-10 09:56:00','admin','2025-10-10 09:56:00',58,43,12,12,1,15,150,NULL),(1073,1,2,622,'Pha 2','801','','admin','2025-10-10 09:56:00','admin','2025-10-10 09:56:00',67,34,12,12,1,15,150,NULL),(1074,1,1,623,'Pha 1','1','','admin','2025-10-10 09:56:26','admin','2025-10-28 03:14:40',NULL,33,NULL,NULL,1,15,100,NULL),(1075,1,2,623,'Pha 2','2','','admin','2025-10-10 09:56:26','admin','2025-10-28 03:14:40',NULL,34,NULL,NULL,1,23,40,NULL),(1076,1,3,623,'Pha 3','3','','admin','2025-10-10 09:56:26','admin','2025-10-28 03:14:40',NULL,34,NULL,NULL,1,15,36,NULL),(1088,1,1,635,'Pha 1','1','','admin','2025-10-14 08:15:38','admin','2025-10-17 03:04:25',NULL,NULL,NULL,NULL,1,15,150,NULL),(1089,1,1,636,'Pha 1','800','','admin','2025-10-15 03:33:56','admin','2025-10-15 03:33:56',47,23,1,1,1,15,150,NULL),(1090,1,2,636,'Pha 2','801','','admin','2025-10-15 03:33:56','admin','2025-10-15 03:33:56',25,45,1,1,1,15,150,NULL),(1092,1,1,638,'Pha 1','1','','admin','2025-10-21 10:24:13','admin','2025-10-21 10:24:13',NULL,NULL,NULL,NULL,1,15,150,NULL),(1093,1,1,639,'Pha 1','1','','admin','2025-10-21 10:25:50','admin','2025-10-21 10:25:50',0,34,2,1,1,15,150,NULL),(1096,1,1,642,'Pha 1','asdf','','Duybt4','2025-10-21 11:44:29','Duybt4','2025-10-21 12:00:15',NULL,NULL,NULL,NULL,1,15,150,NULL),(1097,1,1,643,'Pha 1','zxcv','','Duybt4','2025-10-21 12:00:15','Duybt4','2025-10-21 12:00:15',NULL,NULL,NULL,NULL,1,15,150,NULL),(1098,1,2,643,'Pha 2','zxcv','','Duybt4','2025-10-21 12:00:15','Duybt4','2025-10-21 12:00:15',NULL,NULL,NULL,NULL,1,15,150,NULL),(1099,1,3,643,'Pha 3','asdf','','Duybt4','2025-10-21 12:00:15','Duybt4','2025-10-21 12:00:15',NULL,NULL,NULL,NULL,1,15,150,NULL),(1100,1,1,644,'Pha 1','01','','admin','2025-10-22 01:44:03','admin','2025-10-22 01:44:03',NULL,NULL,NULL,NULL,1,15,150,NULL),(1101,1,2,644,'Pha 2','02','','admin','2025-10-22 01:44:03','admin','2025-10-22 01:44:03',NULL,NULL,NULL,NULL,1,15,150,NULL),(1102,1,1,645,'Pha 1','1','','admin','2025-10-22 03:46:39','admin','2025-10-22 03:46:39',NULL,NULL,NULL,NULL,1,15,150,NULL),(1103,1,2,645,'Pha 2','2','','admin','2025-10-22 03:46:39','admin','2025-10-22 03:46:39',NULL,NULL,NULL,NULL,1,15,150,NULL),(1104,1,1,646,'Pha 1','11','','admin','2025-10-22 04:14:45','admin','2025-10-22 04:14:45',NULL,NULL,NULL,NULL,1,15,150,NULL),(1113,1,1,654,'Pha 1','thangnd54_cross_1_T_1_pha_1','','admin','2025-10-24 10:04:34','admin','2025-11-27 12:45:14',NULL,15,3,30,1,15,150,NULL),(1134,1,1,656,'Pha 1','ê','','admin','2025-10-28 08:28:07','admin','2025-10-28 08:28:21',NULL,15,NULL,NULL,1,15,150,NULL),(1135,1,2,656,'Pha 2','e','','admin','2025-10-28 08:28:07','admin','2025-10-28 08:28:21',NULL,15,NULL,NULL,1,15,150,NULL),(1136,1,1,655,'Pha 1','qưe','','admin','2025-10-28 08:30:03','admin','2025-10-28 08:30:53',NULL,15,NULL,NULL,1,15,150,NULL),(1137,1,2,655,'Pha 2','qew','','admin','2025-10-28 08:30:03','admin','2025-10-28 08:30:53',NULL,15,NULL,NULL,1,15,150,NULL),(1140,1,1,666,'Pha 1','1001','Pha chính LĐT đi thẳng','admin','2025-10-29 03:12:48','admin','2025-10-29 03:12:48',NULL,50,3,1,0.5,30,80,NULL),(1141,1,2,666,'Pha 2','1002','Pha phụ Nguyễn Hoàng - Hàm Nghi đi tất cả các hướng','admin','2025-10-29 03:12:48','admin','2025-10-29 03:12:48',NULL,25,3,1,0.3,20,40,NULL),(1142,1,3,666,'Pha 3','1003','Hướng chính LĐT rẽ trái','admin','2025-10-29 03:12:48','admin','2025-10-29 03:12:48',NULL,15,3,1,0.3,15,25,NULL),(1143,1,1,667,'Pha 1','10001a','Hướng chính HTM đi tất cả các hướng','admin','2025-10-29 03:52:04','admin','2025-10-29 03:52:04',NULL,50,3,1,0.8,35,80,NULL),(1144,1,2,667,'Pha 2','10001b','Nguyễn Cơ Thạch đi các hướng','admin','2025-10-29 03:52:04','admin','2025-10-29 03:52:04',NULL,25,3,1,0.2,15,40,NULL),(1145,1,1,668,'Pha 1','10002a','Hướng chính đi thẳng','admin','2025-10-29 03:57:21','admin','2025-10-29 03:57:21',NULL,50,3,1,0.6,35,80,NULL),(1146,1,2,668,'Pha 2','10002b','Hướng phụ đi tất cả các hướng','admin','2025-10-29 03:57:21','admin','2025-10-29 03:57:21',NULL,30,3,1,0.2,25,40,NULL),(1147,1,3,668,'Pha 3','10002c','Hướng chính rẽ trái','admin','2025-10-29 03:57:21','admin','2025-10-29 03:57:21',NULL,20,3,1,0.2,15,30,NULL),(1148,1,1,664,'Pha 1','kl','ưerwer\nưer\nwe\nrư\nẻwer','Hungnm99','2025-10-29 04:29:38','admin','2025-11-07 07:49:46',NULL,15,4,4,0.8,15,150,NULL),(1149,1,2,664,'Pha 2','k','ưerwerwe\nrưer\nưer\nưer\nưe','Hungnm99','2025-10-29 04:29:38','admin','2025-11-07 07:49:46',NULL,15,4,4,1,15,150,NULL),(1155,1,1,673,'Pha 1','2','2','Hungnm99','2025-10-29 11:46:08','Hungnm99','2025-10-29 11:47:43',NULL,15,NULL,NULL,1,15,150,NULL),(1158,-1,1,675,'Pha 1','111','111','Hungnm99','2025-10-30 04:11:03','admin','2025-11-24 04:18:35',256,15,111,111,1,15,150,NULL),(1159,-1,2,675,'Pha 2','222','222','Hungnm99','2025-10-30 04:41:30','admin','2025-11-24 04:18:35',237,34,111,111,1,34,150,NULL),(1173,-1,1,683,'Pha 1','12343245','','admin','2025-11-03 03:25:10','admin','2025-11-20 06:40:12',NULL,15,3,30,1,15,150,NULL),(1182,1,1,695,'Pha 1','42','','admin','2025-11-18 09:51:41','admin','2025-11-26 04:38:16',NULL,20,2,2,0.2,16,143,NULL),(1183,1,1,696,'Pha 1','1','','admin','2025-11-18 09:53:17','admin','2025-11-26 04:38:01',NULL,15,3,1,1,15,150,NULL),(1184,-1,1,697,'Pha 1','11','','admin','2025-11-19 03:30:11','admin','2025-11-26 07:08:23',NULL,15,1,3,1,15,150,NULL),(1185,-1,1,698,'Pha 1','11','','admin','2025-11-19 03:30:20','admin','2025-11-26 07:08:23',NULL,15,1,3,1,15,150,NULL),(1186,-1,1,699,'Pha 1','2','','admin','2025-11-19 03:43:11','admin','2025-11-26 04:39:56',NULL,15,2,1,1,15,150,NULL),(1187,-1,1,700,'Pha 1','11','','admin','2025-11-19 03:45:21','admin','2025-11-24 04:18:40',NULL,15,3,1,1,15,150,NULL),(1188,1,2,695,'Pha 2','12','','admin','2025-11-19 04:32:05','admin','2025-11-26 04:38:16',NULL,24,2,2,1,16,150,NULL),(1189,-1,1,701,'Pha 1','4','','admin','2025-11-19 07:08:38','admin','2025-11-20 06:48:48',NULL,15,4,4,1,15,150,NULL),(1190,-1,1,702,'Pha 1','1','','admin','2025-11-26 03:01:10','admin','2025-11-26 03:58:27',NULL,25,3,2,1,15,100,NULL),(1191,-1,1,703,'Pha 1','1','','admin','2025-11-26 04:44:39','admin','2025-11-26 04:45:14',NULL,25,3,1,1,15,100,NULL),(1192,-1,1,704,'Pha 1','1','','admin','2025-11-26 04:54:07','admin','2025-11-26 04:54:39',NULL,25,3,2,1,15,100,NULL),(1193,-1,1,705,'Pha 1','1','','admin','2025-11-26 06:46:01','admin','2025-11-26 06:46:37',NULL,25,3,2,1,15,100,NULL),(1194,1,1,706,'Pha 1','12233','','admin','2025-11-26 07:11:03','admin','2025-11-26 07:11:03',NULL,15,123,123,1,15,150,NULL),(1195,-1,1,707,'Pha 1','1','','admin','2025-11-26 07:34:27','admin','2025-11-26 07:35:08',NULL,25,3,2,1,15,100,NULL),(1196,-1,1,708,'Pha 1','1','','admin','2025-11-28 09:05:22','admin','2025-11-28 09:05:58',NULL,25,3,2,1,15,100,NULL),(1197,-1,1,709,'Pha 1','1','','admin','2025-11-28 09:22:48','admin','2025-11-28 09:23:24',NULL,25,3,2,1,15,100,NULL),(1198,-1,1,710,'Pha 1','1','','admin','2025-11-28 09:36:51','admin','2025-11-28 09:37:32',NULL,25,3,2,1,15,100,NULL),(1199,-1,1,711,'Pha 1','1','','admin','2025-11-28 09:53:08','admin','2025-11-28 09:54:13',NULL,25,3,1,1,15,100,NULL),(1200,-1,1,712,'Pha 1','1','','admin','2025-11-28 10:04:56','admin','2025-11-28 10:05:36',NULL,25,3,2,1,15,100,NULL),(1201,-1,1,713,'Pha 1','1','','admin','2025-11-28 10:19:54','admin','2025-11-28 10:20:30',NULL,25,3,2,1,15,100,NULL),(1202,-1,1,714,'Pha 1','1','','admin','2025-11-28 10:31:29','admin','2025-11-28 10:32:10',NULL,25,3,2,1,15,100,NULL),(1203,-1,1,715,'Pha 1','1','','admin','2025-11-28 10:54:42','admin','2025-11-28 10:55:19',NULL,25,3,2,1,15,100,NULL),(1204,1,1,716,'Pha 1','23','','testitl','2025-12-02 04:05:24','testitl','2025-12-02 04:05:24',NULL,15,3,1,1,15,150,NULL),(1205,1,1,717,'Pha 1','1','','testitl','2025-12-02 04:06:36','testitl','2025-12-02 04:06:36',NULL,15,1,1,1,15,150,NULL),(1206,1,1,718,'Phase 1','dfdf','','admin','2025-12-16 02:47:00','admin','2025-12-16 02:59:08',NULL,15,2,1,1,15,150,NULL),(1207,1,1,719,'Pha 1','44','','admin','2025-12-16 04:21:53','admin','2026-01-20 07:51:42',NULL,15,4,4,1,15,150,NULL),(1208,-1,1,720,'Pha 1','3','','admin','2025-12-16 04:23:54','admin','2025-12-16 04:38:49',NULL,15,3,3,1,15,150,NULL),(1209,1,1,721,'مرحلة 1','123','','admin','2026-01-05 07:40:09','admin','2026-03-09 10:25:25',NULL,25,4,5,1,20,80,NULL),(1210,1,1,722,'Pha 1','asdf1234123412','','admin','2026-01-22 09:12:15','admin','2026-01-23 03:23:25',NULL,26,2,5,1,20,80,NULL),(1211,-1,1,723,'traffic-light.device-management.cross.stage 1','1234','','admin','2026-01-22 09:23:48','admin','2026-01-22 09:30:46',NULL,20,1,3,1,20,80,NULL),(1212,-1,1,723,'Pha 1','1234','','admin','2026-01-22 09:30:46','admin','2026-01-22 09:31:16',NULL,20,1,3,1,20,80,NULL),(1213,-1,2,723,'Pha 2','12341234','','admin','2026-01-22 09:30:46','admin','2026-01-22 09:31:16',NULL,20,1,3,1,20,80,NULL),(1214,-1,1,724,'Pha 1','1234','','admin','2026-01-22 09:31:35','admin','2026-01-22 09:34:00',NULL,24,6,3,1,23,90,NULL),(1215,-1,1,724,'Pha 1','asdfasdf','','admin','2026-01-22 09:34:00','admin','2026-01-22 09:45:24',NULL,20,1,3,1,20,80,NULL),(1216,-1,2,724,'Pha 2','qwerqwerqwer','','admin','2026-01-22 09:34:00','admin','2026-01-22 09:45:24',NULL,20,1,3,1,20,80,NULL),(1217,-1,1,724,'Pha 1','asdfasdf','','admin','2026-01-22 09:38:23','admin','2026-01-22 09:45:24',NULL,20,1,3,1,20,80,NULL),(1218,1,1,724,'Pha 1','qwerqwerqwer','','admin','2026-01-22 09:38:23','admin','2026-01-22 09:47:43',NULL,20,1,3,1,20,80,NULL),(1219,1,2,724,'Pha 2','1234qwetrasdf','sadfq3wetsdgasdf','admin','2026-01-22 09:45:24','admin','2026-01-22 09:47:43',NULL,24,1,3,1,20,90,NULL),(1220,1,1,725,'Pha 1','101','','admin','2026-01-27 09:06:27','admin','2026-01-27 09:06:27',NULL,20,3,1,1,20,80,NULL),(1221,1,2,725,'Pha 2','102','','admin','2026-01-27 09:06:27','admin','2026-01-27 09:06:27',NULL,20,2,0,1,20,80,NULL),(1222,1,1,726,'مرحلة 1','101','','admin','2026-01-28 04:14:27','admin','2026-03-09 10:25:25',NULL,20,3,1,1,20,80,NULL),(1223,1,2,726,'مرحلة 2','102','','admin','2026-01-28 04:14:27','admin','2026-03-09 10:25:25',NULL,20,3,1,1,20,80,NULL),(1224,1,3,726,'مرحلة 3','103','','admin','2026-01-28 04:14:27','admin','2026-03-09 10:25:25',NULL,20,3,1,1,20,80,NULL),(1225,-1,1,727,'Phase 1','	Phase ID','','admin','2026-02-10 09:54:53','admin','2026-02-10 09:55:56',NULL,20,3,1,1,20,80,NULL),(1226,-1,2,727,'Phase 2','	Phase ID','','admin','2026-02-10 09:54:53','admin','2026-02-10 09:55:56',NULL,20,3,1,1,20,80,NULL),(1227,-1,3,727,'Phase 3','	Phase ID','','admin','2026-02-10 09:54:53','admin','2026-02-10 09:55:56',NULL,20,3,1,1,20,80,NULL),(1228,1,1,728,'مرحلة 1','ôuu','','admin','2026-03-05 01:48:22','admin','2026-03-17 07:21:35',NULL,20,1,3,0.8,20,80,NULL),(1229,1,1,729,'Pha 1','1','','admin','2026-05-04 02:59:54','admin','2026-05-04 02:59:54',NULL,20,3,1,1,20,80,NULL),(1230,1,2,729,'Pha 2','2','','admin','2026-05-04 02:59:54','admin','2026-05-04 02:59:54',NULL,20,3,1,1,20,80,NULL),(1231,1,1,730,'Pha 1','1','','admin','2026-05-04 08:31:55','admin','2026-05-12 05:57:23',NULL,20,3,1,1,20,80,NULL),(1232,1,2,730,'Pha 2','2','','admin','2026-05-04 08:31:55','admin','2026-05-12 05:57:23',NULL,20,3,1,1,20,80,NULL),(1233,-1,1,731,'Pha 1','Pleiku','','admin','2026-05-12 08:12:48','admin','2026-05-12 09:03:46',NULL,20,3,1,1,20,80,NULL);
/*!40000 ALTER TABLE `v_stage` ENABLE KEYS */;
UNLOCK TABLES;

--
-- Table structure for table `v_stage_road`
--

DROP TABLE IF EXISTS `v_stage_road`;
/*!40101 SET @saved_cs_client     = @@character_set_client */;
/*!50503 SET character_set_client = utf8mb4 */;
CREATE TABLE `v_stage_road` (
  `id` bigint NOT NULL AUTO_INCREMENT,
  `stage_id` bigint DEFAULT NULL,
  `road_id` bigint DEFAULT NULL,
  `weight_traffic` float DEFAULT NULL,
  PRIMARY KEY (`id`)
) ENGINE=InnoDB AUTO_INCREMENT=4 DEFAULT CHARSET=utf8mb4 COLLATE=utf8mb4_0900_ai_ci;
/*!40101 SET character_set_client = @saved_cs_client */;

--
-- Dumping data for table `v_stage_road`
--

LOCK TABLES `v_stage_road` WRITE;
/*!40000 ALTER TABLE `v_stage_road` DISABLE KEYS */;
INSERT INTO `v_stage_road` VALUES (1,1231,1161,0.6),(2,1231,1302,0.4),(3,1232,1265,1);
/*!40000 ALTER TABLE `v_stage_road` ENABLE KEYS */;
UNLOCK TABLES;

--
-- Table structure for table `v_vendor`
--

DROP TABLE IF EXISTS `v_vendor`;
/*!40101 SET @saved_cs_client     = @@character_set_client */;
/*!50503 SET character_set_client = utf8mb4 */;
CREATE TABLE `v_vendor` (
  `id` bigint NOT NULL AUTO_INCREMENT,
  `vendor_code` varchar(255) CHARACTER SET utf8mb4 COLLATE utf8mb4_0900_ai_ci NOT NULL,
  `vendor_name` varchar(500) CHARACTER SET utf8mb4 COLLATE utf8mb4_0900_ai_ci NOT NULL,
  `is_active` int DEFAULT '1',
  `phone1` varchar(255) CHARACTER SET utf8mb4 COLLATE utf8mb4_0900_ai_ci DEFAULT NULL,
  `phone2` varchar(255) CHARACTER SET utf8mb4 COLLATE utf8mb4_0900_ai_ci DEFAULT NULL,
  `address` varchar(500) CHARACTER SET utf8mb4 COLLATE utf8mb4_0900_ai_ci DEFAULT NULL,
  `email` varchar(255) CHARACTER SET utf8mb4 COLLATE utf8mb4_0900_ai_ci DEFAULT NULL,
  `created_by` varchar(500) CHARACTER SET utf8mb4 COLLATE utf8mb4_0900_ai_ci DEFAULT NULL,
  `created_date` datetime DEFAULT NULL,
  `modified_by` varchar(500) CHARACTER SET utf8mb4 COLLATE utf8mb4_0900_ai_ci DEFAULT NULL,
  `modified_date` datetime DEFAULT NULL,
  `description` varchar(500) CHARACTER SET utf8mb4 COLLATE utf8mb4_0900_ai_ci DEFAULT NULL,
  PRIMARY KEY (`id`)
) ENGINE=InnoDB AUTO_INCREMENT=137 DEFAULT CHARSET=utf8mb4 COLLATE=utf8mb4_general_ci;
/*!40101 SET character_set_client = @saved_cs_client */;

--
-- Dumping data for table `v_vendor`
--

LOCK TABLES `v_vendor` WRITE;
/*!40000 ALTER TABLE `v_vendor` DISABLE KEYS */;
INSERT INTO `v_vendor` VALUES (7,'Dahua','Dahua',1,'1234567890','0987654321','123 Vendor Street, City, Country','vendor@example.com','system','2024-12-18 02:05:13','system','2024-12-18 02:05:13','Description of the vendor'),(8,'Dahua','Dahua',1,'1234567890','0987654321','123 Vendor Street, City, Country','vendor@example.com','system','2024-12-18 02:05:38','admin','2025-06-12 11:33:57','Description of the vendor'),(9,'Dahua','Dahua',1,'1234567890','0987654321','123 Vendor Street, City, Country','vendor@example.com','system','2024-12-18 02:06:26','system','2024-12-18 02:08:29','Description of the vendor'),(11,'Swaco','Swaco',1,'0366366888','0366366888','số 12','tuannguyen190499@gmail.com','admin','2024-12-18 09:10:22','admin','2024-12-18 09:45:28','số 12'),(14,'Gán rồi xóa','Gán rồi xóa',1,NULL,NULL,'123',NULL,'admin','2025-01-15 04:05:49','admin','2025-11-27 04:23:08',''),(20,'Sapient','Sapient',1,'','','','Sapient@gmail.com','admin','2025-01-16 03:17:56','admin','2025-05-30 08:44:38',''),(21,'Cadpro','Cadpro',1,'','','','Cadpro@gmail.com','admin','2025-01-16 03:17:56','admin','2025-05-30 08:45:34',''),(22,'Swarco','Swarco',1,'','','','Swarco@gmail.com','admin','2025-01-16 03:17:57','admin','2025-07-23 02:39:05',''),(34,'hapt63','Thu Hà',1,NULL,NULL,NULL,NULL,'admin','2025-05-26 07:12:02','admin','2025-05-26 09:05:13',NULL),(79,'Siemens','SIEMENS',1,'','','','','admin','2025-06-12 10:43:05','admin','2025-12-04 11:01:54',''),(82,'Sumo','SUMO',1,'0987654321','0965841723','số 1 Trần Hưu Dực','testui@gmail.com','admin','2025-07-09 02:01:14','admin','2025-08-01 01:59:12',''),(83,'Anco','Anco Việt Nam',1,'','','','','admin','2025-08-06 07:26:56','admin','2025-11-28 01:32:11','');
/*!40000 ALTER TABLE `v_vendor` ENABLE KEYS */;
UNLOCK TABLES;

--
-- Table structure for table `v_vendor_version`
--

DROP TABLE IF EXISTS `v_vendor_version`;
/*!40101 SET @saved_cs_client     = @@character_set_client */;
/*!50503 SET character_set_client = utf8mb4 */;
CREATE TABLE `v_vendor_version` (
  `id` bigint NOT NULL AUTO_INCREMENT,
  `vendor_id` bigint DEFAULT NULL,
  `version` varchar(255) CHARACTER SET utf8mb4 COLLATE utf8mb4_general_ci DEFAULT NULL,
  `data_transform_type` int DEFAULT NULL COMMENT 'Cách điều khiển/phương thức truyền dữ liệu\n1. Truyền dữ liệu\n2. Cấu hình sẵn',
  `is_active` tinyint(1) NOT NULL DEFAULT '1',
  `created_by` varchar(500) CHARACTER SET utf8mb4 COLLATE utf8mb4_0900_ai_ci DEFAULT NULL,
  `created_date` datetime DEFAULT NULL,
  `modified_by` varchar(500) CHARACTER SET utf8mb4 COLLATE utf8mb4_0900_ai_ci DEFAULT NULL,
  `modified_date` datetime DEFAULT NULL,
  PRIMARY KEY (`id`)
) ENGINE=InnoDB AUTO_INCREMENT=137 DEFAULT CHARSET=utf8mb4 COLLATE=utf8mb4_general_ci;
/*!40101 SET character_set_client = @saved_cs_client */;

--
-- Dumping data for table `v_vendor_version`
--

LOCK TABLES `v_vendor_version` WRITE;
/*!40000 ALTER TABLE `v_vendor_version` DISABLE KEYS */;
INSERT INTO `v_vendor_version` VALUES (23,7,'v1',1,1,'system','2024-12-18 02:05:38','system','2024-12-18 02:05:38'),(24,7,'v1',1,1,'system','2024-12-18 02:05:38','system','2024-12-18 02:05:38'),(30,11,'1.0',1,1,'admin','2024-12-18 09:10:22','admin','2024-12-18 09:45:28'),(38,14,'123',2,1,'admin','2025-01-15 04:05:49','admin','2025-11-27 04:23:08'),(39,14,'123',1,1,'admin','2025-01-15 04:05:49','admin','2025-11-27 04:23:08'),(100,22,'Phiên bản Swarco 1',1,1,'admin','2025-05-30 08:42:55','admin','2025-07-23 02:39:05'),(101,22,'Phiên bản Swarco 2',1,1,'admin','2025-05-30 08:42:55','admin','2025-07-23 02:39:05'),(102,22,'Phiên bản Swarco 3',2,1,'admin','2025-05-30 08:42:55','admin','2025-07-23 02:39:05'),(103,22,'Phiên bản Swarco 4',2,1,'admin','2025-05-30 08:42:55','admin','2025-07-23 02:39:05'),(104,20,'Phiên bản Sapient 1',1,1,'admin','2025-05-30 08:44:38','admin','2025-05-30 08:44:38'),(105,20,'Phiên bản Sapient 2',2,1,'admin','2025-05-30 08:44:38','admin','2025-05-30 08:44:38'),(106,20,'Phiên bản Sapient 3',1,1,'admin','2025-05-30 08:44:38','admin','2025-05-30 08:44:38'),(107,20,'Phiên bản Sapient 4',2,1,'admin','2025-05-30 08:44:38','admin','2025-05-30 08:44:38'),(108,21,'Phiên bản Cadpro 1',2,1,'admin','2025-05-30 08:45:34','admin','2025-05-30 08:45:34'),(109,21,'Phiên bản Cadpro 2',1,1,'admin','2025-05-30 08:45:34','admin','2025-05-30 08:45:34'),(110,21,'Phiên bản Cadpro 3',1,1,'admin','2025-05-30 08:45:34','admin','2025-05-30 08:45:34'),(111,21,'Phiên bản Cadpro 4',1,1,'admin','2025-05-30 08:45:34','admin','2025-05-30 08:45:34'),(116,79,'1',1,1,'admin','2025-06-12 10:43:05','admin','2025-12-04 11:01:54'),(117,79,'2',2,1,'admin','2025-06-12 10:43:05','admin','2025-12-04 11:01:54'),(118,82,'v1',1,1,'admin','2025-07-09 02:01:14','admin','2025-08-01 01:59:12'),(119,82,'v2',2,1,'admin','2025-08-01 01:59:12','admin','2025-08-01 01:59:12'),(121,83,'v2',2,1,'admin','2025-08-06 07:32:28','admin','2025-11-28 01:32:11');
/*!40000 ALTER TABLE `v_vendor_version` ENABLE KEYS */;
UNLOCK TABLES;

--
-- Table structure for table `v_vms`
--

DROP TABLE IF EXISTS `v_vms`;
/*!40101 SET @saved_cs_client     = @@character_set_client */;
/*!50503 SET character_set_client = utf8mb4 */;
CREATE TABLE `v_vms` (
  `vms_name` varchar(255) DEFAULT NULL,
  `vms_type` varchar(255) DEFAULT NULL,
  `id` bigint NOT NULL AUTO_INCREMENT,
  `url` varchar(255) DEFAULT NULL,
  `user_name` varchar(255) DEFAULT NULL,
  `password` varchar(255) DEFAULT NULL,
  `created_date` datetime DEFAULT NULL,
  `created_by` varchar(255) DEFAULT NULL,
  `modified_date` datetime DEFAULT NULL,
  `modified_by` varchar(255) DEFAULT NULL,
  `status` int DEFAULT NULL,
  `tenant_id` int DEFAULT NULL,
  PRIMARY KEY (`id`)
) ENGINE=InnoDB AUTO_INCREMENT=3 DEFAULT CHARSET=utf8mb4 COLLATE=utf8mb4_0900_ai_ci;
/*!40101 SET character_set_client = @saved_cs_client */;

--
-- Dumping data for table `v_vms`
--

LOCK TABLES `v_vms` WRITE;
/*!40000 ALTER TABLE `v_vms` DISABLE KEYS */;
INSERT INTO `v_vms` VALUES ('viettel','viettel',1,'https://api-its.vtscloud.vn','itsapi','Vms@#$2099aA','2023-06-19 16:08:47',NULL,NULL,NULL,1,1),('viettel','viettel',2,'https://vmsapitest.vtscloud.vn','testt','Vms@#$2099aA',NULL,NULL,NULL,NULL,1,2);
/*!40000 ALTER TABLE `v_vms` ENABLE KEYS */;
UNLOCK TABLES;
SET @@SESSION.SQL_LOG_BIN = @MYSQLDUMP_TEMP_LOG_BIN;
/*!40103 SET TIME_ZONE=@OLD_TIME_ZONE */;

/*!40101 SET SQL_MODE=@OLD_SQL_MODE */;
/*!40014 SET FOREIGN_KEY_CHECKS=@OLD_FOREIGN_KEY_CHECKS */;
/*!40014 SET UNIQUE_CHECKS=@OLD_UNIQUE_CHECKS */;
/*!40101 SET CHARACTER_SET_CLIENT=@OLD_CHARACTER_SET_CLIENT */;
/*!40101 SET CHARACTER_SET_RESULTS=@OLD_CHARACTER_SET_RESULTS */;
/*!40101 SET COLLATION_CONNECTION=@OLD_COLLATION_CONNECTION */;
/*!40111 SET SQL_NOTES=@OLD_SQL_NOTES */;

-- Dump completed on 2026-05-13  9:55:08
